ReportID,SalesPersonID,ProductID,Quantity,TotalSalesValue,Country,CustomerID
Rep70101,C21844,PR6483,102,1115,Namibia,1
Rep70102,C21844,PR6251,102,1050,Iceland,2
Rep70103,C21844,PR6253,344,3490,Russia,3
Rep70104,C21844,PR6378,108,1095,Moldova ,4
Rep70105,C21844,PR6463,146,1055,Malta,5
Rep70106,C21844,PR6112,238,1495,Indonesia,6
Rep70107,C21844,PR6463,177,1090,Djibouti,7
Rep70108,C21844,PR6378,108,1095,Greece,8
Rep70109,C21844,PR6253,107,1015,Cameroon,9
Rep70110,C21844,PR6458,100,1040,Nigeria,10
Rep70111,C21844,PR6458,100,1040,Senegal,11
Rep70112,C21844,PR6463,177,1090,Afghanistan,12
Rep70113,C21844,PR6483,102,1115,India,13
Rep70114,C21844,PR6112,238,1495,Lebanon,14
Rep70115,C21844,PR6378,108,1095,Turkey,15
Rep70116,C21844,PR6320,153,5020,Iraq,16
Rep70117,C21844,PR6112,238,1495,Rwanda,17
Rep70118,C21844,PR6378,108,1095,Ukraine,18
Rep70119,C21844,PR6112,238,1495,Finland,19
Rep70120,C21844,PR6463,102,1030,South Sudan,20
Rep70121,C21844,PR6483,102,1115,Antigua and Barbuda ,21
Rep70122,C21844,PR6320,250,2625,Kuwait,22
Rep70123,C21844,PR6251,102,1050,United Kingdom,23
Rep70124,C21844,PR6251,102,1050,Saint Kitts and Nevis ,24
Rep70125,C21844,PR6320,186,1975,Antigua and Barbuda ,25
Rep70126,C21844,PR6483,102,1115,Saint Lucia,26
Rep70127,C21844,PR6458,100,1040,Kuwait,27
Rep70128,C21844,PR6463,177,1090,South Sudan,28
Rep70129,C21844,PR6458,100,1040,Tunisia ,29
Rep70130,C21844,PR6251,102,1050,Yemen,30
Rep70131,C21840,PR6115,544,2325,Guinea,31
Rep70132,C21840,PR6115,344,2060,Tuvalu,32
Rep70133,C21840,PR6632,144,1140,South Korea,33
Rep70134,C21840,PR6115,344,2060,San Marino,34
Rep70135,C21840,PR6124,377,4625,Trinidad and Tobago,35
Rep70136,C21840,PR6231,303,2810,Kosovo,36
Rep70137,C21840,PR6231,2322,11845,Hungary,37
Rep70138,C21840,PR6238,100,1055,Botswana,38
Rep70139,C21840,PR6119,5491,46910,Turkey,39
Rep70140,C21840,PR6230,106,1065,Serbia,40
Rep70141,C21840,PR6120,1955,12445,Guatemala,41
Rep70142,C21840,PR6231,368,1760,United Arab Emirates,42
Rep70143,C21840,PR6230,791,6870,Samoa ,43
Rep70144,C21840,PR6231,1433,8590,Botswana,44
Rep70145,C21840,PR6124,377,4625,Bahrain,45
Rep70146,C21840,PR6115,4633,24270,Saint Vincent and the Grenadines,46
Rep70147,C21840,PR6119,211,1555,Pakistan,47
Rep70148,C21840,PR6124,377,4625,Hungary,48
Rep70149,C21840,PR6248,102,1260,Poland,49
Rep70150,C21840,PR6633,367,10090,Tunisia ,50
Rep70151,C21840,PR6120,961,4060,Lithuania,51
Rep70152,C21840,PR6120,3822,17625,Samoa ,52
Rep70153,C21840,PR6124,377,4625,Sudan,53
Rep70154,C21840,PR6120,655,3025,Portugal,54
Rep70155,C21840,PR6120,3816,20740,Fiji,55
Rep70156,C21840,PR6115,16522,102430,Tanzania,56
Rep70157,C21840,PR6241,170,1120,Sao Tome and Principe,57
Rep70158,C21840,PR6165,111,1120,Cape Verde,58
Rep70159,C21840,PR6633,143,9835,Lebanon,59
Rep70160,C21840,PR6241,332,1750,Greenland,60
Rep70161,C21840,PR6120,1766,8380,Guinea-Bissau,61
Rep70162,C21840,PR6119,750,4050,Georgia,62
Rep70163,C21840,PR6115,8308,48705,Jamaica,63
Rep70164,C21840,PR6395,126,1125,Bulgaria,64
Rep70165,C21840,PR6241,107,1200,Kazakhstan,65
Rep70166,C21840,PR6115,8308,48705,Rwanda,66
Rep70167,C21840,PR6231,443,2015,Grenada,67
Rep70168,C21840,PR6115,594,3415,Honduras,68
Rep70169,C21840,PR6119,5344,42835,Mongolia,69
Rep70170,C21840,PR6115,6411,24645,Belize,70
Rep70171,C21840,PR6632,101,1075,United States of America,71
Rep70172,C21840,PR6115,655,2655,South Africa,72
Rep70173,C21840,PR6115,655,2655,Austria,73
Rep70174,C21840,PR6119,3333,19600,Marshall Islands,74
Rep70175,C21840,PR6235,112,2415,Sierra Leone,75
Rep70176,C21840,PR6119,577,6380,Romania,76
Rep70177,C21840,PR6120,780,3740,Malaysia,77
Rep70178,C21840,PR6633,367,10090,Hungary,78
Rep70179,C21840,PR6231,1118,8555,New Zealand,79
Rep70180,C21840,PR6230,100,1255,Mozambique,80
Rep70181,C21840,PR6234,1526,24845,Namibia,81
Rep70182,C21840,PR6115,4400,25240,Tunisia ,82
Rep70183,C21840,PR6119,219,2345,Somalia,83
Rep70184,C21840,PR6119,750,4050,Denmark,84
Rep70185,C21840,PR6231,680,5310,Solomon Islands,85
Rep70186,C21840,PR6115,8308,48705,Vanuatu,86
Rep70187,C21840,PR6633,156,2765,Singapore,87
Rep70188,C21840,PR6230,112,1070,Luxembourg,88
Rep70189,C21840,PR6231,171,5570,Australia,89
Rep70190,C21840,PR6632,127,1595,Brunei,90
Rep70191,C21840,PR6628,158,4895,Papua New Guinea,91
Rep70192,C21840,PR6120,2255,11465,Romania,92
Rep70193,C21840,PR6632,113,1820,Kyrgyzstan,93
Rep70194,C21840,PR6120,961,4060,Chad,94
Rep70195,C21840,PR6227,431,3930,Somalia,95
Rep70196,C21840,PR6628,158,4895,Togo,96
Rep70197,C21840,PR6628,158,4895,Mali,97
Rep70198,C21840,PR6119,9438,80380,San Marino,98
Rep70199,C21840,PR6253,107,1030,Croatia,99
Rep70200,C21840,PR6632,144,1140,Taiwan,100
Rep70201,C21840,PR6633,238,21240,Barbados,101
Rep70202,C21840,PR6120,961,4060,Equatorial Guinea,102
Rep70203,C21840,PR6120,616,2835,Guatemala,103
Rep70204,C21840,PR6119,4127,68405,United Kingdom,104
Rep70205,C21840,PR6633,166,5625,Equatorial Guinea,105
Rep70206,C21840,PR6248,102,1260,Tanzania,106
Rep70207,C21840,PR6119,750,4050,Ukraine,107
Rep70208,C21840,PR6231,266,2675,Canada,108
Rep70209,C21840,PR6628,127,3120,Eritrea,109
Rep70210,C21840,PR6119,2966,27315,Georgia,110
Rep70211,C21840,PR6248,102,1260,Poland,111
Rep70212,C21840,PR6628,135,4560,Mexico,112
Rep70213,C21840,PR6633,353,7795,Papua New Guinea,113
Rep70214,C21840,PR6632,101,1035,Ukraine,114
Rep70215,C21840,PR6253,107,1030,Niger,115
Rep70216,C21840,PR6238,114,1040,New Zealand,116
Rep70217,C21840,PR6115,4766,17315,Nigeria,117
Rep70218,C21840,PR6253,138,1230,Madagascar,118
Rep70219,C21840,PR6231,1816,3750,Kazakhstan,119
Rep70220,C21840,PR6248,112,1685,Kuwait,120
Rep70221,C21840,PR6115,1497,9360,Gabon,121
Rep70222,C21840,PR6231,1242,6115,El Salvador,122
Rep70223,C21840,PR6115,5719,31460,Sweden,123
Rep70224,C21840,PR6116,208,1580,Angola,124
Rep70225,C21840,PR6115,1766,8410,Sri Lanka,125
Rep70226,C21840,PR6119,338,3695,Cyprus,126
Rep70227,C21840,PR6253,107,1020,Honduras,127
Rep70228,C21840,PR6230,538,4120,Ethiopia,128
Rep70229,C21840,PR6124,377,4625,Denmark,129
Rep70230,C21840,PR6115,877,3320,Iceland,130
Rep70231,C21840,PR6629,101,1205,Liberia,131
Rep70232,C21840,PR6633,319,22345,South Africa,132
Rep70233,C21840,PR6115,6833,27330,Mali,133
Rep70234,C21840,PR6120,616,2840,Egypt,134
Rep70235,C21840,PR6253,103,1065,Moldova ,135
Rep70236,C21840,PR6628,256,4900,Montenegro,136
Rep70237,C21840,PR6230,956,16665,Nauru,137
Rep70238,C21840,PR6248,101,1035,Sri Lanka,138
Rep70239,C21840,PR6629,101,1205,Kiribati,139
Rep70240,C21840,PR6230,190,1305,Senegal,140
Rep70241,C21840,PR6253,103,1010,Iran,141
Rep70242,C21840,PR6238,110,1015,Grenada,142
Rep70243,C21840,PR6633,367,10090,Democratic Republic of the Congo,143
Rep70244,C21840,PR6124,377,4625,Vatican City,144
Rep70245,C21840,PR6231,413,1895,South Sudan,145
Rep70246,C21840,PR6119,750,4050,North Korea,146
Rep70247,C21840,PR6112,126,1440,Jordan,147
Rep70248,C21840,PR6632,101,1035,Sao Tome and Principe,148
Rep70249,C21840,PR6633,443,18340,Romania,149
Rep70250,C21840,PR6632,100,1085,Seychelles ,150
Rep70251,C21840,PR6632,108,1465,Gabon,151
Rep70252,C21840,PR6230,875,8750,Tunisia ,152
Rep70253,C21840,PR6120,1780,8935,France,153
Rep70254,C21840,PR6119,3136,28795,Montenegro,154
Rep70255,C21840,PR6119,750,4050,Mali,155
Rep70256,C21840,PR6231,1404,7380,Taiwan,156
Rep70257,C21840,PR6116,483,3925,Fiji,157
Rep70258,C21840,PR6618,101,1045,Lebanon,158
Rep70259,C21840,PR6115,4988,28285,Guinea,159
Rep70260,C21840,PR6231,191,1320,Sierra Leone,160
Rep70261,C21840,PR6632,144,1140,Honduras,161
Rep70262,C21840,PR6231,277,1575,Greenland,162
Rep70263,C21840,PR6120,961,4060,Indonesia,163
Rep70264,C21840,PR6124,377,4625,Togo,164
Rep70265,C21840,PR6120,2277,12735,Mauritius ,165
Rep70266,C22075,PR6253,147,1450,Sierra Leone,166
Rep70267,C22075,PR6409,105,1050,Cambodia,167
Rep70268,C22075,PR6223,115,1260,Jamaica,168
Rep70269,C22075,PR6582,105,1130,Kiribati,169
Rep70270,C22075,PR6221,144,1195,Dominican Republic,170
Rep70271,C22075,PR6628,111,2080,Tajikistan,171
Rep70272,C22075,PR6689,105,1325,Netherlands,172
Rep70273,C22075,PR6575,133,1560,Iceland,173
Rep70274,C22075,PR6221,113,1105,Taiwan,174
Rep70275,C22075,PR6112,142,1645,Gabon,175
Rep70276,C22075,PR6229,120,1610,Guinea-Bissau,176
Rep70277,C22075,PR6223,102,1025,United States of America,177
Rep70278,C21905,PR6116,439,2585,Rwanda,178
Rep70279,C21905,PR6220,106,1205,Cyprus,179
Rep70280,C21905,PR6246,1350,7690,Brunei,180
Rep70281,C21905,PR6229,121,1125,Seychelles ,181
Rep70282,C21905,PR6112,151,1260,Jordan,182
Rep70283,C21905,PR6253,104,1130,Pakistan,183
Rep70284,C21905,PR6615,2161,11235,Barbados,184
Rep70285,C21905,PR6245,911,2760,Comoros,185
Rep70286,C21905,PR6245,823,2125,The Bahamas,186
Rep70287,C21905,PR6371,102,1055,South Sudan,187
Rep70288,C21905,PR6116,811,4420,Nigeria,188
Rep70289,C21905,PR6334,310,2235,Ukraine,189
Rep70290,C21905,PR6463,102,1035,France,190
Rep70291,C21905,PR6615,1205,7115,Burundi,191
Rep70292,C21905,PR6220,143,1525,Syria,192
Rep70293,C21905,PR6112,148,1230,Botswana,193
Rep70294,C21905,PR6395,118,1925,Papua New Guinea,194
Rep70295,C21905,PR6334,320,2335,Kazakhstan,195
Rep70296,C21905,PR6463,103,1050,Jordan,196
Rep70297,C21905,PR6371,102,1050,Dominican Republic,197
Rep70298,C21905,PR6334,279,2125,Namibia,198
Rep70299,C21905,PR6322,106,1045,Hungary,199
Rep70300,C21905,PR6463,102,1025,Malaysia,200
Rep70301,C21905,PR6245,433,2025,Burundi,201
Rep70302,C21905,PR6334,180,1535,Estonia,202
Rep70303,C21905,PR6615,1028,5610,Malaysia,203
Rep70304,C21905,PR6322,101,1045,Bosnia and Herzegovina,204
Rep70305,C21905,PR6334,335,2235,Finland,205
Rep70306,C21905,PR6334,262,1875,Tanzania,206
Rep70307,C21905,PR6371,106,1090,United States of America,207
Rep70308,C21905,PR6334,166,1515,Austria,208
Rep70309,C21905,PR6246,1271,7210,Tonga,209
Rep70310,C21905,PR6334,333,2235,Zambia,210
Rep70311,C21905,PR6615,752,4600,Morocco,211
Rep70312,C22217,PR6115,11266,39455,Monaco,212
Rep70313,C22217,PR6115,11233,39340,Cambodia,213
Rep70314,C22217,PR6115,11322,39645,Lesotho,214
Rep70315,C22217,PR6115,11344,39725,Portugal,215
Rep70316,C22217,PR6115,11255,46715,Afghanistan,216
Rep70317,C22217,PR6115,11277,39495,Nigeria,217
Rep70318,C22217,PR6115,11344,39725,Kiribati,218
Rep70319,C22217,PR6115,9544,33525,Comoros,219
Rep70320,C22217,PR6115,12227,39265,Namibia,220
Rep70321,C22217,PR6115,4366,18090,Sierra Leone,221
Rep70322,C22217,PR6115,11311,39610,The Gambia,222
Rep70323,C22217,PR6115,12227,46485,Germany,223
Rep70324,C22217,PR6115,11311,39610,Tanzania,224
Rep70325,C22217,PR6115,12227,39265,Slovenia,225
Rep70326,C22217,PR6115,4366,18090,Benin,226
Rep70327,C22217,PR6115,11266,39455,Mauritius ,227
Rep70328,C22217,PR6115,11422,47400,Ethiopia,228
Rep70329,C22217,PR6115,11288,39530,Turkmenistan,229
Rep70330,C22217,PR6115,11266,39455,Kyrgyzstan,230
Rep70331,C22217,PR6115,11266,46760,Slovenia,231
Rep70332,C22217,PR6115,11288,46850,Lesotho,232
Rep70333,C22217,PR6115,3132,19025,Jordan,233
Rep70334,C22217,PR6115,11266,46760,France,234
Rep70335,C22217,PR6115,11322,46990,Lesotho,235
Rep70336,C22217,PR6115,11377,47215,Malta,236
Rep70337,C22217,PR6115,11322,39645,Maldives,237
Rep70338,C22217,PR6115,11266,39455,Marshall Islands,238
Rep70339,C22217,PR6115,11322,39645,Sri Lanka,239
Rep70340,C22217,PR6115,11322,39645,Laos,240
Rep70341,C22217,PR6115,6988,28590,Jordan,241
Rep70342,C22217,PR6115,11288,46850,Somalia,242
Rep70343,C22217,PR6115,4366,18090,Sierra Leone,243
Rep70344,C22217,PR6115,12227,39265,Tajikistan,244
Rep70345,C22217,PR6115,11255,46715,Marshall Islands,245
Rep70346,C22217,PR6115,11288,46850,Saint Vincent and the Grenadines,246
Rep70347,C22217,PR6115,144,1565,Romania,247
Rep70348,C22217,PR6115,844,2425,Tuvalu,248
Rep70349,C22217,PR6115,12227,39265,Equatorial Guinea,249
Rep70350,C22217,PR6115,11233,46625,Cuba,250
Rep70351,C22217,PR6115,12227,39265,Bulgaria,251
Rep70352,C22217,PR6115,655,4605,Myanmar,252
Rep70353,C22217,PR6115,6988,27970,Solomon Islands,253
Rep70354,C22217,PR6115,11244,39380,Montenegro,254
Rep70355,C22217,PR6115,4366,17705,Malawi,255
Rep70356,C22217,PR6115,655,4605,Mali,256
Rep70357,C22217,PR6115,12227,39265,Maldives,257
Rep70358,C22217,PR6115,11344,47080,Nicaragua,258
Rep70359,C22217,PR6115,11255,39415,Germany,259
Rep70360,C22217,PR6115,11333,39685,Belize,260
Rep70361,C22217,PR6115,144,12825,Montenegro,261
Rep70362,C22217,PR6115,111,39455,Antigua and Barbuda ,262
Rep70363,C22217,PR6115,11266,39455,Ireland,263
Rep70364,C22217,PR6115,6988,28590,Guinea,264
Rep70365,C22217,PR6115,11266,39455,Russia,265
Rep70366,C22217,PR6115,6988,27970,Nicaragua,266
Rep70367,C22217,PR6115,11288,39530,Yemen,267
Rep70368,C22217,PR6115,655,4605,Mauritania,268
Rep70369,C22217,PR6115,166,1380,Costa Rica,269
Rep70370,C22217,PR6115,11188,46440,Tunisia ,270
Rep70371,C22217,PR6115,11288,39530,Montenegro,271
Rep70372,C22217,PR6115,6988,28590,Taiwan,272
Rep70373,C22217,PR6115,11311,39610,Azerbaijan,273
Rep70374,C22217,PR6115,11255,46715,Niger,274
Rep70375,C22217,PR6115,12227,39265,Austria,275
Rep70376,C22217,PR6115,11344,39725,Maldives,276
Rep70377,C22217,PR6115,11288,46850,Nicaragua,277
Rep70378,C22217,PR6115,12140,39265,Guinea-Bissau,278
Rep70379,C22217,PR6115,4366,18090,Saudi Arabia,279
Rep70380,C22217,PR6115,11288,39530,Singapore,280
Rep70381,C22217,PR6115,11255,46715,Latvia,281
Rep70382,C22217,PR6115,12227,39265,Slovenia,282
Rep70383,C22217,PR6115,11277,39495,Botswana,283
Rep70384,C22217,PR6115,6988,28590,Guatemala,284
Rep70385,C22217,PR6115,11244,46670,Seychelles ,285
Rep70386,C22217,PR6115,11311,39610,Ireland,286
Rep70387,C22217,PR6115,11311,39610,Brunei,287
Rep70388,C22217,PR6115,11266,39455,Tuvalu,288
Rep70389,C22217,PR6115,11333,39685,Moldova ,289
Rep70390,C22217,PR6115,11322,39645,Senegal,290
Rep70391,C22217,PR6115,4633,18750,Angola,291
Rep70392,C22217,PR6115,11277,39495,Trinidad and Tobago,292
Rep70393,C22217,PR6115,11333,39685,Ukraine,293
Rep70394,C22217,PR6115,100,4605,Croatia,294
Rep70395,C22326,PR6257,12588,19805,India,295
Rep70396,C22326,PR6115,794,3605,Brunei,296
Rep70397,C22326,PR6257,13422,21095,Ukraine,297
Rep70398,C22326,PR6273,806,3340,Egypt,298
Rep70399,C22326,PR6254,3538,7630,Ukraine,299
Rep70400,C22326,PR6273,806,3340,Romania,300
Rep70401,C22326,PR6257,12955,20460,Nigeria,301
Rep70402,C22326,PR6257,13255,20820,Namibia,302
Rep70403,C22326,PR6257,13444,21170,Canada,303
Rep70404,C22326,PR6115,155,1200,Moldova ,304
Rep70405,C22326,PR6115,377,2105,Tanzania,305
Rep70406,C22326,PR6115,933,4105,Cape Verde,306
Rep70407,C22326,PR6115,933,4105,San Marino,307
Rep70408,C22326,PR6257,13277,20560,Belgium,308
Rep70409,C22326,PR6257,12033,18895,Myanmar,309
Rep70410,C22326,PR6257,13255,20820,Egypt,310
Rep70411,C22326,PR6273,718,3095,Guinea,311
Rep70412,C22326,PR6257,13255,20820,Serbia,312
Rep70413,C22326,PR6115,794,3605,Mozambique,313
Rep70414,C22326,PR6254,3538,7630,Benin,314
Rep70415,C22326,PR6257,12033,18895,Malawi,315
Rep70416,C22326,PR6273,2366,6370,Latvia,316
Rep70417,C22326,PR6257,12033,18895,Switzerland,317
Rep70418,C22326,PR6115,794,3605,Dominican Republic,318
Rep70419,C22326,PR6273,630,2770,Tuvalu,319
Rep70420,C22326,PR6273,630,2755,Monaco,320
Rep70421,C22326,PR6257,12555,19860,United States of America,321
Rep70422,C22326,PR6273,806,3340,France,322
Rep70423,C22326,PR6115,933,4105,Equatorial Guinea,323
Rep70424,C22326,PR6254,3538,7630,Bhutan,324
Rep70425,C22326,PR6273,2077,7555,Georgia,325
Rep70426,C22326,PR6115,794,3605,Finland,326
Rep70427,C22326,PR6115,377,2000,Netherlands,327
Rep70428,C22254,PR6253,3288,31705,Vatican City,328
Rep70429,C22254,PR6115,11433,46660,Cyprus,329
Rep70430,C22254,PR6253,448,3975,Solomon Islands,330
Rep70431,C22254,PR6253,202,2725,Canada,331
Rep70432,C22254,PR6253,3288,32590,Italy,332
Rep70433,C22254,PR6182,272,2115,Sierra Leone,333
Rep70434,C22254,PR6208,175,1635,Botswana,334
Rep70435,C22254,PR6115,10405,42110,Kosovo,335
Rep70436,C22254,PR6253,2188,11420,Bhutan,336
Rep70437,C22254,PR6276,161,1880,Latvia,337
Rep70438,C22254,PR6182,458,4705,Mauritius ,338
Rep70439,C22254,PR6253,757,7055,Monaco,339
Rep70440,C22254,PR6253,448,3925,Lesotho,340
Rep70441,C22254,PR6182,172,1760,Bosnia and Herzegovina,341
Rep70442,C22254,PR6135,136,1850,Namibia,342
Rep70443,C22254,PR6135,350,9380,Laos,343
Rep70444,C22254,PR6135,136,1850,Turkmenistan,344
Rep70445,C22254,PR6182,172,1760,Brunei,345
Rep70446,C22254,PR6135,206,2650,Sri Lanka,346
Rep70447,C22254,PR6552,116,1120,Central African Republic,347
Rep70448,C22254,PR6182,172,1760,Netherlands,348
Rep70449,C22254,PR6135,151,2205,Australia,349
Rep70450,C22254,PR6182,450,5650,Laos,350
Rep70451,C22254,PR6250,119,1210,Djibouti,351
Rep70452,C22254,PR6276,186,2975,Vietnam,352
Rep70453,C22254,PR6351,272,7905,Moldova ,353
Rep70454,C22254,PR6253,2823,27105,Singapore,354
Rep70455,C22254,PR6276,127,1975,Costa Rica,355
Rep70456,C22254,PR6135,641,8245,Nicaragua,356
Rep70457,C22254,PR6253,757,6650,Nauru,357
Rep70458,C22254,PR6135,131,3305,Panama,358
Rep70459,C22254,PR6182,208,2295,Nicaragua,359
Rep70460,C22254,PR6253,202,2725,Belgium,360
Rep70461,C22254,PR6115,10405,42110,Togo,361
Rep70462,C22254,PR6135,152,2145,South Korea,362
Rep70463,C22254,PR6250,119,1210,Bulgaria,363
Rep70464,C22254,PR6253,794,6950,Costa Rica,364
Rep70465,C22254,PR6135,1315,13940,Angola,365
Rep70466,C22254,PR6253,2823,27105,Kenya,366
Rep70467,C22254,PR6135,206,2650,Brunei,367
Rep70468,C22254,PR6253,2188,11070,Sao Tome and Principe,368
Rep70469,C22254,PR6182,308,3230,Angola,369
Rep70470,C22254,PR6276,127,1950,Libya,370
Rep70471,C22254,PR6250,108,1280,Algeria,371
Rep70472,C22254,PR6208,499,3075,Greenland,372
Rep70473,C22254,PR6276,127,1950,Belarus,373
Rep70474,C22254,PR6276,1044,10345,Gabon,374
Rep70475,C22254,PR6182,372,4080,Turkmenistan,375
Rep70476,C22254,PR6253,448,3925,Japan,376
Rep70477,C22254,PR6276,319,4520,Papua New Guinea,377
Rep70478,C22254,PR6253,100,1130,Mauritius ,378
Rep70479,C22254,PR6135,472,4780,Germany,379
Rep70480,C22254,PR6135,175,2315,Ghana,380
Rep70481,C22254,PR6135,1200,11210,Philippines,381
Rep70482,C22254,PR6135,131,3305,Mali,382
Rep70483,C22254,PR6135,206,2650,Somalia,383
Rep70484,C22254,PR6250,170,1300,Tajikistan,384
Rep70485,C22254,PR6276,1044,10345,Maldives,385
Rep70486,C22254,PR6135,131,3305,Turkmenistan,386
Rep70487,C22254,PR6182,450,5650,Iran,387
Rep70488,C22254,PR6182,569,5760,Switzerland,388
Rep70489,C22254,PR6182,450,5650,Czech Republic,389
Rep70490,C22254,PR6250,116,1160,Jordan,390
Rep70491,C22254,PR6253,3288,31705,Costa Rica,391
Rep70492,C22254,PR6208,499,3075,Finland,392
Rep70493,C22254,PR6253,202,2675,Saudi Arabia,393
Rep70494,C22254,PR6135,308,4390,Latvia,394
Rep70495,C22254,PR6135,1215516,13940,Sao Tome and Principe,395
Rep70496,C22254,PR6253,202,2675,China,396
Rep70497,C22254,PR6351,261,7895,Pakistan,397
Rep70498,C22254,PR6276,144,2530,Algeria,398
Rep70499,C22254,PR6115,11433,46660,Liechtenstein,399
Rep70500,C22254,PR6135,368,5075,New Zealand,400
Rep70501,C22254,PR6253,465,3195,Cameroon,401
Rep70502,C22254,PR6351,586,21195,Sierra Leone,402
Rep70503,C22254,PR6253,202,2675,Saint Kitts and Nevis ,403
Rep70504,C22254,PR6135,411,6285,Antigua and Barbuda ,404
Rep70505,C22254,PR6135,221,4835,Kazakhstan,405
Rep70506,C22254,PR6175,225,1835,Marshall Islands,406
Rep70507,C22254,PR6250,119,1210,Palau,407
Rep70508,C22254,PR6182,272,2115,Morocco,408
Rep70509,C22254,PR6175,400,3510,Cape Verde,409
Rep70510,C22254,PR6253,757,6650,Liberia,410
Rep70511,C22254,PR6250,119,1230,Lesotho,411
Rep70512,C22254,PR6276,711,4095,France,412
Rep70513,C22254,PR6135,136,1850,Japan,413
Rep70514,C22254,PR6253,202,2675,Mauritania,414
Rep70515,C22254,PR6115,11483,46385,Switzerland,415
Rep70516,C22254,PR6250,170,1300,Greece,416
Rep70517,C22254,PR6115,10405,42600,Slovenia,417
Rep70518,C22254,PR6276,1044,10345,Macedonia,418
Rep70519,C22254,PR6135,145,1785,Mexico,419
Rep70520,C22254,PR6135,1315,13940,Angola,420
Rep70521,C22254,PR6175,225,1835,Portugal,421
Rep70522,C22254,PR6253,202,2675,Brunei,422
Rep70523,C22254,PR6135,690,8915,Belarus,423
Rep70524,C22254,PR6276,144,2530,Saint Vincent and the Grenadines,424
Rep70525,C22254,PR6253,757,6650,Finland,425
Rep70526,C22254,PR6182,272,2115,Bangladesh,426
Rep70527,C22254,PR6253,3288,31705,Azerbaijan,427
Rep70528,C22254,PR6175,225,1880,Eritrea,428
Rep70529,C22254,PR6253,202,2675,United States of America,429
Rep70530,C22254,PR6462,1877,7815,Liberia,430
Rep70531,C22254,PR6115,10405,42110,The Bahamas,431
Rep70532,C22254,PR6175,296,2660,Denmark,432
Rep70533,C22254,PR6250,170,1300,Slovakia,433
Rep70534,C22254,PR6351,586,21195,Liberia,434
Rep70535,C22254,PR6276,127,1950,Swaziland,435
Rep70536,C22254,PR6208,499,3075,Niger,436
Rep70537,C22254,PR6182,272,2150,Barbados,437
Rep70538,C22254,PR6253,7101,60160,Liechtenstein,438
Rep70539,C22254,PR6253,2188,11070,The Bahamas,439
Rep70540,C22254,PR6253,448,3925,Trinidad and Tobago,440
Rep70541,C22254,PR6182,208,2295,Iraq,441
Rep70542,C22254,PR6135,118,1440,India,442
Rep70543,C22254,PR6276,711,4095,Solomon Islands,443
Rep70544,C22254,PR6462,1711,3550,Kuwait,444
Rep70545,C22254,PR6351,586,21195,Ethiopia,445
Rep70546,C22254,PR6253,2188,11070,Myanmar,446
Rep70547,C22254,PR6276,144,2530,United States of America,447
Rep70548,C22254,PR6135,131,3415,South Africa,448
Rep70549,C22254,PR6175,305,2620,Botswana,449
Rep70550,C22254,PR6253,468,4030,Samoa ,450
Rep70551,C22254,PR6253,5475,31775,Burkina Faso,451
Rep70552,C22254,PR6135,206,2700,Maldives,452
Rep70553,C22254,PR6175,225,1835,Germany,453
Rep70554,C22254,PR6182,172,1820,Philippines,454
Rep70555,C22254,PR6276,225,3225,Guinea,455
Rep70556,C21878,PR6116,135,2280,Pakistan,456
Rep70557,C21878,PR6134,104,1175,Morocco,457
Rep70558,C21878,PR6116,437,8835,South Africa,458
Rep70559,C21878,PR6297,142,3120,Saudi Arabia,459
Rep70560,C21878,PR6294,108,3380,Democratic Republic of the Congo,460
Rep70561,C21878,PR6253,155,2530,Saint Kitts and Nevis ,461
Rep70562,C21878,PR6548,1811,11305,Central African Republic,462
Rep70563,C21878,PR6253,200,2430,San Marino,463
Rep70564,C21878,PR6116,437,8835,Samoa ,464
Rep70565,C21878,PR6116,292,5305,North Korea,465
Rep70566,C21878,PR6210,102,1145,Samoa ,466
Rep70567,C21878,PR6253,155,2530,Uganda,467
Rep70568,C21878,PR6548,1811,11305,Italy,468
Rep70569,C21878,PR6294,108,3380,Rwanda,469
Rep70570,C21878,PR6115,101,1060,Tajikistan,470
Rep70571,C21878,PR6548,1811,11305,Australia,471
Rep70572,C21878,PR6130,156,2075,Greece,472
Rep70573,C21878,PR6115,102,1060,Monaco,473
Rep70574,C21878,PR6210,118,2690,Canada,474
Rep70575,C21878,PR6116,437,8835,Kiribati,475
Rep70576,C21878,PR6130,233,2035,Bulgaria,476
Rep70577,C21878,PR6189,102,1090,Pakistan,477
Rep70578,C21878,PR6548,1811,11305,Jamaica,478
Rep70579,C21878,PR6294,108,3380,Georgia,479
Rep70580,C21878,PR6253,116,2150,Saint Lucia,480
Rep70581,C21878,PR6294,108,3380,Honduras,481
Rep70582,C21878,PR6294,106,2530,Madagascar,482
Rep70583,C21878,PR6134,211,3005,Costa Rica,483
Rep70584,C21878,PR6116,352,6450,The Gambia,484
Rep70585,C21878,PR6115,100,1030,China,485
Rep70586,C21878,PR6210,110,1445,Poland,486
Rep70587,C21878,PR6294,106,2210,Cambodia,487
Rep70588,C21878,PR6253,155,2530,Laos,488
Rep70589,C21878,PR6294,106,2495,Sao Tome and Principe,489
Rep70590,C21878,PR6253,116,2150,Brunei,490
Rep70591,C21878,PR6253,116,2150,Maldives,491
Rep70592,C21878,PR6294,100,1045,Papua New Guinea,492
Rep70593,C21878,PR6253,155,2530,Spain,493
Rep70594,C21878,PR6253,113,1925,Sierra Leone,494
Rep70595,C21878,PR6130,159,1495,Bahrain,495
Rep70596,C21878,PR6253,116,2150,South Sudan,496
Rep70597,C21878,PR6297,117,1655,Ireland,497
Rep70598,C21878,PR6297,101,1220,Moldova ,498
Rep70599,C21878,PR6253,110,1760,Cameroon,499
Rep70600,C21878,PR6210,158,3705,Kuwait,500
Rep70601,C21878,PR6548,4100,18380,Tanzania,501
Rep70602,C21878,PR6297,108,1840,Sri Lanka,502
Rep70603,C21878,PR6548,1455,7015,North Korea,503
Rep70604,C21878,PR6130,132,1185,Denmark,504
Rep70605,C21878,PR6116,331,6080,Poland,505
Rep70606,C21878,PR6297,136,2115,Bosnia and Herzegovina,506
Rep70607,C21878,PR6204,103,1120,Angola,507
Rep70608,C21878,PR6294,110,2725,Cape Verde,508
Rep70609,C21878,PR6282,105,1140,Romania,509
Rep70610,C21878,PR6297,166,1765,Moldova ,510
Rep70611,C21878,PR6116,437,8835,Australia,511
Rep70612,C21878,PR6282,102,1040,Burundi,512
Rep70613,C21878,PR6204,101,1055,Denmark,513
Rep70614,C21878,PR6294,110,2380,Sudan,514
Rep70615,C21878,PR6297,102,1165,Somalia,515
Rep70616,C21423,PR6282,2066,7245,Chad,516
Rep70617,C21423,PR6350,7744,92965,Poland,517
Rep70618,C21423,PR6184,256,2040,Maldives,518
Rep70619,C21423,PR6350,3469,41210,India,519
Rep70620,C21423,PR6282,9297,44700,Egypt,520
Rep70621,C21423,PR6259,5372,21600,Tunisia ,521
Rep70622,C21423,PR6115,655,5025,Luxembourg,522
Rep70623,C21423,PR6282,2594,2455,Burundi,523
Rep70624,C21423,PR6552,10305,11630,Serbia,524
Rep70625,C21423,PR6282,649,11160,Tajikistan,525
Rep70626,C21423,PR6350,105,1070,Bosnia and Herzegovina,526
Rep70627,C21423,PR6282,3849,17595,Honduras,527
Rep70628,C21423,PR6282,2616,15275,North Korea,528
Rep70629,C21423,PR6268,7063,16755,Russia,529
Rep70630,C21423,PR6282,1674,8155,Afghanistan,530
Rep70631,C21423,PR6282,2583,9585,Saudi Arabia,531
Rep70632,C21423,PR6367,447,4145,Andorra,532
Rep70633,C21423,PR6259,9231,40770,Comoros,533
Rep70634,C21423,PR6268,241,1590,Germany,534
Rep70635,C21423,PR6367,12979,6090,Marshall Islands,535
Rep70636,C21423,PR6268,3433,8050,Belize,536
Rep70637,C21423,PR6552,10816,3005,Somalia,537
Rep70638,C21423,PR6350,113,1315,Finland,538
Rep70639,C21423,PR6282,2876,13240,Afghanistan,539
Rep70640,C21423,PR6282,2245,10875,Estonia,540
Rep70641,C21423,PR6282,333,2230,Russia,541
Rep70642,C21423,PR6282,3200,11440,Slovenia,542
Rep70643,C21423,PR6211,909,5295,Turkey,543
Rep70644,C21423,PR6282,161,1280,Tonga,544
Rep70645,C21423,PR6350,3494,39005,Mali,545
Rep70646,C21423,PR6282,2934,13745,Saudi Arabia,546
Rep70647,C21423,PR6259,8266,39410,Botswana,547
Rep70648,C21423,PR6350,7179,84275,Zimbabwe,548
Rep70649,C21423,PR6282,4226,19370,Trinidad and Tobago,549
Rep70650,C21423,PR6549,4299,13475,New Zealand,550
Rep70651,C21423,PR6282,2932,13730,Malawi,551
Rep70652,C21423,PR6211,1202,4670,Mexico,552
Rep70653,C21423,PR6211,443,2015,Macedonia,553
Rep70654,C21423,PR6282,2095,9135,Mongolia,554
Rep70655,C21423,PR6282,7158,30325,South Korea,555
Rep70656,C21423,PR6367,167,1300,United Arab Emirates,556
Rep70657,C21423,PR6282,1068,4070,Switzerland,557
Rep70658,C21423,PR6367,447,4145,Bhutan,558
Rep70659,C21423,PR6350,155,2790,Niger,559
Rep70660,C21423,PR6211,443,2015,Slovakia,560
Rep70661,C21423,PR6350,106,1125,Denmark,561
Rep70662,C21423,PR6282,367,1865,Uzbekistan,562
Rep70663,C21423,PR6268,7044,15680,United States of America,563
Rep70664,C21423,PR6259,216,1560,Jamaica,564
Rep70665,C21423,PR6350,1417,16650,Austria,565
Rep70666,C21423,PR6184,256,2040,South Sudan,566
Rep70667,C21423,PR6184,278,2245,Grenada,567
Rep70668,C21423,PR6282,669,7680,Maldives,568
Rep70669,C21423,PR6259,16578,78825,Liberia,569
Rep70670,C21423,PR6367,1307,6325,Saint Kitts and Nevis ,570
Rep70671,C21423,PR6259,17033,54915,Liechtenstein,571
Rep70672,C21423,PR6367,5906,26480,Tunisia ,572
Rep70673,C21423,PR6282,480,2085,Somalia,573
Rep70674,C21423,PR6282,1619,7830,Namibia,574
Rep70675,C21423,PR6350,758,8680,Germany,575
Rep70676,C21423,PR6282,948,3745,Antigua and Barbuda ,576
Rep70677,C21423,PR6282,2616,15275,North Korea,577
Rep70678,C21423,PR6188,1002,15400,Sao Tome and Principe,578
Rep70679,C21423,PR6184,278,2245,Sierra Leone,579
Rep70680,C21423,PR6282,377,1945,Latvia,580
Rep70681,C21423,PR6282,158,1310,Honduras,581
Rep70682,C21423,PR6259,17033,54915,Sri Lanka,582
Rep70683,C21423,PR6115,238,1785,France,583
Rep70684,C21423,PR6549,3540,11920,Iran,584
Rep70685,C21423,PR6350,1417,16650,Georgia,585
Rep70686,C21423,PR6350,3617,45065,Cambodia,586
Rep70687,C21423,PR6350,685,8640,Jordan,587
Rep70688,C21423,PR6350,4910,57330,Bosnia and Herzegovina,588
Rep70689,C21423,PR6350,665,9390,Benin,589
Rep70690,C21423,PR6259,700,3865,Samoa ,590
Rep70691,C21423,PR6282,4817,19510,Mauritius ,591
Rep70692,C21423,PR6350,6034,69900,Jordan,592
Rep70693,C21423,PR6259,3322,11585,New Zealand,593
Rep70694,C21423,PR6549,3646,11180,Italy,594
Rep70695,C21423,PR6282,3200,11440,Nicaragua,595
Rep70696,C21423,PR6259,626,2480,Saudi Arabia,596
Rep70697,C21423,PR6282,9297,44700,Panama,597
Rep70698,C21423,PR6282,333,2230,Angola,598
Rep70699,C21847,PR6242,366,5950,India,599
Rep70700,C21847,PR6242,2385,17245,Rwanda,600
Rep70701,C21847,PR6231,2378,10440,Sri Lanka,601
Rep70702,C21847,PR6115,4544,50120,Libya,602
Rep70703,C21847,PR6242,1216,6505,Malta,603
Rep70704,C21847,PR6115,3433,36210,Moldova ,604
Rep70705,C21117,PR6509,204,1235,Kenya,605
Rep70706,C21117,PR6575,237,2090,Moldova ,606
Rep70707,C21117,PR6352,1449,23840,Pakistan,607
Rep70708,C21117,PR6144,105,1030,Kosovo,608
Rep70709,C21117,PR6509,204,1235,South Korea,609
Rep70710,C21117,PR6352,2478,55400,Equatorial Guinea,610
Rep70711,C21117,PR6320,127,1065,Namibia,611
Rep70712,C21117,PR6320,117,1195,Uzbekistan,612
Rep70713,C21117,PR6160,108,1310,France,613
Rep70714,C21117,PR6595,104,1390,Vatican City,614
Rep70715,C21117,PR6144,135,1200,Trinidad and Tobago,615
Rep70716,C21117,PR6509,204,1235,Maldives,616
Rep70717,C21117,PR6565,130,1060,South Korea,617
Rep70718,C21117,PR6226,760,33470,Oman,618
Rep70719,C21117,PR6253,3696,19915,Philippines,619
Rep70720,C21117,PR6352,1570,44075,Honduras,620
Rep70721,C21117,PR6560,121,1075,Dominica,621
Rep70722,C21117,PR6578,358,1580,Libya,622
Rep70723,C21117,PR6253,237,6590,Belize,623
Rep70724,C21117,PR6226,760,33470,Azerbaijan,624
Rep70725,C21117,PR6352,1570,44075,France,625
Rep70726,C21117,PR6608,169,1280,Togo,626
Rep70727,C21117,PR6575,120,1540,Russia,627
Rep70728,C21117,PR6575,237,2090,Sri Lanka,628
Rep70729,C21117,PR6565,127,1060,Ethiopia,629
Rep70730,C21117,PR6253,699,3725,Comoros,630
Rep70731,C21117,PR6226,760,33470,Oman,631
Rep70732,C21117,PR6115,1588,1835,South Sudan,632
Rep70733,C21117,PR6560,126,1165,Jordan,633
Rep70734,C21117,PR6560,116,1045,Japan,634
Rep70735,C21117,PR6326,140,2560,Morocco,635
Rep70736,C21117,PR6595,108,1505,South Africa,636
Rep70737,C21117,PR6253,366,1950,Mongolia,637
Rep70738,C21117,PR6509,166,1215,Belarus,638
Rep70739,C21117,PR6226,1072,5030,Senegal,639
Rep70740,C21117,PR6575,120,1540,Slovenia,640
Rep70741,C21117,PR6320,117,1195,Namibia,641
Rep70742,C21117,PR6115,430,2390,Sudan,642
Rep70743,C21117,PR6472,110,1230,The Bahamas,643
Rep70744,C21117,PR6352,1377,28620,Afghanistan,644
Rep70745,C21117,PR6560,123,1125,Nigeria,645
Rep70746,C21117,PR6115,430,2390,Morocco,646
Rep70747,C21117,PR6227,161,1195,Cote d'Ivoire,647
Rep70748,C21117,PR6616,111,1065,Syria,648
Rep70749,C21117,PR6616,102,1035,United Kingdom,649
Rep70750,C21117,PR6575,219,2385,Burundi,650
Rep70751,C21117,PR6253,100,1030,Ghana,651
Rep70752,C21117,PR6474,202,1585,Jordan,652
Rep70753,C21117,PR6509,166,1215,Albania,653
Rep70754,C21117,PR6320,117,1195,Chad,654
Rep70755,C21117,PR6585,155,1210,Mongolia,655
Rep70756,C21117,PR6474,121,1115,Kosovo,656
Rep70757,C21117,PR6585,155,1210,Sweden,657
Rep70758,C21117,PR6352,211,4850,Burundi,658
Rep70759,C21117,PR6352,355,9515,Mongolia,659
Rep70760,C21117,PR6352,3012,65455,Tunisia ,660
Rep70761,C21117,PR6320,147,1495,Jamaica,661
Rep70762,C21117,PR6474,340,1295,China,662
Rep70763,C21117,PR6474,472,1995,Iran,663
Rep70764,C21117,PR6227,119,1035,Iraq,664
Rep70765,C21117,PR6562,107,1045,Japan,665
Rep70766,C21117,PR6509,204,1235,Uzbekistan,666
Rep70767,C21117,PR6616,103,1015,Ghana,667
Rep70768,C21117,PR6472,104,1045,Cuba,668
Rep70769,C21117,PR6560,116,1075,Algeria,669
Rep70770,C21117,PR6253,129,1445,Moldova ,670
Rep70771,C21117,PR6253,237,6590,Tunisia ,671
Rep70772,C21117,PR6474,1573,7990,Seychelles ,672
Rep70773,C21117,PR6320,146,1305,Hungary,673
Rep70774,C21117,PR6161,118,1535,Belgium,674
Rep70775,C21117,PR6253,129,1445,North Korea,675
Rep70776,C21117,PR6253,502,2925,Malta,676
Rep70777,C21117,PR6552,150,1060,Philippines,677
Rep70778,C21117,PR6226,760,33470,Azerbaijan,678
Rep70779,C21117,PR6564,147,1060,Barbados,679
Rep70780,C21117,PR6616,102,1035,Burkina Faso,680
Rep70781,C21117,PR6509,644,1170,Ethiopia,681
Rep70782,C21117,PR6608,102,1075,Luxembourg,682
Rep70783,C21117,PR6461,597,1585,Lebanon,683
Rep70784,C21117,PR6253,102,2665,Indonesia,684
Rep70785,C21117,PR6461,2039,2340,Democratic Republic of the Congo,685
Rep70786,C21117,PR6561,103,1090,Romania,686
Rep70787,C21117,PR6326,71,1005,Greece,687
Rep70788,C21117,PR6595,108,1505,Tanzania,688
Rep70789,C21117,PR6227,130,1040,Malta,689
Rep70790,C21117,PR6616,102,1035,Djibouti,690
Rep70791,C21117,PR6253,486,3250,Portugal,691
Rep70792,C21117,PR6560,155,1405,Angola,692
Rep70793,C21117,PR6578,388,1845,Yemen,693
Rep70794,C21117,PR6253,129,1445,Guatemala,694
Rep70795,C21117,PR6144,135,1200,Togo,695
Rep70796,C21117,PR6253,237,6590,Ethiopia,696
Rep70797,C21117,PR6227,130,1040,Saint Vincent and the Grenadines,697
Rep70798,C21117,PR6616,102,1035,Sweden,698
Rep70799,C21117,PR6352,1449,23840,Maldives,699
Rep70800,C21117,PR6227,130,1040,Antigua and Barbuda ,700
Rep70801,C21117,PR6561,103,1090,Tonga,701
Rep70802,C21117,PR6320,117,1195,Mozambique,702
Rep70803,C21117,PR6595,100,1105,Macedonia,703
Rep70804,C21117,PR6253,3696,19915,Slovenia,704
Rep70805,C21117,PR6595,103,1235,Botswana,705
Rep70806,C21117,PR6253,887,15885,Solomon Islands,706
Rep70807,C21117,PR6560,347,1405,Bulgaria,707
Rep70808,C21117,PR6253,237,6590,Palau,708
Rep70809,C21117,PR6560,116,1075,Thailand,709
Rep70810,C21117,PR6608,336,2325,Hungary,710
Rep70811,C21117,PR6352,1570,44075,Egypt,711
Rep70812,C21117,PR6595,108,1505,Ireland,712
Rep70813,C21117,PR6561,103,1090,Eritrea,713
Rep70814,C21117,PR6595,103,1375,Lithuania,714
Rep70815,C21117,PR6595,103,1235,Liechtenstein,715
Rep70816,C21117,PR6352,535,8330,Vietnam,716
Rep70817,C21117,PR6474,472,1995,Kiribati,717
Rep70818,C21117,PR6115,166,1275,Spain,718
Rep70819,C21117,PR6474,365,1970,Lithuania,719
Rep70820,C21117,PR6564,147,1060,Trinidad and Tobago,720
Rep70821,C21117,PR6227,108,1025,Taiwan,721
Rep70822,C21117,PR6253,3696,19915,Kazakhstan,722
Rep70823,C21117,PR6560,347,1405,Grenada,723
Rep70824,C21117,PR6575,122,1510,Denmark,724
Rep70825,C21117,PR6115,266,1110,Burkina Faso,725
Rep70826,C21117,PR6628,130,1135,Norway,726
Rep70827,C21117,PR6253,793,19585,Italy,727
Rep70828,C21117,PR6474,365,1970,Costa Rica,728
Rep70829,C21117,PR6253,967,4770,India,729
Rep70830,C21117,PR6352,1449,23840,Turkmenistan,730
Rep70831,C21117,PR6587,104,1020,Bahrain,731
Rep70832,C21117,PR6587,104,1020,Liberia,732
Rep70833,C21117,PR6623,101,5360,Dominica,733
Rep70834,C21117,PR6320,211,1820,Slovakia,734
Rep70835,C21117,PR6352,960,21575,Finland,735
Rep70836,C21117,PR6585,155,1210,Kosovo,736
Rep70837,C21117,PR6595,108,1505,Eritrea,737
Rep70838,C21117,PR6227,161,1195,East Timor,738
Rep70839,C21117,PR6560,204,1510,Estonia,739
Rep70840,C21117,PR6253,3696,19915,Guinea,740
Rep70841,C21117,PR6575,120,1540,Zimbabwe,741
Rep70842,C21117,PR6560,116,1075,Sao Tome and Principe,742
Rep70843,C21117,PR6227,133,1030,Mexico,743
Rep70844,C21117,PR6253,100,1115,Finland,744
Rep70845,C21117,PR6474,365,1970,Sweden,745
Rep70846,C21117,PR6575,172,1850,Botswana,746
Rep70847,C21117,PR6474,365,1970,Hungary,747
Rep70848,C21117,PR6564,153,1060,Ukraine,748
Rep70849,C21117,PR6575,120,1540,Australia,749
Rep70850,C21117,PR6461,2039,2340,Liberia,750
Rep70851,C21117,PR6352,1570,44075,Pakistan,751
Rep70852,C21117,PR6461,2039,2340,Cameroon,752
Rep70853,C21117,PR6595,105,1105,Belize,753
Rep70854,C21117,PR6575,133,1530,Jamaica,754
Rep70855,C21117,PR6616,280,1245,Switzerland,755
Rep70856,C21117,PR6320,211,1820,Albania,756
Rep70857,C21117,PR6561,103,1090,Sao Tome and Principe,757
Rep70858,C21117,PR6253,129,1445,Barbados,758
Rep70859,C21117,PR6461,2039,2340,Saint Kitts and Nevis ,759
Rep70860,C21117,PR6227,130,1040,Botswana,760
Rep70861,C21117,PR6595,136,2640,Iran,761
Rep70862,C21117,PR6585,155,1210,India,762
Rep70863,C21117,PR6352,1449,23840,Brunei,763
Rep70864,C21117,PR6253,239,2540,Belgium,764
Rep70865,C21117,PR6560,116,1075,Federated States of Micronesia,765
Rep70866,C21117,PR6616,111,1065,Macedonia,766
Rep70867,C21650,PR6476,110462,67790,Japan,767
Rep70868,C21650,PR6476,59918,36480,Antigua and Barbuda ,768
Rep70869,C21650,PR6476,174577,105900,Cuba,769
Rep70870,C21650,PR6476,3492,3250,Uzbekistan,770
Rep70871,C21650,PR6476,152390,91740,Thailand,771
Rep70872,C21650,PR6476,17067,17665,Nigeria,772
Rep70873,C21650,PR6476,69410,44880,Russia,773
Rep70874,C21650,PR6476,69410,44880,El Salvador,774
Rep70875,C21650,PR6476,27268,16825,Burkina Faso,775
Rep70876,C21650,PR6476,8256,11650,Costa Rica,776
Rep70877,C21650,PR6476,113287,98700,Indonesia,777
Rep70878,C21650,PR6476,79692,57155,Lebanon,778
Rep70879,C21650,PR6476,75969,45770,Philippines,779
Rep70880,C21650,PR6476,69410,44880,Algeria,780
Rep70881,C21650,PR6476,69410,44880,Botswana,781
Rep70882,C21650,PR6115,2984,10195,Georgia,782
Rep70883,C21650,PR6476,36794,29235,Madagascar,783
Rep70884,C21650,PR6476,12933,9805,Tonga,784
Rep70885,C21650,PR6476,152390,91740,Lesotho,785
Rep70886,C21650,PR6476,68425,44905,Romania,786
Rep70887,C21650,PR6481,116,1065,Iraq,787
Rep70888,C21650,PR6476,59918,36480,San Marino,788
Rep70889,C21650,PR6266,934,5090,Liberia,789
Rep70890,C21650,PR6476,21018,13295,Marshall Islands,790
Rep70891,C21650,PR6476,43075,46140,Trinidad and Tobago,791
Rep70892,C21650,PR6476,105955,63510,Japan,792
Rep70893,C21650,PR6476,3815,7960,Mongolia,793
Rep70894,C21650,PR6476,49278,32670,Israel,794
Rep70895,C21650,PR6476,3815,7960,Nicaragua,795
Rep70896,C21650,PR6476,13696,13110,Malaysia,796
Rep70897,C21650,PR6476,152390,91740,Mongolia,797
Rep70898,C21650,PR6476,3815,7960,Guatemala,798
Rep70899,C21650,PR6266,937,5095,Spain,799
Rep70900,C21650,PR6476,3815,7960,Solomon Islands,800
Rep70901,C21650,PR6476,30655,20295,Iraq,801
Rep70902,C21650,PR6476,12205,13525,Haiti,802
Rep70903,C21650,PR6266,1768,2635,Burundi,803
Rep70904,C21650,PR6476,59918,36480,Iraq,804
Rep70905,C21650,PR6476,125473,107215,Madagascar,805
Rep70906,C21650,PR6476,20493,27240,Guatemala,806
Rep70907,C21650,PR6115,3771,12705,Costa Rica,807
Rep70908,C21650,PR6476,58157,36750,Laos,808
Rep70909,C21650,PR6476,77817,77045,Czech Republic,809
Rep70910,C21650,PR6115,6028,21065,Tuvalu,810
Rep70911,C21650,PR6476,59918,36480,El Salvador,811
Rep70912,C21650,PR6476,92151,55885,South Korea,812
Rep70913,C21650,PR6476,25662,27225,Israel,813
Rep70914,C21650,PR6476,152390,91740,Iraq,814
Rep70915,C21650,PR6476,242498,173550,Vietnam,815
Rep70916,C21650,PR6476,95444,58035,United States of America,816
Rep70917,C22331,PR6116,8655,56055,Guinea,817
Rep70918,C22331,PR6116,1877,9315,Costa Rica,818
Rep70919,C22331,PR6116,12655,65605,Honduras,819
Rep70920,C22331,PR6116,8937,53135,Federated States of Micronesia,820
Rep70921,C22331,PR6115,1600,9655,Slovenia,821
Rep70922,C21822,PR6121,10950,33015,Dominica,822
Rep70923,C21822,PR6121,69893,101150,Montenegro,823
Rep70924,C21822,PR6120,166,1145,Benin,824
Rep70925,C21822,PR6118,233,1295,The Gambia,825
Rep70926,C21822,PR6121,32050,96040,Haiti,826
Rep70927,C21822,PR6121,20932,70835,Bhutan,827
Rep70928,C21822,PR6116,1725,5680,Singapore,828
Rep70929,C21822,PR6118,233,1295,Samoa ,829
Rep70930,C21822,PR6120,233,1295,Laos,830
Rep70931,C21822,PR6120,233,1295,Cote d'Ivoire,831
Rep70932,C21822,PR6121,20594,67070,Burkina Faso,832
Rep70933,C21822,PR6118,1322,6050,United States of America,833
Rep70934,C21822,PR6121,10700,36645,Germany,834
Rep70935,C21822,PR6121,20932,70835,Bangladesh,835
Rep70936,C21822,PR6116,211,1545,Kenya,836
Rep70937,C21822,PR6121,42972,127560,Sudan,837
Rep70938,C21822,PR6121,69893,101150,Sudan,838
Rep70939,C21822,PR6121,20932,70835,Syria,839
Rep70940,C21822,PR6121,69893,101150,Namibia,840
Rep70941,C21822,PR6121,20622,66515,Italy,841
Rep70942,C21822,PR6121,31010,105040,North Korea,842
Rep70943,C21822,PR6121,20932,70835,Senegal,843
Rep70944,C21822,PR6121,32050,96040,Pakistan,844
Rep70945,C21822,PR6121,8911,27300,Portugal,845
Rep70946,C21822,PR6120,233,1295,Albania,846
Rep70947,C21822,PR6116,1252,4320,Tunisia ,847
Rep70948,C21457,PR6126,127,1450,Iceland,848
Rep70949,C21457,PR6281,116,1090,United Kingdom,849
Rep70950,C21457,PR6606,101,2305,Nauru,850
Rep70951,C21457,PR6523,103,3985,Mozambique,851
Rep70952,C21457,PR6597,123,1590,Burundi,852
Rep70953,C21457,PR6231,552,7775,Palau,853
Rep70954,C21457,PR6200,2391,16665,Slovenia,854
Rep70955,C21457,PR6116,1766,8215,Tuvalu,855
Rep70956,C21457,PR6231,1004,14545,The Bahamas,856
Rep70957,C21457,PR6200,2311,16580,Lebanon,857
Rep70958,C21457,PR6200,2446,17530,Bosnia and Herzegovina,858
Rep70959,C21457,PR6116,1766,8780,Algeria,859
Rep70960,C21457,PR6606,101,1195,Lithuania,860
Rep70961,C21457,PR6616,126,1355,Saint Kitts and Nevis ,861
Rep70962,C21457,PR6231,552,7790,Madagascar,862
Rep70963,C21457,PR6116,1766,8450,Republic of the Congo,863
Rep70964,C21457,PR6253,102,1165,Saint Kitts and Nevis ,864
Rep70965,C21457,PR6248,101,1120,Burundi,865
Rep70966,C21457,PR6116,1766,8450,Greece,866
Rep70967,C21457,PR6523,2927,9865,Myanmar,867
Rep70968,C21457,PR6551,9993,44805,Saint Vincent and the Grenadines,868
Rep70969,C21457,PR6116,1766,8450,Equatorial Guinea,869
Rep70970,C21457,PR6598,113,2880,Malta,870
Rep70971,C22130,PR6130,7864,68165,Burkina Faso,871
Rep70972,C22130,PR6130,144,1405,Senegal,872
Rep70973,C22130,PR6253,322,4345,Morocco,873
Rep70974,C22130,PR6253,133,1615,Iceland,874
Rep70975,C22130,PR6253,135,1860,Swaziland,875
Rep70976,C22130,PR6253,142,2095,Angola,876
Rep70977,C22130,PR6250,133,2120,Switzerland,877
Rep70978,C22130,PR6253,139,1445,Nicaragua,878
Rep70979,C22130,PR6253,112,1325,Thailand,879
Rep70980,C22130,PR6130,6568,45850,Romania,880
Rep70981,C22130,PR6135,215,5900,Indonesia,881
Rep70982,C22130,PR6253,316,1275,Dominican Republic,882
Rep70983,C22130,PR6253,1181,9540,Madagascar,883
Rep70984,C22130,PR6253,633,9505,Burundi,884
Rep70985,C22130,PR6130,236,2845,Lebanon,885
Rep70986,C22130,PR6253,322,3330,Benin,886
Rep70987,C22130,PR6116,322,5105,Bosnia and Herzegovina,887
Rep70988,C22130,PR6135,176,4215,Democratic Republic of the Congo,888
Rep70989,C22130,PR6253,358,3845,Lithuania,889
Rep70990,C22130,PR6130,5586,55275,United Arab Emirates,890
Rep70991,C22130,PR6116,322,5105,Kyrgyzstan,891
Rep70992,C22130,PR6116,322,5105,Samoa ,892
Rep70993,C22130,PR6253,132,1490,Laos,893
Rep70994,C22130,PR6130,8412,92300,Lesotho,894
Rep70995,C22130,PR6130,405,4120,Russia,895
Rep70996,C22130,PR6130,131,1415,Seychelles ,896
Rep70997,C22130,PR6253,139,1445,Cuba,897
Rep70998,C22130,PR6250,133,2130,Saint Kitts and Nevis ,898
Rep70999,C22130,PR6615,182,1195,Marshall Islands,899
Rep71000,C22130,PR6135,1449,15070,Lesotho,900
Rep71001,C22130,PR6253,421,5560,Germany,901
Rep71002,C22130,PR6253,700,10730,Qatar,902
Rep71003,C22130,PR6130,305,3290,South Sudan,903
Rep71004,C22130,PR6135,1325,14325,Afghanistan,904
Rep71005,C22130,PR6253,125,1610,Malawi,905
Rep71006,C22130,PR6130,531,11805,Papua New Guinea,906
Rep71007,C22130,PR6253,877,7400,Burundi,907
Rep71008,C22130,PR6253,693,5360,Germany,908
Rep71009,C22130,PR6135,1058,10110,Cyprus,909
Rep71010,C22130,PR6253,242,3035,Turkey,910
Rep71011,C22130,PR6130,122,1195,Ghana,911
Rep71012,C22130,PR6253,110,1140,Namibia,912
Rep71013,C22130,PR6130,122,1195,Croatia,913
Rep71014,C22130,PR6135,313,10055,Spain,914
Rep71015,C22130,PR6253,145,1605,Canada,915
Rep71016,C22130,PR6331,200,3430,Nauru,916
Rep71017,C22130,PR6253,120,1245,Lebanon,917
Rep71018,C22130,PR6116,661,10355,Sri Lanka,918
Rep71019,C22130,PR6135,2023,17990,Italy,919
Rep71020,C22130,PR6135,1872,11490,Afghanistan,920
Rep71021,C22130,PR6135,523,3040,Ireland,921
Rep71022,C22130,PR6130,10186,80320,Slovakia,922
Rep71023,C22130,PR6253,258,1200,Eritrea,923
Rep71024,C22130,PR6253,1773,13470,Mauritania,924
Rep71025,C22130,PR6130,127,1245,United Arab Emirates,925
Rep71026,C22130,PR6253,139,1445,Japan,926
Rep71027,C22130,PR6130,8268,65335,Vanuatu,927
Rep71028,C22130,PR6253,328,4000,Georgia,928
Rep71029,C22130,PR6253,286,3535,Syria,929
Rep71030,C22130,PR6253,495,6385,Iraq,930
Rep71031,C22130,PR6253,161,1385,The Bahamas,931
Rep71032,C22130,PR6116,772,12470,Israel,932
Rep71033,C22130,PR6615,254,1715,Eritrea,933
Rep71034,C22130,PR6253,432,4265,Bosnia and Herzegovina,934
Rep71035,C22130,PR6253,533,1545,Nigeria,935
Rep71036,C22130,PR6615,151,1230,Comoros,936
Rep71037,C22130,PR6241,2877,10600,Algeria,937
Rep71038,C22130,PR6331,155,2365,Mozambique,938
Rep71039,C22130,PR6130,321,3095,Somalia,939
Rep71040,C22130,PR6130,9617,91580,Czech Republic,940
Rep71041,C22130,PR6331,208,3635,Tanzania,941
Rep71042,C22130,PR6135,2576,12065,Vietnam,942
Rep71043,C22130,PR6253,432,5135,Egypt,943
Rep71044,C22130,PR6135,682,5465,Norway,944
Rep71045,C22130,PR6253,197,1400,Greece,945
Rep71046,C22130,PR6331,80,1020,Botswana,946
Rep71047,C22130,PR6130,155,1490,India,947
Rep71048,C22130,PR6253,102,1170,Serbia,948
Rep71049,C22130,PR6253,110,1140,Papua New Guinea,949
Rep71050,C22130,PR6135,1840,18275,Mauritania,950
Rep71051,C22130,PR6615,254,1695,Saudi Arabia,951
Rep71052,C22130,PR6135,135,2590,Niger,952
Rep71053,C22130,PR6253,467,5815,Tajikistan,953
Rep71054,C22130,PR6130,396,4805,Samoa ,954
Rep71055,C22130,PR6135,127,1070,Iraq,955
Rep71056,C22130,PR6130,187,2130,Zambia,956
Rep71057,C22130,PR6135,3758,38930,Oman,957
Rep71058,C22130,PR6130,127,1245,Barbados,958
Rep71059,C22130,PR6615,357,2160,Armenia,959
Rep71060,C22130,PR6130,111,1100,Taiwan,960
Rep71061,C22130,PR6135,333,11045,Botswana,961
Rep71062,C22130,PR6130,591,5060,Tonga,962
Rep71063,C22130,PR6253,1015,7490,Marshall Islands,963
Rep71064,C22130,PR6135,638,3895,Sao Tome and Principe,964
Rep71065,C22130,PR6253,326,2945,Tanzania,965
Rep71066,C22130,PR6253,493,7420,Saint Kitts and Nevis ,966
Rep71067,C22130,PR6253,107,1135,Belize,967
Rep71068,C22130,PR6135,1590,17225,Canada,968
Rep71069,C22130,PR6331,222,3970,Andorra,969
Rep71070,C22130,PR6615,264,1395,Marshall Islands,970
Rep71071,C22130,PR6253,102,1190,Barbados,971
Rep71072,C22130,PR6253,139,1445,The Bahamas,972
Rep71073,C22047,PR6186,375,2290,Saudi Arabia,973
Rep71074,C22047,PR6116,961,10055,Belgium,974
Rep71075,C22047,PR6186,6548,19475,Finland,975
Rep71076,C22047,PR6116,961,10055,Finland,976
Rep71077,C22047,PR6253,466,7485,Iran,977
Rep71078,C22047,PR6116,1819,19780,Sri Lanka,978
Rep71079,C22047,PR6229,372,2645,Belgium,979
Rep71080,C22047,PR6116,933,10870,Armenia,980
Rep71081,C22047,PR6579,127,1235,Sweden,981
Rep71082,C22047,PR6116,281,2785,Lesotho,982
Rep71083,C22047,PR6584,104,1075,Rwanda,983
Rep71084,C22047,PR6368,280,9255,Liberia,984
Rep71085,C22047,PR6186,5536,17215,Jamaica,985
Rep71086,C22047,PR6413,118,1220,Djibouti,986
Rep71087,C22047,PR6116,281,2785,Kosovo,987
Rep71088,C22047,PR6584,104,1075,Albania,988
Rep71089,C22047,PR6186,375,2290,Marshall Islands,989
Rep71090,C22047,PR6116,1044,10705,Georgia,990
Rep71091,C22047,PR6368,350,11955,Estonia,991
Rep71092,C22047,PR6596,104,2290,Uzbekistan,992
Rep71093,C22047,PR6632,211,1855,South Africa,993
Rep71094,C22047,PR6628,116,1610,South Korea,994
Rep71095,C21350,PR6253,1568,6000,Nepal,995
Rep71096,C21350,PR6119,133,2505,Kenya,996
Rep71097,C21350,PR6253,2944,9480,Mali,997
Rep71098,C21350,PR6253,3171,13645,Syria,998
Rep71099,C21350,PR6253,1688,6595,Laos,999
Rep71100,C21350,PR6220,109,1035,Honduras,1000
Rep71101,C21350,PR6463,461,4380,Bahrain,1001
Rep71102,C21350,PR6253,500,4240,Denmark,1002
Rep71103,C21350,PR6119,322,3495,Trinidad and Tobago,1003
Rep71104,C21350,PR6253,240,2060,South Korea,1004
Rep71105,C21350,PR6241,101,1015,Finland,1005
Rep71106,C21350,PR6253,247,2525,Democratic Republic of the Congo,1006
Rep71107,C21350,PR6220,104,1095,Andorra,1007
Rep71108,C21350,PR6120,188,4775,Spain,1008
Rep71109,C21350,PR6253,915,3875,Gabon,1009
Rep71110,C21350,PR6253,2965,10715,Mauritania,1010
Rep71111,C21350,PR6120,322,3495,Denmark,1011
Rep71112,C21350,PR6253,764,2525,France,1012
Rep71113,C21350,PR6214,434,3600,Malawi,1013
Rep71114,C21350,PR6463,600,3145,China,1014
Rep71115,C22067,PR6222,433,3445,Pakistan,1015
Rep71116,C22067,PR6222,271,2985,Brunei,1016
Rep71117,C22067,PR6221,4436,30115,Tanzania,1017
Rep71118,C22067,PR6604,924,11870,Gabon,1018
Rep71119,C22067,PR6221,1164,11735,Greece,1019
Rep71120,C22067,PR6604,507,6365,Uganda,1020
Rep71121,C22067,PR6222,766,5980,Monaco,1021
Rep71122,C22067,PR6123,294,2455,Lithuania,1022
Rep71123,C22067,PR6485,139,3185,Azerbaijan,1023
Rep71124,C22067,PR6222,218,1795,Malta,1024
Rep71125,C22067,PR6123,683,5370,Namibia,1025
Rep71126,C22067,PR6604,516,6495,Kosovo,1026
Rep71127,C22067,PR6485,127,2740,Bhutan,1027
Rep71128,C22067,PR6604,507,6365,Solomon Islands,1028
Rep71129,C22067,PR6222,197,1610,Slovakia,1029
Rep71130,C22067,PR6221,1913,15430,Taiwan,1030
Rep71131,C22067,PR6222,416,3965,Czech Republic,1031
Rep71132,C22067,PR6222,220,2180,Samoa ,1032
Rep71133,C22067,PR6485,103,1205,Mauritius ,1033
Rep71134,C22067,PR6222,500,4160,Tonga,1034
Rep71135,C22067,PR6485,138,3205,Ukraine,1035
Rep71136,C22067,PR6485,148,3390,Mauritius ,1036
Rep71137,C22067,PR6221,1164,11735,Oman,1037
Rep71138,C22067,PR6485,127,2670,Lithuania,1038
Rep71139,C22067,PR6221,2096,14845,Solomon Islands,1039
Rep71140,C22067,PR6485,101,1085,Australia,1040
Rep71141,C22067,PR6604,503,6320,Philippines,1041
Rep71142,C22067,PR6485,100,1020,Lesotho,1042
Rep71143,C22067,PR6221,244,1990,Thailand,1043
Rep71144,C22067,PR6123,294,2455,Burkina Faso,1044
Rep71145,C22067,PR6123,294,2455,Sierra Leone,1045
Rep71146,C22067,PR6123,294,2455,Vatican City,1046
Rep71147,C22067,PR6240,130,2490,Hungary,1047
Rep71148,C22067,PR6221,4617,34335,Sweden,1048
Rep71149,C22067,PR6221,2672,21545,Fiji,1049
Rep71150,C22067,PR6123,294,2455,Indonesia,1050
Rep71151,C22067,PR6485,127,2305,Singapore,1051
Rep71152,C22067,PR6485,102,1145,Malawi,1052
Rep71153,C22067,PR6607,100,1040,Cameroon,1053
Rep71154,C22067,PR6485,112,1915,Cote d'Ivoire,1054
Rep71155,C22067,PR6221,183,1735,Eritrea,1055
Rep71156,C22067,PR6123,294,2455,Solomon Islands,1056
Rep71157,C22067,PR6221,2160,15660,The Bahamas,1057
Rep71158,C22067,PR6221,4028,24845,Tuvalu,1058
Rep71159,C22067,PR6221,1010,9495,Cameroon,1059
Rep71160,C22067,PR6123,294,2455,Montenegro,1060
Rep71161,C22067,PR6221,4436,30115,Kiribati,1061
Rep71162,C22067,PR6607,100,1040,Tunisia ,1062
Rep71163,C22067,PR6485,108,1550,Georgia,1063
Rep71164,C22067,PR6222,380,3730,El Salvador,1064
Rep71165,C22067,PR6221,6877,47000,Saudi Arabia,1065
Rep71166,C22067,PR6485,148,3390,Uganda,1066
Rep71167,C22067,PR6248,106,1115,Uzbekistan,1067
Rep71168,C22067,PR6221,1500,13270,Sao Tome and Principe,1068
Rep71169,C22067,PR6222,218,1795,Senegal,1069
Rep71170,C22067,PR6221,2325,20135,Germany,1070
Rep71171,C22067,PR6485,127,2670,Netherlands,1071
Rep71172,C22067,PR6607,100,1040,Guatemala,1072
Rep71173,C22067,PR6485,143,3600,Libya,1073
Rep71174,C22067,PR6485,102,1145,Cambodia,1074
Rep71175,C22067,PR6123,294,2455,Cape Verde,1075
Rep71176,C22277,PR6162,6367,22725,Albania,1076
Rep71177,C22277,PR6629,127,1880,Central African Republic,1077
Rep71178,C22277,PR6163,663,3870,Belarus,1078
Rep71179,C22277,PR6163,7688,10470,Andorra,1079
Rep71180,C22277,PR6137,140,2525,Turkey,1080
Rep71181,C22277,PR6162,833,3610,Djibouti,1081
Rep71182,C22277,PR6137,174,3805,Dominica,1082
Rep71183,C22277,PR6130,100,1025,Guatemala,1083
Rep71184,C22277,PR6162,1784,6865,Palau,1084
Rep71185,C22277,PR6130,100,1015,Comoros,1085
Rep71186,C22277,PR6130,120,1550,Bulgaria,1086
Rep71187,C22277,PR6130,104,1120,Nepal,1087
Rep71188,C22277,PR6163,2194,11355,Madagascar,1088
Rep71189,C22277,PR6162,2727,10695,North Korea,1089
Rep71190,C22277,PR6130,100,1005,Seychelles ,1090
Rep71191,C22277,PR6130,101,1055,Uzbekistan,1091
Rep71192,C22277,PR6163,10337,13130,Egypt,1092
Rep71193,C22277,PR6137,215,5255,Afghanistan,1093
Rep71194,C22277,PR6137,115,1405,Saint Vincent and the Grenadines,1094
Rep71195,C22277,PR6137,172,3865,Vietnam,1095
Rep71196,C22277,PR6163,2493,3890,Serbia,1096
Rep71197,C22277,PR6273,155,1280,Macedonia,1097
Rep71198,C22277,PR6163,1711,9025,Myanmar,1098
Rep71199,C22277,PR6163,760,1780,United Kingdom,1099
Rep71200,C22277,PR6163,986,5390,Vietnam,1100
Rep71201,C22277,PR6163,11057,14315,United Arab Emirates,1101
Rep71202,C22277,PR6137,156,3185,Costa Rica,1102
Rep71203,C22277,PR6163,1711,9115,Burkina Faso,1103
Rep71204,C22277,PR6163,6794,9405,The Bahamas,1104
Rep71205,C22277,PR6137,158,3185,Mongolia,1105
Rep71206,C22277,PR6273,155,1280,United Kingdom,1106
Rep71207,C22277,PR6130,107,1215,China,1107
Rep71208,C22277,PR6211,105,1070,Turkmenistan,1108
Rep71209,C22277,PR6273,773,6380,Belarus,1109
Rep71210,C22277,PR6130,102,1025,Czech Republic,1110
Rep71211,C22277,PR6130,118,1370,Nauru,1111
Rep71212,C22277,PR6137,182,4140,Andorra,1112
Rep71213,C22277,PR6130,100,1010,Belgium,1113
Rep71214,C22277,PR6273,155,1280,Lithuania,1114
Rep71215,C22277,PR6162,15010,52610,South Sudan,1115
Rep71216,C22277,PR6163,1630,8680,Kosovo,1116
Rep71217,C22277,PR6137,136,2485,Spain,1117
Rep71218,C22277,PR6163,2229,11705,Azerbaijan,1118
Rep71219,C22277,PR6130,103,1040,Libya,1119
Rep71220,C22277,PR6162,274,1715,Sudan,1120
Rep71221,C22277,PR6130,104,1050,Bulgaria,1121
Rep71222,C22277,PR6163,4745,6735,Vanuatu,1122
Rep71223,C22277,PR6162,13782,48795,France,1123
Rep71224,C22277,PR6130,102,1065,Bahrain,1124
Rep71225,C22277,PR6130,117,1495,Thailand,1125
Rep71226,C22277,PR6162,5558,19895,Cyprus,1126
Rep71227,C22277,PR6162,2435,9395,Central African Republic,1127
Rep71228,C22338,PR6245,605,7080,Panama,1128
Rep71229,C22338,PR6130,3172,18930,Hungary,1129
Rep71230,C22338,PR6245,10785,10880,Greenland,1130
Rep71231,C22338,PR6253,100,1110,Burkina Faso,1131
Rep71232,C22338,PR6130,103,1230,Chad,1132
Rep71233,C22338,PR6130,943,10440,Moldova ,1133
Rep71234,C22338,PR6245,110,2240,South Korea,1134
Rep71235,C22338,PR6144,197,2570,Burkina Faso,1135
Rep71236,C22338,PR6130,175,2540,Guinea-Bissau,1136
Rep71237,C22338,PR6130,107,1190,Cote d'Ivoire,1137
Rep71238,C22338,PR6130,243,4045,Armenia,1138
Rep71239,C22338,PR6130,2761,12410,Taiwan,1139
Rep71240,C22338,PR6253,253,1250,United Arab Emirates,1140
Rep71241,C22338,PR6245,4125,20920,Trinidad and Tobago,1141
Rep71242,C22338,PR6130,9830,47690,Nicaragua,1142
Rep71243,C22338,PR6130,353,3125,Kosovo,1143
Rep71244,C22338,PR6245,2708,27130,The Bahamas,1144
Rep71245,C22338,PR6245,106,1285,Nicaragua,1145
Rep71246,C22338,PR6245,111,1195,Slovakia,1146
Rep71247,C22338,PR6245,141,2165,Zimbabwe,1147
Rep71248,C22338,PR6245,103,1080,Mongolia,1148
Rep71249,C22338,PR6130,198,1650,North Korea,1149
Rep71250,C22279,PR6283,416,5500,Albania,1150
Rep71251,C22279,PR6220,101,1095,Myanmar,1151
Rep71252,C22279,PR6283,422,4860,Saudi Arabia,1152
Rep71253,C22279,PR6283,422,4860,Denmark,1153
Rep71254,C22279,PR6130,7884,42435,Kosovo,1154
Rep71255,C22279,PR6130,15179,81675,Czech Republic,1155
Rep71256,C22279,PR6211,116,2205,Malta,1156
Rep71257,C22279,PR6211,101,2205,South Africa,1157
Rep71258,C22279,PR6253,127,1090,Tunisia ,1158
Rep71259,C22279,PR6283,206,2240,China,1159
Rep71260,C22279,PR6253,102,1020,North Korea,1160
Rep71261,C22279,PR6283,395,4525,Mongolia,1161
Rep71262,C22279,PR6243,250,2635,Tunisia ,1162
Rep71263,C22279,PR6130,100,2405,El Salvador,1163
Rep71264,C22279,PR6283,416,5500,Canada,1164
Rep71265,C22279,PR6130,7038,40810,Greece,1165
Rep71266,C22279,PR6220,101,1095,Mali,1166
Rep71267,C22279,PR6283,407,4715,Netherlands,1167
Rep71268,C22279,PR6130,8935,47225,United Arab Emirates,1168
Rep71269,C22279,PR6243,350,3575,Turkmenistan,1169
Rep71270,C22279,PR6211,133,3410,Croatia,1170
Rep71271,C22279,PR6130,7038,40810,Samoa ,1171
Rep71272,C22279,PR6243,783,7430,Saint Vincent and the Grenadines,1172
Rep71273,C22279,PR6283,416,5500,Kenya,1173
Rep71274,C22279,PR6220,104,1250,Jordan,1174
Rep71275,C22279,PR6220,102,1120,El Salvador,1175
Rep71276,C22279,PR6211,101,2205,Sri Lanka,1176
Rep71277,C22279,PR6211,116,2205,Cote d'Ivoire,1177
Rep71278,C22279,PR6211,133,3410,Niger,1178
Rep71279,C22279,PR6211,125,1990,Republic of the Congo,1179
Rep71280,C22279,PR6130,7038,40810,Japan,1180
Rep71281,C22279,PR6283,395,4525,Hungary,1181
Rep71282,C22279,PR6243,150,3745,Trinidad and Tobago,1182
Rep71283,C22279,PR6243,333,3745,Equatorial Guinea,1183
Rep71284,C22279,PR6243,350,3575,Sao Tome and Principe,1184
Rep71285,C22279,PR6253,127,1080,Tajikistan,1185
Rep71286,C22279,PR6211,138,4000,South Korea,1186
Rep71287,C22279,PR6243,200,1940,Laos,1187
Rep71288,C22279,PR6130,100,2405,Federated States of Micronesia,1188
Rep71289,C22279,PR6130,15179,81675,Ireland,1189
Rep71290,C22279,PR6130,7086,40685,Norway,1190
Rep71291,C22279,PR6243,350,3575,Taiwan,1191
Rep71292,C22279,PR6253,127,1090,Equatorial Guinea,1192
Rep71293,C22279,PR6211,133,3410,Barbados,1193
Rep71294,C22279,PR6243,200,1940,Saudi Arabia,1194
Rep71295,C22279,PR6130,15179,81675,Andorra,1195
Rep71296,C22279,PR6130,17797,95965,Honduras,1196
Rep71297,C22279,PR6253,102,1020,Laos,1197
Rep71298,C22279,PR6211,116,2205,Mozambique,1198
Rep71299,C22279,PR6220,101,1090,Samoa ,1199
Rep71300,C22279,PR6283,188,2260,Brunei,1200
Rep71301,C22279,PR6130,5117,25340,Bosnia and Herzegovina,1201
Rep71302,C22279,PR6283,432,4275,Haiti,1202
Rep71303,C22279,PR6253,127,1090,Grenada,1203
Rep71304,C22279,PR6283,422,4860,Bulgaria,1204
Rep71305,C22279,PR6243,200,1940,Botswana,1205
Rep71306,C22279,PR6220,101,1090,China,1206
Rep71307,C22279,PR6211,116,2205,Belize,1207
Rep71308,C22279,PR6130,4291,22890,East Timor,1208
Rep71309,C22279,PR6243,300,2955,Dominican Republic,1209
Rep71310,C22279,PR6283,395,4525,Norway,1210
Rep71311,C22279,PR6211,101,2205,Armenia,1211
Rep71312,C22279,PR6283,465,4975,Yemen,1212
Rep71313,C22279,PR6220,101,1090,Poland,1213
Rep71314,C22279,PR6220,103,1185,Bosnia and Herzegovina,1214
Rep71315,C22279,PR6283,276,2860,Algeria,1215
Rep71316,C22279,PR6130,812,63535,Equatorial Guinea,1216
Rep71317,C22279,PR6243,283,2595,Burkina Faso,1217
Rep71318,C21129,PR6207,5463,26770,Tonga,1218
Rep71319,C21129,PR6207,3682,18195,Costa Rica,1219
Rep71320,C21129,PR6190,402,2550,Equatorial Guinea,1220
Rep71321,C21129,PR6190,342,1985,Trinidad and Tobago,1221
Rep71322,C21129,PR6162,1353,5085,Zambia,1222
Rep71323,C21129,PR6207,9125,43520,Papua New Guinea,1223
Rep71324,C21129,PR6130,103,1065,Burundi,1224
Rep71325,C21129,PR6207,7292,43615,Mali,1225
Rep71326,C21129,PR6163,1437,3715,Serbia,1226
Rep71327,C21129,PR6190,1841,10185,Djibouti,1227
Rep71328,C21129,PR6207,9147,54535,Solomon Islands,1228
Rep71329,C21129,PR6163,1249,4320,Canada,1229
Rep71330,C21129,PR6207,7292,43615,Philippines,1230
Rep71331,C21129,PR6163,6036,18365,Albania,1231
Rep71332,C21129,PR6207,10975,53845,China,1232
Rep71333,C21129,PR6163,7295,22360,Somalia,1233
Rep71334,C21129,PR6207,3825,23270,Iraq,1234
Rep71335,C21129,PR6163,4991,16565,Vanuatu,1235
Rep71336,C21129,PR6207,9332,44985,Saudi Arabia,1236
Rep71337,C21129,PR6163,1249,4320,Denmark,1237
Rep71338,C21129,PR6163,1249,4320,Tajikistan,1238
Rep71339,C21129,PR6207,8547,50800,Bulgaria,1239
Rep71340,C21129,PR6207,7292,43615,Bhutan,1240
Rep71341,C22084,PR6130,925,4505,Oman,1241
Rep71342,C22084,PR6130,573,5075,Czech Republic,1242
Rep71343,C22084,PR6130,399433,2660,Honduras,1243
Rep71344,C22084,PR6130,499,2660,Gabon,1244
Rep71345,C22084,PR6130,164,1555,Bosnia and Herzegovina,1245
Rep71346,C22262,PR6604,116,1245,Morocco,1246
Rep71347,C22262,PR6227,322,2090,Denmark,1247
Rep71348,C22262,PR6604,108,1215,Sudan,1248
Rep71349,C22262,PR6378,120,1295,Vanuatu,1249
Rep71350,C22262,PR6277,133,1320,Israel,1250
Rep71351,C22262,PR6597,127,3655,Sao Tome and Principe,1251
Rep71352,C22262,PR6344,1124,36570,Madagascar,1252
Rep71353,C22262,PR6344,638,21480,Central African Republic,1253
Rep71354,C22262,PR6597,111,1015,Saint Kitts and Nevis ,1254
Rep71355,C22262,PR6344,785,19335,Dominica,1255
Rep71356,C22262,PR6462,377,1280,Togo,1256
Rep71357,C22262,PR6378,178,2000,Mauritius ,1257
Rep71358,C22262,PR6378,103,1285,Tuvalu,1258
Rep71359,C22262,PR6279,350,1645,Federated States of Micronesia,1259
Rep71360,C22262,PR6462,322,1215,Grenada,1260
Rep71361,C22262,PR6462,444,1375,Ghana,1261
Rep71362,C22262,PR6525,394,1405,Saint Lucia,1262
Rep71363,C22262,PR6597,106,1230,Denmark,1263
Rep71364,C22262,PR6344,211,4465,Bosnia and Herzegovina,1264
Rep71365,C22262,PR6378,143,1585,Marshall Islands,1265
Rep71366,C22262,PR6462,322,1405,Bhutan,1266
Rep71367,C22262,PR6606,127,1470,Algeria,1267
Rep71368,C22262,PR6279,127,1425,Malta,1268
Rep71369,C22262,PR6604,113,1415,The Gambia,1269
Rep71370,C22262,PR6344,1555,39510,Serbia,1270
Rep71371,C22262,PR6344,1137,30170,Mauritania,1271
Rep71372,C22262,PR6378,107,1085,Georgia,1272
Rep71373,C22262,PR6597,105,1805,Haiti,1273
Rep71374,C22262,PR6277,105,1060,Russia,1274
Rep71375,C22262,PR6277,105,1095,Republic of the Congo,1275
Rep71376,C22262,PR6462,322,1255,Switzerland,1276
Rep71377,C22262,PR6226,322,2385,Australia,1277
Rep71378,C22262,PR6131,116,1630,Kosovo,1278
Rep71379,C22262,PR6278,211,4075,Albania,1279
Rep71380,C22262,PR6462,944,2155,Belarus,1280
Rep71381,C22262,PR6597,111,1015,Mongolia,1281
Rep71382,C22262,PR6279,138,1435,Saint Lucia,1282
Rep71383,C22262,PR6378,142,1465,Tanzania,1283
Rep71384,C22262,PR6344,856,34620,Taiwan,1284
Rep71385,C22262,PR6604,122,1410,Sweden,1285
Rep71386,C22262,PR6391,155,1025,Panama,1286
Rep71387,C22262,PR6604,116,1245,Samoa ,1287
Rep71388,C22262,PR6378,205,2320,Ireland,1288
Rep71389,C22262,PR6279,183,2685,El Salvador,1289
Rep71390,C22262,PR6462,600,1300,Guinea,1290
Rep71391,C22262,PR6462,527,1705,East Timor,1291
Rep71392,C21631,PR6431,43694,180730,Slovakia,1292
Rep71393,C21631,PR6431,377,1155,Ghana,1293
Rep71394,C21631,PR6138,155,3690,Poland,1294
Rep71395,C21631,PR6458,290,8370,Azerbaijan,1295
Rep71396,C21631,PR6474,200,2110,Sao Tome and Principe,1296
Rep71397,C21631,PR6474,116,3070,Luxembourg,1297
Rep71398,C21631,PR6439,366,2830,Philippines,1298
Rep71399,C21631,PR6431,1238,5105,Malaysia,1299
Rep71400,C21631,PR6458,106,2000,South Sudan,1300
Rep71401,C21631,PR6431,12065,13370,Federated States of Micronesia,1301
Rep71402,C21631,PR6431,18581,28955,Sri Lanka,1302
Rep71403,C21631,PR6458,317,7500,Maldives,1303
Rep71404,C21631,PR6431,5541,23955,Papua New Guinea,1304
Rep71405,C21631,PR6431,2211,22865,Guinea-Bissau,1305
Rep71406,C21631,PR6431,9877,33885,Sudan,1306
Rep71407,C21631,PR6131,933,2565,Cuba,1307
Rep71408,C21631,PR6431,377,1760,Canada,1308
Rep71409,C21631,PR6250,166,2945,Belgium,1309
Rep71410,C21631,PR6431,47137,90930,Nigeria,1310
Rep71411,C21631,PR6173,165,3020,Tonga,1311
Rep71412,C21631,PR6458,483,8630,Samoa ,1312
Rep71413,C21631,PR6138,144,3610,Fiji,1313
Rep71414,C21631,PR6628,105,1535,Iceland,1314
Rep71415,C21631,PR6431,2094,5215,Central African Republic,1315
Rep71416,C21631,PR6447,183,2235,Chad,1316
Rep71417,C21631,PR6458,206,2805,Maldives,1317
Rep71418,C21631,PR6458,122,1935,Tanzania,1318
Rep71419,C21631,PR6250,127,1295,Thailand,1319
Rep71420,C22141,PR6150,105,1570,Thailand,1320
Rep71421,C22141,PR6508,1836,2810,Vietnam,1321
Rep71422,C22141,PR6198,747,4645,Mauritania,1322
Rep71423,C22141,PR6198,2032,10370,Burkina Faso,1323
Rep71424,C22141,PR6132,288,6160,Saint Lucia,1324
Rep71425,C22141,PR6211,681,4390,Vatican City,1325
Rep71426,C22141,PR6508,1836,2810,Canada,1326
Rep71427,C22141,PR6474,711,3120,Gabon,1327
Rep71428,C22141,PR6578,11964,6405,Benin,1328
Rep71429,C22141,PR6578,5308,4790,Saint Lucia,1329
Rep71430,C22141,PR6198,1756,8645,Portugal,1330
Rep71431,C22141,PR6474,711,3120,Ghana,1331
Rep71432,C22141,PR6132,693,14705,El Salvador,1332
Rep71433,C22141,PR6220,623,3740,Togo,1333
Rep71434,C22141,PR6220,347,6805,Bangladesh,1334
Rep71435,C22141,PR6474,277,2065,Taiwan,1335
Rep71436,C22141,PR6460,600,1395,Rwanda,1336
Rep71437,C22141,PR6150,596,2825,Central African Republic,1337
Rep71438,C22141,PR6197,397,2475,The Bahamas,1338
Rep71439,C22141,PR6578,39671,6410,Morocco,1339
Rep71440,C22141,PR6578,39671,6410,Mauritius ,1340
Rep71441,C22141,PR6150,596,2825,Netherlands,1341
Rep71442,C22141,PR6578,5308,4790,United States of America,1342
Rep71443,C22141,PR6220,623,3740,Portugal,1343
Rep71444,C22141,PR6132,288,6160,Australia,1344
Rep71445,C22141,PR6220,347,6805,Antigua and Barbuda ,1345
Rep71446,C22141,PR6220,688,4805,Greece,1346
Rep71447,C22141,PR6198,747,4645,Yemen,1347
Rep71448,C22141,PR6474,277,2065,The Bahamas,1348
Rep71449,C22141,PR6578,5308,4790,Macedonia,1349
Rep71450,C21155,PR6211,1102,13760,Malta,1350
Rep71451,C21155,PR6183,6631,24420,Kazakhstan,1351
Rep71452,C21155,PR6220,4235,41020,Uzbekistan,1352
Rep71453,C21155,PR6210,131,2455,Norway,1353
Rep71454,C21155,PR6211,327,2520,Thailand,1354
Rep71455,C21155,PR6220,1611,15480,Israel,1355
Rep71456,C21155,PR6188,862,12495,Kyrgyzstan,1356
Rep71457,C21155,PR6183,6631,24420,South Korea,1357
Rep71458,C21155,PR6132,461,9285,South Sudan,1358
Rep71459,C21155,PR6552,1787,6025,Sri Lanka,1359
Rep71460,C21155,PR6220,426,4875,Eritrea,1360
Rep71461,C21155,PR6210,223,4545,Saint Lucia,1361
Rep71462,C21155,PR6220,1026,11740,Myanmar,1362
Rep71463,C21155,PR6367,182,4870,Oman,1363
Rep71464,C21155,PR6211,1135,14190,Dominica,1364
Rep71465,C21155,PR6211,1102,13760,Jamaica,1365
Rep71466,C21155,PR6220,238,2485,Azerbaijan,1366
Rep71467,C21155,PR6211,4370,46390,Zimbabwe,1367
Rep71468,C21155,PR6220,1655,10785,Tuvalu,1368
Rep71469,C21155,PR6211,2070,25150,Kosovo,1369
Rep71470,C21155,PR6188,501,9355,Sweden,1370
Rep71471,C21155,PR6183,533,44360,Guatemala,1371
Rep71472,C21155,PR6188,936,14190,Hungary,1372
Rep71473,C21155,PR6211,1571,16120,Germany,1373
Rep71474,C21155,PR6183,6631,24420,United Kingdom,1374
Rep71475,C21155,PR6220,2188,23895,Central African Republic,1375
Rep71476,C21155,PR6220,2893,29565,Turkmenistan,1376
Rep71477,C21155,PR6220,4235,41020,Fiji,1377
Rep71478,C21155,PR6188,600,10395,Jamaica,1378
Rep71479,C21155,PR6211,1204,7020,Guatemala,1379
Rep71480,C21155,PR6211,976,6450,Burkina Faso,1380
Rep71481,C21155,PR6220,238,2485,United Kingdom,1381
Rep71482,C21155,PR6220,1766,12830,Morocco,1382
Rep71483,C21155,PR6210,107,1315,Cote d'Ivoire,1383
Rep71484,C21155,PR6207,342,3815,Luxembourg,1384
Rep71485,C21155,PR6210,107,1315,Vatican City,1385
Rep71486,C21155,PR6211,352,3835,Central African Republic,1386
Rep71487,C21155,PR6210,107,1315,Romania,1387
Rep71488,C21155,PR6596,105,1005,Ethiopia,1388
Rep71489,C21155,PR6211,1204,7020,Georgia,1389
Rep71490,C21155,PR6220,4235,41020,Serbia,1390
Rep71491,C21155,PR6211,1135,14190,Saudi Arabia,1391
Rep71492,C21155,PR6188,505,8050,Myanmar,1392
Rep71493,C21155,PR6220,331,4935,Luxembourg,1393
Rep71494,C21155,PR6220,2473,23935,Samoa ,1394
Rep71495,C21155,PR6220,1439,14255,Monaco,1395
Rep71496,C21155,PR6211,608,22415,Niger,1396
Rep71497,C21155,PR6188,936,14190,Sri Lanka,1397
Rep71498,C21155,PR6211,2788,28830,Dominica,1398
Rep71499,C21155,PR6211,1135,14190,San Marino,1399
Rep71500,C21155,PR6220,105,1135,Liechtenstein,1400
Rep71501,C21155,PR6183,13557,30055,Sao Tome and Principe,1401
Rep71502,C21155,PR6211,1102,13760,Comoros,1402
Rep71503,C21155,PR6207,342,3815,Guinea,1403
Rep71504,C21155,PR6211,1190,12715,Jordan,1404
Rep71505,C21155,PR6188,936,14190,Japan,1405
Rep71506,C21155,PR6207,342,3815,Ghana,1406
Rep71507,C21155,PR6220,2893,29565,Comoros,1407
Rep71508,C21155,PR6367,2481,5265,Guatemala,1408
Rep71509,C21155,PR6211,327,2520,Mongolia,1409
Rep71510,C21155,PR6188,862,12495,Afghanistan,1410
Rep71511,C21155,PR6188,862,12495,Comoros,1411
Rep71512,C21155,PR6188,508,8040,Kyrgyzstan,1412
Rep71513,C21155,PR6188,230,7730,Kosovo,1413
Rep71514,C22244,PR6213,106,1040,Albania,1414
Rep71515,C22244,PR6510,791,1450,Iran,1415
Rep71516,C22244,PR6358,115,1050,Nauru,1416
Rep71517,C22244,PR6302,456,2170,Greece,1417
Rep71518,C22244,PR6324,139,1400,Greenland,1418
Rep71519,C22244,PR6687,116,1105,Switzerland,1419
Rep71520,C22244,PR6180,391,1815,Central African Republic,1420
Rep71521,C22244,PR6434,571,3155,Luxembourg,1421
Rep71522,C22244,PR6202,565,1830,Germany,1422
Rep71523,C22244,PR6291,313,1725,Thailand,1423
Rep71524,C22244,PR6302,253,1625,Cape Verde,1424
Rep71525,C22244,PR6302,456,2170,Marshall Islands,1425
Rep71526,C22244,PR6577,133,1055,Turkmenistan,1426
Rep71527,C22244,PR6665,523,1980,Malta,1427
Rep71528,C22244,PR6510,238,2545,Georgia,1428
Rep71529,C22244,PR6521,122,1140,Germany,1429
Rep71530,C22244,PR6423,511,2865,Albania,1430
Rep71531,C22244,PR6302,657,2930,Mali,1431
Rep71532,C22244,PR6358,988,2075,Maldives,1432
Rep71533,C22244,PR6213,115,1120,Malaysia,1433
Rep71534,C22244,PR6676,128,1120,Israel,1434
Rep71535,C22244,PR6390,110,1090,Cape Verde,1435
Rep71536,C22244,PR6280,618,2740,Albania,1436
Rep71537,C22244,PR6180,391,1815,Serbia,1437
Rep71538,C22244,PR6665,634,2280,Yemen,1438
Rep71539,C22244,PR6676,320,1995,Serbia,1439
Rep71540,C22244,PR6180,403,2170,France,1440
Rep71541,C22244,PR6291,313,1725,Vanuatu,1441
Rep71542,C22244,PR6213,115,1120,Kiribati,1442
Rep71543,C22244,PR6521,126,1170,Costa Rica,1443
Rep71544,C22244,PR6247,1148,5820,Comoros,1444
Rep71545,C22244,PR6676,320,1995,China,1445
Rep71546,C22244,PR6390,110,1090,Dominican Republic,1446
Rep71547,C22244,PR6291,587,2660,Italy,1447
Rep71548,C22244,PR6390,4822,10085,Ghana,1448
Rep71549,C22244,PR6665,245,1350,Papua New Guinea,1449
Rep71550,C22244,PR6423,310,1950,Saint Lucia,1450
Rep71551,C22244,PR6347,144,1270,Cyprus,1451
Rep71552,C22244,PR6191,116,1265,Zimbabwe,1452
Rep71553,C22244,PR6510,287,4540,Somalia,1453
Rep71554,C22244,PR6302,253,1625,Spain,1454
Rep71555,C22244,PR6280,618,2740,Kenya,1455
Rep71556,C22244,PR6577,183,1190,Belize,1456
Rep71557,C22244,PR6291,460,2225,Somalia,1457
Rep71558,C22244,PR6180,213,1425,The Bahamas,1458
Rep71559,C22244,PR6510,287,4540,Iran,1459
Rep71560,C22244,PR6202,122,1040,Uzbekistan,1460
Rep71561,C22244,PR6676,198,1395,Ireland,1461
Rep71562,C22244,PR6347,107,1065,Qatar,1462
Rep71563,C22244,PR6324,455,3205,Uganda,1463
Rep71564,C22244,PR6521,108,1055,Cambodia,1464
Rep71565,C22244,PR6510,240,2655,Kyrgyzstan,1465
Rep71566,C22244,PR6291,1076,4390,Australia,1466
Rep71567,C22244,PR6665,523,1980,Italy,1467
Rep71568,C22244,PR6665,173,1130,Jamaica,1468
Rep71569,C22244,PR6180,391,1815,Cameroon,1469
Rep71570,C22244,PR6358,146,1335,Japan,1470
Rep71571,C22244,PR6599,133,1170,Cambodia,1471
Rep71572,C22244,PR6599,150,1280,Germany,1472
Rep71573,C22244,PR6180,418,1710,Burkina Faso,1473
Rep71574,C22244,PR6510,240,2655,Tuvalu,1474
Rep71575,C22244,PR6665,340,1390,Morocco,1475
Rep71576,C22244,PR6599,133,1150,Jamaica,1476
Rep71577,C22244,PR6543,106,1040,Malta,1477
Rep71578,C22244,PR6280,1248,5355,Iraq,1478
Rep71579,C22244,PR6577,166,1170,Hungary,1479
Rep71580,C22244,PR6390,110,1090,Nigeria,1480
Rep71581,C22244,PR6510,240,2655,Finland,1481
Rep71582,C22244,PR6521,122,1170,Cambodia,1482
Rep71583,C22244,PR6532,101,1025,Tanzania,1483
Rep71584,C22244,PR6247,1148,5820,Latvia,1484
Rep71585,C22244,PR6358,146,1335,Namibia,1485
Rep71586,C22244,PR6247,1148,5820,Uganda,1486
Rep71587,C22244,PR6202,122,1040,Lebanon,1487
Rep71588,C22244,PR6599,197,1540,Comoros,1488
Rep71589,C22244,PR6521,126,1170,Bosnia and Herzegovina,1489
Rep71590,C22244,PR6347,172,1865,Syria,1490
Rep71591,C22244,PR6510,791,1450,Cameroon,1491
Rep71592,C22244,PR6423,158,1200,Israel,1492
Rep71593,C22244,PR6468,116,1170,Bahrain,1493
Rep71594,C22244,PR6665,133,1065,Norway,1494
Rep71595,C22244,PR6202,122,1040,Guinea,1495
Rep71596,C22244,PR6147,135,1240,Pakistan,1496
Rep71597,C22244,PR6676,128,1120,Mauritania,1497
Rep71598,C22244,PR6180,403,2170,East Timor,1498
Rep71599,C22244,PR6180,146,1175,Rwanda,1499
Rep71600,C22244,PR6599,131,1320,Saudi Arabia,1500
Rep71601,C22244,PR6280,1380,7220,Benin,1501
Rep71602,C22244,PR6665,154,1100,Maldives,1502
Rep71603,C22244,PR6180,213,1425,Cyprus,1503
Rep71604,C22244,PR6599,200,1580,Nicaragua,1504
Rep71605,C22244,PR6543,106,1040,Tajikistan,1505
Rep71606,C22244,PR6225,177,1195,Croatia,1506
Rep71607,C22244,PR6543,251,1475,Haiti,1507
Rep71608,C22244,PR6510,287,4540,Mali,1508
Rep71609,C22244,PR6291,313,1725,Dominican Republic,1509
Rep71610,C22244,PR6191,116,1275,Indonesia,1510
Rep71611,C22244,PR6147,135,1240,Sri Lanka,1511
Rep71612,C22244,PR6280,618,2740,Iran,1512
Rep71613,C22244,PR6213,115,1120,San Marino,1513
Rep71614,C22244,PR6510,353,2755,Trinidad and Tobago,1514
Rep71615,C22244,PR6302,253,1625,Saudi Arabia,1515
Rep71616,C22244,PR6302,428,2245,Vietnam,1516
Rep71617,C22244,PR6423,158,1200,Jordan,1517
Rep71618,C22244,PR6291,1839,8705,Costa Rica,1518
Rep71619,C22244,PR6225,271,1455,Italy,1519
Rep71620,C22244,PR6698,131,1230,Taiwan,1520
Rep71621,C22244,PR6532,133,1060,Turkmenistan,1521
Rep71622,C22244,PR6665,133,1065,Kuwait,1522
Rep71623,C22244,PR6291,1101,5170,Papua New Guinea,1523
Rep71624,C22244,PR6180,213,1425,Spain,1524
Rep71625,C22244,PR6180,403,2170,Comoros,1525
Rep71626,C22244,PR6521,108,1055,Kiribati,1526
Rep71627,C22244,PR6302,456,2170,Latvia,1527
Rep71628,C22244,PR6358,988,2075,Cape Verde,1528
Rep71629,C22244,PR6423,369,2105,Denmark,1529
Rep71630,C22244,PR6599,200,1580,Kuwait,1530
Rep71631,C22244,PR6599,133,1150,Laos,1531
Rep71632,C22244,PR6510,218,2275,Taiwan,1532
Rep71633,C22244,PR6676,156,1125,Lithuania,1533
Rep71634,C22244,PR6358,988,2075,Ireland,1534
Rep71635,C22244,PR6302,657,2930,Kosovo,1535
Rep71636,C22244,PR6687,116,1105,Egypt,1536
Rep71637,C22244,PR6358,476,1925,Denmark,1537
Rep71638,C22244,PR6191,183,1495,Togo,1538
Rep71639,C22244,PR6599,200,1580,Guinea-Bissau,1539
Rep71640,C22244,PR6291,587,2660,Turkey,1540
Rep71641,C22244,PR6324,455,3205,United Kingdom,1541
Rep71642,C22244,PR6225,177,1195,Azerbaijan,1542
Rep71643,C22244,PR6291,587,2660,Jamaica,1543
Rep71644,C22244,PR6698,131,1230,Kenya,1544
Rep71645,C22244,PR6302,657,2930,Ireland,1545
Rep71646,C22244,PR6191,116,1265,The Bahamas,1546
Rep71647,C22244,PR6225,133,1130,Finland,1547
Rep71648,C22244,PR6543,197,1740,Azerbaijan,1548
Rep71649,C22244,PR6468,116,1170,Bulgaria,1549
Rep71650,C22244,PR6225,133,1130,Switzerland,1550
Rep71651,C22244,PR6147,135,1240,Estonia,1551
Rep71652,C22244,PR6423,158,1200,Lesotho,1552
Rep71653,C22244,PR6291,320,1745,Cote d'Ivoire,1553
Rep71654,C22244,PR6521,126,1170,Macedonia,1554
Rep71655,C22244,PR6280,1380,7220,Cambodia,1555
Rep71656,C22244,PR6510,791,1450,Maldives,1556
Rep71657,C22244,PR6225,159,1170,China,1557
Rep71658,C22244,PR6291,432,2135,Cameroon,1558
Rep71659,C22244,PR6543,106,1040,Liberia,1559
Rep71660,C22244,PR6468,116,1170,Monaco,1560
Rep71661,C22244,PR6225,133,1130,Honduras,1561
Rep71662,C22244,PR6324,455,3205,Djibouti,1562
Rep71663,C22244,PR6291,432,2135,South Korea,1563
Rep71664,C22244,PR6423,369,2105,United Arab Emirates,1564
Rep71665,C22244,PR6665,133,1065,Zambia,1565
Rep71666,C22244,PR6358,460,1735,Nauru,1566
Rep71667,C22244,PR6291,432,2135,Qatar,1567
Rep71668,C22244,PR6324,139,1400,Samoa ,1568
Rep71669,C22244,PR6665,634,2280,Bulgaria,1569
Rep71670,C22244,PR6225,154,1210,Gabon,1570
Rep71671,C22244,PR6136,140,1275,Chad,1571
Rep71672,C22244,PR6191,183,1495,Palau,1572
Rep71673,C22244,PR6599,133,1150,Oman,1573
Rep71674,C22244,PR6191,116,1265,Mexico,1574
Rep71675,C22244,PR6358,146,1335,Togo,1575
Rep71676,C22244,PR6687,126,1135,Saint Vincent and the Grenadines,1576
Rep71677,C22244,PR6687,116,1105,North Korea,1577
Rep71678,C22244,PR6577,183,1255,Cote d'Ivoire,1578
Rep71679,C22244,PR6302,130,1115,Morocco,1579
Rep71680,C22244,PR6665,634,2280,Monaco,1580
Rep71681,C22244,PR6698,131,1230,Lebanon,1581
Rep71682,C22244,PR6665,523,1980,Comoros,1582
Rep71683,C22244,PR6324,126,1270,South Korea,1583
Rep71684,C22244,PR6247,1591,8465,Cote d'Ivoire,1584
Rep71685,C22244,PR6532,103,1040,Mongolia,1585
Rep71686,C22244,PR6225,177,1195,Uganda,1586
Rep71687,C22244,PR6191,183,1495,Niger,1587
Rep71688,C22244,PR6291,237,1465,Australia,1588
Rep71689,C22244,PR6521,108,1055,Singapore,1589
Rep71690,C22244,PR6280,1380,7220,Comoros,1590
Rep71691,C22244,PR6358,115,1050,Federated States of Micronesia,1591
Rep71692,C22244,PR6423,369,2105,Montenegro,1592
Rep71693,C22244,PR6358,115,1050,Benin,1593
Rep71694,C22244,PR6676,128,1120,Canada,1594
Rep71695,C22244,PR6302,172,1295,Mauritania,1595
Rep71696,C22244,PR6180,448,1805,Burkina Faso,1596
Rep71697,C22244,PR6676,320,1995,Iraq,1597
Rep71698,C22244,PR6324,139,1400,Lesotho,1598
Rep71699,C21170,PR6477,433,3200,Namibia,1599
Rep71700,C21170,PR6280,6036,19210,Japan,1600
Rep71701,C21170,PR6477,711,11680,North Korea,1601
Rep71702,C21170,PR6477,316,3355,South Africa,1602
Rep71703,C21170,PR6477,655,7115,Liechtenstein,1603
Rep71704,C21170,PR6401,3193,14910,Marshall Islands,1604
Rep71705,C21170,PR6291,1797,6970,Burundi,1605
Rep71706,C21170,PR6358,672,3425,Jordan,1606
Rep71707,C21170,PR6269,1100,7660,Marshall Islands,1607
Rep71708,C21170,PR6280,1683,12605,Liberia,1608
Rep71709,C21170,PR6280,144,1210,Serbia,1609
Rep71710,C21170,PR6477,110,1220,Azerbaijan,1610
Rep71711,C21170,PR6477,444,7275,Sao Tome and Principe,1611
Rep71712,C21170,PR6280,865,3290,Solomon Islands,1612
Rep71713,C21170,PR6477,201,2620,Senegal,1613
Rep71714,C21170,PR6291,658,3120,Iraq,1614
Rep71715,C21170,PR6521,155,1425,Mexico,1615
Rep71716,C21170,PR6202,821,3120,East Timor,1616
Rep71717,C21170,PR6291,618,2680,Libya,1617
Rep71718,C21170,PR6247,3468,18955,Trinidad and Tobago,1618
Rep71719,C21170,PR6468,211,2935,Luxembourg,1619
Rep71720,C21170,PR6280,1780,8145,Indonesia,1620
Rep71721,C21170,PR6280,2249,20065,Nauru,1621
Rep71722,C21170,PR6358,611,3165,Tuvalu,1622
Rep71723,C21170,PR6423,1964,8715,South Sudan,1623
Rep71724,C21170,PR6477,626,7305,Chad,1624
Rep71725,C21170,PR6213,816,3515,Serbia,1625
Rep71726,C21170,PR6291,842,6930,Grenada,1626
Rep71727,C21170,PR6477,138,1550,Denmark,1627
Rep71728,C21170,PR6477,433,2720,Georgia,1628
Rep71729,C21170,PR6280,144,1205,Oman,1629
Rep71730,C21170,PR6477,266,2815,Swaziland,1630
Rep71731,C21170,PR6477,433,2995,Kuwait,1631
Rep71732,C21170,PR6280,991,8915,Ireland,1632
Rep71733,C21170,PR6136,216,1995,The Bahamas,1633
Rep71734,C21170,PR6280,2409,7635,Tunisia ,1634
Rep71735,C21170,PR6247,3212,11160,Sierra Leone,1635
Rep71736,C22231,PR6220,202,12125,Israel,1636
Rep71737,C22231,PR6220,122,3600,Zambia,1637
Rep71738,C22231,PR6227,501,8400,Sri Lanka,1638
Rep71739,C22231,PR6139,183,6835,Ethiopia,1639
Rep71740,C22231,PR6205,783,9815,Jordan,1640
Rep71741,C22231,PR6139,300,7580,Burundi,1641
Rep71742,C22231,PR6227,773,13990,Seychelles ,1642
Rep71743,C22231,PR6227,781,12515,Turkey,1643
Rep71744,C22231,PR6220,176,9585,Liberia,1644
Rep71745,C22231,PR6227,644,11925,Andorra,1645
Rep71746,C22231,PR6205,525,4130,Zambia,1646
Rep71747,C22231,PR6227,908,16800,Liberia,1647
Rep71748,C22231,PR6227,493,7065,Latvia,1648
Rep71749,C22231,PR6205,308,2395,Philippines,1649
Rep71750,C22231,PR6227,1282,24440,Botswana,1650
Rep71751,C22231,PR6205,3746,32745,The Gambia,1651
Rep71752,C22231,PR6227,347,6055,Lithuania,1652
Rep71753,C22345,PR6161,187,6130,Barbados,1653
Rep71754,C22345,PR6152,8433,30060,Mexico,1654
Rep71755,C22345,PR6140,31499,210995,Barbados,1655
Rep71756,C22345,PR6206,488,4695,Somalia,1656
Rep71757,C22345,PR6206,488,4695,Laos,1657
Rep71758,C22345,PR6160,659,10485,Fiji,1658
Rep71759,C22345,PR6140,6017,43875,Honduras,1659
Rep71760,C22345,PR6152,3790,14750,Belarus,1660
Rep71761,C22345,PR6140,15786,111650,China,1661
Rep71762,C22345,PR6206,488,4695,Tunisia ,1662
Rep71763,C22345,PR6140,4898,62790,Czech Republic,1663
Rep71764,C22345,PR6140,31499,210995,Solomon Islands,1664
Rep71765,C22345,PR6152,8433,30060,Niger,1665
Rep71766,C22345,PR6152,1110,13555,Uganda,1666
Rep71767,C22345,PR6205,127,1060,Nepal,1667
Rep71768,C22345,PR6140,523,10395,Central African Republic,1668
Rep71769,C22345,PR6140,135,1210,Uganda,1669
Rep71770,C22345,PR6206,655,4390,Austria,1670
Rep71771,C22345,PR6140,10053,76645,Cyprus,1671
Rep71772,C22345,PR6152,1571,6485,Senegal,1672
Rep71773,C22345,PR6152,16488,31390,Saint Lucia,1673
Rep71774,C22345,PR6140,41558,26190,Mozambique,1674
Rep71775,C22345,PR6152,3433,29560,Malta,1675
Rep71776,C22345,PR6140,349,4175,Sierra Leone,1676
Rep71777,C22345,PR6140,15786,111650,Portugal,1677
Rep71778,C22345,PR6205,169,1150,Zambia,1678
Rep71779,C22345,PR6140,21045,134925,Malawi,1679
Rep71780,C22345,PR6140,339,2415,Turkmenistan,1680
Rep71781,C22345,PR6160,268,3925,The Gambia,1681
Rep71782,C22345,PR6152,140,1250,Nauru,1682
Rep71783,C22345,PR6140,20340,100200,Sierra Leone,1683
Rep71784,C22345,PR6205,127,1060,North Korea,1684
Rep71785,C22345,PR6140,151,1905,Kiribati,1685
Rep71786,C22345,PR6160,381,7225,Germany,1686
Rep71787,C22345,PR6152,3790,14750,China,1687
Rep71788,C22345,PR6140,367,2645,Japan,1688
Rep71789,C22345,PR6140,15786,111650,Luxembourg,1689
Rep71790,C22345,PR6152,3433,7370,Canada,1690
Rep71791,C22345,PR6152,3790,14750,Botswana,1691
Rep71792,C22346,PR6364,101,1170,Sweden,1692
Rep71793,C22346,PR6350,704,10085,Dominican Republic,1693
Rep71794,C22346,PR6140,162,1330,Sudan,1694
Rep71795,C22346,PR6364,113,2530,Pakistan,1695
Rep71796,C22346,PR6365,142,8700,Rwanda,1696
Rep71797,C22346,PR6357,107,1470,South Africa,1697
Rep71798,C22346,PR6353,106,1825,Mauritius ,1698
Rep71799,C22346,PR6345,118,3225,Mongolia,1699
Rep71800,C22346,PR6209,106,1175,Russia,1700
Rep71801,C22346,PR6365,114,4005,Benin,1701
Rep71802,C22346,PR6351,102,1700,Equatorial Guinea,1702
Rep71803,C22346,PR6364,100,1185,Angola,1703
Rep71804,C22346,PR6357,145,8025,Liberia,1704
Rep71805,C22346,PR6357,109,2525,Iceland,1705
Rep71806,C22346,PR6365,161,11375,South Korea,1706
Rep71807,C22346,PR6364,126,5135,Germany,1707
Rep71808,C22346,PR6344,100,1410,Libya,1708
Rep71809,C22346,PR6365,166,10410,Luxembourg,1709
Rep71810,C22346,PR6140,162,1320,Iran,1710
Rep71811,C22346,PR6351,107,1745,Dominica,1711
Rep71812,C22346,PR6345,106,2895,Thailand,1712
Rep71813,C22346,PR6364,448,31845,Iraq,1713
Rep71814,C22346,PR6357,228,18045,Spain,1714
Rep71815,C22346,PR6350,1220,17860,Eritrea,1715
Rep71816,C22346,PR6351,128,4710,New Zealand,1716
Rep71817,C22346,PR6353,120,3640,Mongolia,1717
Rep71818,C22346,PR6345,111,2355,Montenegro,1718
Rep71819,C22346,PR6364,166,8085,Syria,1719
Rep71820,C22346,PR6365,145,9365,Sri Lanka,1720
Rep71821,C22006,PR6161,4883,53050,Vatican City,1721
Rep71822,C22006,PR6142,19698,188635,Latvia,1722
Rep71823,C22006,PR6152,311,3185,Slovakia,1723
Rep71824,C22006,PR6142,9840,72235,Solomon Islands,1724
Rep71825,C22006,PR6161,3260,39965,East Timor,1725
Rep71826,C22006,PR6142,12321,118295,Kenya,1726
Rep71827,C22006,PR6142,5325,63460,Swaziland,1727
Rep71828,C22006,PR6161,6087,59355,Solomon Islands,1728
Rep71829,C22006,PR6161,2994,31060,Burkina Faso,1729
Rep71830,C22006,PR6142,15629,123595,Vanuatu,1730
Rep71831,C22006,PR6152,661,9830,Rwanda,1731
Rep71832,C22006,PR6152,291,2825,Ukraine,1732
Rep71833,C22006,PR6142,7078,45970,Jordan,1733
Rep71834,C21849,PR6223,104,1100,Norway,1734
Rep71835,C21849,PR6143,144,1715,Ghana,1735
Rep71836,C21849,PR6223,102,1385,Tuvalu,1736
Rep71837,C21849,PR6326,102,1464,South Africa,1737
Rep71838,C21849,PR6474,103,1090,Antigua and Barbuda ,1738
Rep71839,C21849,PR6474,102,1120,Kyrgyzstan,1739
Rep71840,C21849,PR6223,144,1305,Mauritania,1740
Rep71841,C21849,PR6474,101,1055,Turkmenistan,1741
Rep71842,C21849,PR6223,105,1100,Chad,1742
Rep71843,C21849,PR6474,103,1050,Turkmenistan,1743
Rep71844,C21125,PR6618,101,1135,Latvia,1744
Rep71845,C21125,PR6322,105,1015,Greece,1745
Rep71846,C21125,PR6328,101,2520,Bulgaria,1746
Rep71847,C21125,PR6253,3058,12140,Italy,1747
Rep71848,C21125,PR6253,113,1590,Turkmenistan,1748
Rep71849,C21125,PR6326,100,2870,Tuvalu,1749
Rep71850,C21125,PR6329,102,1285,Lesotho,1750
Rep71851,C21125,PR6328,101,1115,Qatar,1751
Rep71852,C21125,PR6326,101,1380,Montenegro,1752
Rep71853,C21125,PR6245,105,2235,Lithuania,1753
Rep71854,C21125,PR6329,105,1050,Vatican City,1754
Rep71855,C21125,PR6328,101,1025,Malaysia,1755
Rep71856,C21125,PR6322,116,2385,Republic of the Congo,1756
Rep71857,C21125,PR6331,105,1355,China,1757
Rep71858,C21125,PR6322,155,1170,Marshall Islands,1758
Rep71859,C21125,PR6322,127,1295,Croatia,1759
Rep71860,C21125,PR6322,101,1260,Iceland,1760
Rep71861,C21125,PR6322,101,1260,Syria,1761
Rep71862,C21125,PR6161,100,1195,Netherlands,1762
Rep71863,C21125,PR6253,56218,66525,Hungary,1763
Rep71864,C21125,PR6326,100,1025,Mauritius ,1764
Rep71865,C21125,PR6618,100,1245,Serbia,1765
Rep71866,C21125,PR6144,100,1080,Moldova ,1766
Rep71867,C21125,PR6326,100,2870,Panama,1767
Rep71868,C21125,PR6329,100,1080,Poland,1768
Rep71869,C21125,PR6253,100,1010,Turkmenistan,1769
Rep71870,C21125,PR6322,100,1040,Croatia,1770
Rep71871,C21125,PR6334,102,1590,Vatican City,1771
Rep71872,C21125,PR6293,100,1140,Cameroon,1772
Rep71873,C21125,PR6331,102,1055,Haiti,1773
Rep71874,C21125,PR6329,100,1293,Spain,1774
Rep71875,C21125,PR6235,122,1155,Montenegro,1775
Rep71876,C21125,PR6329,104,1065,East Timor,1776
Rep71877,C21125,PR6293,100,1140,Cyprus,1777
Rep71878,C21125,PR6284,105,1155,Kosovo,1778
Rep71879,C21125,PR6245,102,1075,Liberia,1779
Rep71880,C21125,PR6253,3058,12140,Costa Rica,1780
Rep71881,C21125,PR6329,86,1105,Benin,1781
Rep71882,C21125,PR6329,102,1010,Latvia,1782
Rep71883,C21125,PR6331,100,1105,Tonga,1783
Rep71884,C21125,PR6328,101,2520,Indonesia,1784
Rep71885,C21125,PR6253,100,1115,North Korea,1785
Rep71886,C21125,PR6160,166,2230,Australia,1786
Rep71887,C21125,PR6177,2861,11395,Macedonia,1787
Rep71888,C21125,PR6284,102,1050,Democratic Republic of the Congo,1788
Rep71889,C21125,PR6322,101,1005,Swaziland,1789
Rep71890,C21125,PR6326,100,1025,Hungary,1790
Rep71891,C21125,PR6326,100,1010,Switzerland,1791
Rep71892,C21125,PR6253,100,1115,Japan,1792
Rep71893,C21125,PR6322,102,1065,Dominica,1793
Rep71894,C21125,PR6329,101,1130,Algeria,1794
Rep71895,C21125,PR6331,105,1720,Angola,1795
Rep71896,C21125,PR6144,108,1460,Kosovo,1796
Rep71897,C21125,PR6328,91,1130,Greenland,1797
Rep71898,C21125,PR6177,45417,85205,Burkina Faso,1798
Rep71899,C21125,PR6322,105,1050,Albania,1799
Rep71900,C21125,PR6284,102,1050,Israel,1800
Rep71901,C21125,PR6326,155,1615,Bahrain,1801
Rep71902,C21125,PR6322,102,1250,Finland,1802
Rep71903,C21125,PR6322,104,1390,The Gambia,1803
Rep71904,C21125,PR6331,100,1030,Mozambique,1804
Rep71905,C21125,PR6328,155,2030,Seychelles ,1805
Rep71906,C21125,PR6326,100,1010,The Bahamas,1806
Rep71907,C21125,PR6329,100,1293,United Kingdom,1807
Rep71908,C21125,PR6326,100,2870,Democratic Republic of the Congo,1808
Rep71909,C21125,PR6144,100,1080,Japan,1809
Rep71910,C21125,PR6177,5898,22830,Equatorial Guinea,1810
Rep71911,C21125,PR6326,101,1070,Palau,1811
Rep71912,C21125,PR6152,166,4715,Andorra,1812
Rep71913,C21125,PR6245,111,1050,Singapore,1813
Rep71914,C21125,PR6144,105,1115,Albania,1814
Rep71915,C21125,PR6322,105,1235,Sweden,1815
Rep71916,C21125,PR6161,155,1060,Togo,1816
Rep71917,C21125,PR6331,102,1080,Portugal,1817
Rep71918,C21125,PR6322,101,1260,Cuba,1818
Rep71919,C21125,PR6328,101,2520,Greenland,1819
Rep71920,C21125,PR6328,100,1010,Vanuatu,1820
Rep71921,C21125,PR6253,100,1010,United Kingdom,1821
Rep71922,C21125,PR6329,105,1050,Laos,1822
Rep71923,C21125,PR6253,111,1010,Russia,1823
Rep71924,C21125,PR6253,127,2180,Papua New Guinea,1824
Rep71925,C21125,PR6253,105,1410,Burundi,1825
Rep71926,C21125,PR6329,101,1125,Turkmenistan,1826
Rep71927,C21125,PR6161,105,1510,Republic of the Congo,1827
Rep71928,C21125,PR6297,105,1120,Qatar,1828
Rep71929,C21125,PR6322,103,1270,Germany,1829
Rep71930,C21125,PR6326,103,1205,Israel,1830
Rep71931,C21125,PR6334,106,1105,Botswana,1831
Rep71932,C21125,PR6322,101,1045,Iraq,1832
Rep71933,C21125,PR6144,100,1080,Nauru,1833
Rep71934,C21125,PR6329,108,1240,Panama,1834
Rep71935,C21125,PR6322,100,1080,Gabon,1835
Rep71936,C21125,PR6177,2940,11690,Qatar,1836
Rep71937,C21125,PR6152,101,1255,South Africa,1837
Rep71938,C21125,PR6253,105,1180,Swaziland,1838
Rep71939,C21125,PR6161,105,1075,Greece,1839
Rep71940,C21125,PR6322,103,1195,Lesotho,1840
Rep71941,C21125,PR6245,101,1010,United Kingdom,1841
Rep71942,C21125,PR6160,105,1125,Finland,1842
Rep71943,C21125,PR6328,101,1125,Uganda,1843
Rep71944,C21125,PR6250,127,2535,Syria,1844
Rep71945,C21125,PR6144,116,1275,Bulgaria,1845
Rep71946,C21125,PR6253,103,3985,Macedonia,1846
Rep71947,C21125,PR6293,102,1005,Lesotho,1847
Rep71948,C21125,PR6329,111,1435,India,1848
Rep71949,C21125,PR6322,102,1190,Saint Kitts and Nevis ,1849
Rep71950,C21125,PR6293,100,1140,Switzerland,1850
Rep71951,C21125,PR6328,102,1070,Luxembourg,1851
Rep71952,C21125,PR6326,100,1010,Canada,1852
Rep71953,C21125,PR6334,105,1015,Zimbabwe,1853
Rep71954,C21125,PR6161,111,1100,China,1854
Rep71955,C21125,PR6253,105,1120,Kuwait,1855
Rep71956,C21125,PR6326,100,1025,Bahrain,1856
Rep71957,C21125,PR6293,101,1005,Antigua and Barbuda ,1857
Rep71958,C21125,PR6253,100,1165,Iceland,1858
Rep71959,C21125,PR6328,100,1010,Greenland,1859
Rep71960,C21125,PR6322,102,1455,Denmark,1860
Rep71961,C21125,PR6329,100,1080,Federated States of Micronesia,1861
Rep71962,C21125,PR6293,105,1720,Palau,1862
Rep71963,C21125,PR6329,100,1080,Nigeria,1863
Rep71964,C21125,PR6284,102,1050,Montenegro,1864
Rep71965,C21125,PR6235,122,1155,Ukraine,1865
Rep71966,C21125,PR6326,100,1025,Kuwait,1866
Rep71967,C21125,PR6329,100,1080,Ukraine,1867
Rep71968,C21125,PR6329,100,1293,Togo,1868
Rep71969,C21125,PR6322,85,1050,Saint Vincent and the Grenadines,1869
Rep71970,C21125,PR6253,100,1010,San Marino,1870
Rep71971,C21125,PR6633,100,1245,Papua New Guinea,1871
Rep71972,C21125,PR6322,105,1100,Sri Lanka,1872
Rep71973,C21125,PR6322,113,1130,Guinea-Bissau,1873
Rep71974,C21125,PR6322,100,1005,Oman,1874
Rep71975,C21125,PR6245,101,1125,Guatemala,1875
Rep71976,C21125,PR6322,101,1260,Serbia,1876
Rep71977,C21125,PR6334,111,1050,Andorra,1877
Rep71978,C21125,PR6326,100,1010,Mozambique,1878
Rep71979,C21125,PR6253,105,1160,Niger,1879
Rep71980,C21125,PR6334,166,3930,Malta,1880
Rep71981,C21125,PR6235,100,1590,Cuba,1881
Rep71982,C21125,PR6322,101,1260,Central African Republic,1882
Rep71983,C21125,PR6334,100,1060,Kyrgyzstan,1883
Rep71984,C21125,PR6293,101,1155,Denmark,1884
Rep71985,C21125,PR6330,200,2540,Maldives,1885
Rep71986,C21125,PR6328,100,1010,Tunisia ,1886
Rep71987,C21125,PR6331,101,1105,Cameroon,1887
Rep71988,C21125,PR6144,105,1115,Jamaica,1888
Rep71989,C21125,PR6326,100,2870,Israel,1889
Rep71990,C21125,PR6326,105,1130,Sudan,1890
Rep71991,C21125,PR6245,101,1065,Tajikistan,1891
Rep71992,C21125,PR6329,100,1293,Central African Republic,1892
Rep71993,C21125,PR6328,100,1010,Bosnia and Herzegovina,1893
Rep71994,C21125,PR6328,100,1220,Bangladesh,1894
Rep71995,C21125,PR6326,102,1615,Guinea-Bissau,1895
Rep71996,C21125,PR6151,105,1120,Papua New Guinea,1896
Rep71997,C21125,PR6161,105,1215,Nigeria,1897
Rep71998,C21125,PR6253,103,1190,Cambodia,1898
Rep71999,C21125,PR6322,101,1060,Kazakhstan,1899
Rep72000,C21125,PR6334,100,1255,Niger,1900
Rep72001,C21125,PR6329,111,1050,Kuwait,1901
Rep72002,C21125,PR6284,105,1105,Estonia,1902
Rep72003,C21125,PR6253,127,1530,Finland,1903
Rep72004,C21125,PR6293,100,1140,Chad,1904
Rep72005,C21125,PR6177,51595,96680,Lesotho,1905
Rep72006,C21125,PR6326,111,1050,Greece,1906
Rep72007,C21125,PR6328,101,2520,Maldives,1907
Rep72008,C21125,PR6253,105,1145,Tonga,1908
Rep72009,C21125,PR6328,100,1255,Cambodia,1909
Rep72010,C21125,PR6284,102,1050,Spain,1910
Rep72011,C21125,PR6235,122,1155,Saint Vincent and the Grenadines,1911
Rep72012,C21125,PR6331,101,1105,Mongolia,1912
Rep72013,C21125,PR6334,103,1470,Austria,1913
Rep72014,C21125,PR6177,44854,84155,Azerbaijan,1914
Rep72015,C21125,PR6334,101,1005,Russia,1915
Rep72016,C21125,PR6328,105,1090,Liechtenstein,1916
Rep72017,C21125,PR6253,105,1220,Bhutan,1917
Rep72018,C21125,PR6322,1414,5690,Eritrea,1918
Rep72019,C21125,PR6334,117,1220,Marshall Islands,1919
Rep72020,C21125,PR6328,111,1050,Georgia,1920
Rep72021,C21125,PR6326,100,1025,Dominica,1921
Rep72022,C21125,PR6235,122,1155,Trinidad and Tobago,1922
Rep72023,C21125,PR6253,105,1165,San Marino,1923
Rep72024,C21125,PR6245,183,1700,Estonia,1924
Rep72025,C21125,PR6253,103,2560,Malta,1925
Rep72026,C21125,PR6144,105,1170,Bulgaria,1926
Rep72027,C21125,PR6328,100,1100,Russia,1927
Rep72028,C21125,PR6322,105,1155,The Gambia,1928
Rep72029,C21125,PR6253,100,1005,East Timor,1929
Rep72030,C21125,PR6328,111,1060,Sri Lanka,1930
Rep72031,C21125,PR6334,101,1060,Estonia,1931
Rep72032,C21125,PR6157,105,1225,Indonesia,1932
Rep72033,C21125,PR6144,100,1080,Switzerland,1933
Rep72034,C22305,PR6537,103,1240,Portugal,1934
Rep72035,C22305,PR6323,101,1185,Serbia,1935
Rep72036,C22305,PR6607,102,1195,Barbados,1936
Rep72037,C22305,PR6533,100,1075,Belize,1937
Rep72038,C22305,PR6540,108,1325,Guinea,1938
Rep72039,C22305,PR6226,155,1310,Croatia,1939
Rep72040,C22305,PR6145,101,1170,Gabon,1940
Rep72041,C22305,PR6327,101,1295,Ukraine,1941
Rep72042,C22305,PR6520,100,1160,Montenegro,1942
Rep72043,C22305,PR6607,102,1195,Saudi Arabia,1943
Rep72044,C22305,PR6226,133,1255,Bhutan,1944
Rep72045,C22305,PR6284,100,1090,The Gambia,1945
Rep72046,C22305,PR6607,102,1195,Sudan,1946
Rep72047,C22305,PR6607,102,1140,Saint Vincent and the Grenadines,1947
Rep72048,C22305,PR6326,100,1035,Equatorial Guinea,1948
Rep72049,C22305,PR6327,122,2545,Central African Republic,1949
Rep72050,C22305,PR6284,101,1330,Spain,1950
Rep72051,C22305,PR6327,103,1660,Palau,1951
Rep72052,C22305,PR6226,101,1085,Finland,1952
Rep72053,C22305,PR6253,101,1045,Ethiopia,1953
Rep72054,C22305,PR6327,102,1565,Cape Verde,1954
Rep72055,C22305,PR6253,103,1595,Dominican Republic,1955
Rep72056,C22302,PR6510,105,1035,Saudi Arabia,1956
Rep72057,C22302,PR6510,211,2280,Bosnia and Herzegovina,1957
Rep72058,C22302,PR6291,1225,3520,Sudan,1958
Rep72059,C22302,PR6280,694,2655,Kiribati,1959
Rep72060,C22302,PR6510,127,1175,Mauritius ,1960
Rep72061,C22302,PR6280,648,2125,Lesotho,1961
Rep72062,C22302,PR6147,166,1235,Romania,1962
Rep72063,C22302,PR6698,191,1290,Latvia,1963
Rep72064,C22302,PR6653,115,1025,Spain,1964
Rep72065,C22302,PR6280,1226,4040,Dominica,1965
Rep72066,C22302,PR6147,138,1205,Sao Tome and Principe,1966
Rep72067,C22302,PR6653,211,1315,Kosovo,1967
Rep72068,C22302,PR6247,185,1185,Cameroon,1968
Rep72069,C22302,PR6147,119,1105,Taiwan,1969
Rep72070,C22302,PR6247,536,2290,Montenegro,1970
Rep72071,C22302,PR6588,127,1150,Croatia,1971
Rep72072,C22302,PR6510,163,1565,Lesotho,1972
Rep72073,C22302,PR6147,138,1205,Lesotho,1973
Rep72074,C22302,PR6280,1516,4965,Saint Lucia,1974
Rep72075,C22264,PR6147,343,1895,Cuba,1975
Rep72076,C22264,PR6521,105,1045,Kuwait,1976
Rep72077,C22264,PR6191,138,1355,Vanuatu,1977
Rep72078,C22264,PR6543,110,1175,Sierra Leone,1978
Rep72079,C22264,PR6446,115,1065,Dominican Republic,1979
Rep72080,C22264,PR6202,107,1030,Denmark,1980
Rep72081,C22264,PR6543,106,1095,Azerbaijan,1981
Rep72082,C22264,PR6434,363,2160,United Kingdom,1982
Rep72083,C22264,PR6521,110,1085,Gabon,1983
Rep72084,C22264,PR6510,213,1965,Grenada,1984
Rep72085,C22264,PR6147,333,2290,Burkina Faso,1985
Rep72086,C22264,PR6258,884,4655,Bangladesh,1986
Rep72087,C22264,PR6202,175,1270,San Marino,1987
Rep72088,C22264,PR6510,217,2525,Liechtenstein,1988
Rep72089,C22264,PR6369,285,1835,New Zealand,1989
Rep72090,C22264,PR6665,123,1110,Democratic Republic of the Congo,1990
Rep72091,C22264,PR6434,273,1720,Bahrain,1991
Rep72092,C22264,PR6665,137,1150,Vietnam,1992
Rep72093,C22264,PR6258,876,4985,Liechtenstein,1993
Rep72094,C22264,PR6665,105,1025,Myanmar,1994
Rep72095,C22264,PR6543,102,1035,Pakistan,1995
Rep72096,C22264,PR6588,123,1180,Saudi Arabia,1996
Rep72097,C22264,PR6236,106,1040,Moldova ,1997
Rep72098,C22264,PR6446,103,1030,Sweden,1998
Rep72099,C22264,PR6446,107,1035,Kyrgyzstan,1999
Rep72100,C22264,PR6446,103,1015,Maldives,2000
Rep72101,C22264,PR6588,103,1020,Moldova ,2001
Rep72102,C22264,PR6543,108,1155,Ireland,2002
Rep72103,C22264,PR6191,114,1125,Mongolia,2003
Rep72104,C22264,PR6521,111,1095,Mongolia,2004
Rep72105,C22264,PR6434,417,2370,Mauritius ,2005
Rep72106,C22264,PR6258,712,4045,Taiwan,2006
Rep72107,C22264,PR6258,573,2210,Cape Verde,2007
Rep72108,C22264,PR6258,810,4240,Trinidad and Tobago,2008
Rep72109,C22264,PR6236,106,1040,Bangladesh,2009
Rep72110,C22264,PR6369,188,1385,Thailand,2010
Rep72111,C22264,PR6468,102,1070,Belgium,2011
Rep72112,C22264,PR6369,231,1515,Kuwait,2012
Rep72113,C22264,PR6191,155,1365,Italy,2013
Rep72114,C22264,PR6147,164,1475,Mali,2014
Rep72115,C22264,PR6665,122,1115,Bulgaria,2015
Rep72116,C22264,PR6236,106,1040,Tajikistan,2016
Rep72117,C22264,PR6434,200,1445,Iceland,2017
Rep72118,C22264,PR6434,583,3035,Costa Rica,2018
Rep72119,C22264,PR6521,116,1135,Thailand,2019
Rep72120,C22264,PR6202,106,1020,Niger,2020
Rep72121,C22264,PR6434,181,1330,Iceland,2021
Rep72122,C22264,PR6468,102,1070,Namibia,2022
Rep72123,C22264,PR6434,293,1745,Azerbaijan,2023
Rep72124,C22264,PR6147,475,2380,Djibouti,2024
Rep72125,C22264,PR6191,144,1580,Liberia,2025
Rep72126,C22264,PR6588,160,1370,Samoa ,2026
Rep72127,C22264,PR6588,122,1140,Mauritania,2027
Rep72128,C22264,PR6369,340,1880,Qatar,2028
Rep72129,C22264,PR6369,174,1280,Indonesia,2029
Rep72130,C22264,PR6510,170,1630,Malta,2030
Rep72131,C22264,PR6147,185,1620,Spain,2031
Rep72132,C22264,PR6510,148,1485,Djibouti,2032
Rep72133,C22194,PR6297,105,1830,Switzerland,2033
Rep72134,C22194,PR6297,100,1045,Cuba,2034
Rep72135,C22194,PR6287,94,1005,Haiti,2035
Rep72136,C22194,PR6472,100,1130,Saint Lucia,2036
Rep72137,C22194,PR6323,146,1270,Honduras,2037
Rep72138,C22194,PR6297,112,2710,Sao Tome and Principe,2038
Rep72139,C22194,PR6329,138,2980,Belize,2039
Rep72140,C22194,PR6616,109,1040,Iceland,2040
Rep72141,C22194,PR6329,108,1440,Guinea,2041
Rep72142,C22194,PR6226,104,1025,Saint Lucia,2042
Rep72143,C22194,PR6298,103,1010,Guinea-Bissau,2043
Rep72144,C22194,PR6329,105,1495,Denmark,2044
Rep72145,C22194,PR6334,102,1070,Iceland,2045
Rep72146,C22194,PR6334,101,1135,Germany,2046
Rep72147,C22194,PR6297,107,2095,Nicaragua,2047
Rep72148,C22194,PR6334,98,1020,Zambia,2048
Rep72149,C22194,PR6284,100,1065,Niger,2049
Rep72150,C22194,PR6616,108,1035,Lithuania,2050
Rep72151,C22194,PR6297,100,1070,Mexico,2051
Rep72152,C22194,PR6284,101,1040,Vatican City,2052
Rep72153,C22194,PR6250,83,1045,Antigua and Barbuda ,2053
Rep72154,C22194,PR6323,102,1020,Kuwait,2054
Rep72155,C22194,PR6329,132,3060,Australia,2055
Rep72156,C22194,PR6284,102,1270,Dominica,2056
Rep72157,C22194,PR6284,110,1725,Marshall Islands,2057
Rep72158,C22194,PR6334,101,1140,Thailand,2058
Rep72159,C22194,PR6323,141,1180,Egypt,2059
Rep72160,C22194,PR6226,104,1025,Slovenia,2060
Rep72161,C22194,PR6329,103,1275,Lithuania,2061
Rep72162,C22194,PR6616,105,1005,Haiti,2062
Rep72163,C22194,PR6297,100,1045,Central African Republic,2063
Rep72164,C22194,PR6329,140,3455,Trinidad and Tobago,2064
Rep72165,C22194,PR6226,103,1015,Georgia,2065
Rep72166,C22194,PR6329,145,3905,North Korea,2066
Rep72167,C22194,PR6323,106,1045,Zambia,2067
Rep72168,C22194,PR6284,105,1460,San Marino,2068
Rep72169,C22194,PR6297,105,1830,Iraq,2069
Rep72170,C22194,PR6250,102,1150,Senegal,2070
Rep72171,C22194,PR6297,105,1830,Morocco,2071
Rep72172,C22194,PR6334,101,1180,Greece,2072
Rep72173,C22194,PR6297,107,2095,Bosnia and Herzegovina,2073
Rep72174,C22194,PR6297,100,1040,Moldova ,2074
Rep72175,C22194,PR6334,101,1135,Brunei,2075
Rep72176,C22194,PR6250,100,1025,Cote d'Ivoire,2076
Rep72177,C22194,PR6329,115,1905,Turkmenistan,2077
Rep72178,C22194,PR6250,101,1090,Iraq,2078
Rep72179,C22194,PR6329,155,4350,Republic of the Congo,2079
Rep72180,C22194,PR6334,101,1180,Palau,2080
Rep72181,C22194,PR6297,107,2095,Kyrgyzstan,2081
Rep72182,C22194,PR6226,101,1115,Switzerland,2082
Rep72183,C22194,PR6284,110,1725,Democratic Republic of the Congo,2083
Rep72184,C22194,PR6629,100,1150,Slovenia,2084
Rep72185,C22194,PR6616,105,1005,Spain,2085
Rep72186,C22194,PR6284,100,1065,Namibia,2086
Rep72187,C22194,PR6226,100,1025,Netherlands,2087
Rep72188,C22194,PR6284,103,1650,Comoros,2088
Rep72189,C22194,PR6297,100,1070,Seychelles ,2089
Rep72190,C22194,PR6226,104,1025,United States of America,2090
Rep72191,C22194,PR6616,105,1005,Belarus,2091
Rep72192,C22194,PR6616,100,1105,China,2092
Rep72193,C22194,PR6297,100,1070,United States of America,2093
Rep72194,C22194,PR6616,105,1005,Kyrgyzstan,2094
Rep72195,C22194,PR6616,105,1010,Benin,2095
Rep72196,C22194,PR6329,132,3060,Nigeria,2096
Rep72197,C22194,PR6616,105,1005,New Zealand,2097
Rep72198,C22194,PR6334,102,1070,Lesotho,2098
Rep72199,C22194,PR6625,63,1010,Samoa ,2099
Rep72200,C22194,PR6334,98,1020,Belize,2100
Rep72201,C22194,PR6329,132,3060,Switzerland,2101
Rep72202,C22194,PR6329,105,1495,Thailand,2102
Rep72203,C22194,PR6284,103,1270,Jamaica,2103
Rep72204,C22194,PR6329,108,1440,Honduras,2104
Rep72205,C22194,PR6250,83,1045,Guatemala,2105
Rep72206,C22194,PR6226,102,1045,Serbia,2106
Rep72207,C22194,PR6323,141,1180,Cambodia,2107
Rep72208,C22194,PR6616,108,1035,Italy,2108
Rep72209,C22194,PR6284,105,1250,Saint Vincent and the Grenadines,2109
Rep72210,C22194,PR6226,102,1060,United Arab Emirates,2110
Rep72211,C22194,PR6625,63,1010,Barbados,2111
Rep72212,C22194,PR6229,100,1035,Armenia,2112
Rep72213,C22194,PR6284,105,1250,North Korea,2113
Rep72214,C22194,PR6250,101,1090,South Sudan,2114
Rep72215,C22194,PR6334,98,1020,Benin,2115
Rep72216,C22194,PR6323,112,1045,Democratic Republic of the Congo,2116
Rep72217,C22194,PR6323,146,1215,Morocco,2117
Rep72218,C22194,PR6284,105,1290,Djibouti,2118
Rep72219,C22194,PR6226,102,1060,Eritrea,2119
Rep72220,C22194,PR6329,155,4350,Nepal,2120
Rep72221,C22194,PR6329,103,1600,United States of America,2121
Rep72222,C22194,PR6284,103,1225,Qatar,2122
Rep72223,C22194,PR6297,60,1045,Iraq,2123
Rep72224,C22194,PR6329,105,1380,Mauritius ,2124
Rep72225,C22194,PR6616,109,1040,Norway,2125
Rep72226,C22194,PR6334,98,1020,Kenya,2126
Rep72227,C22194,PR6284,103,1650,Liechtenstein,2127
Rep72228,C22194,PR6250,100,1025,Belarus,2128
Rep72229,C22194,PR6616,108,1035,Estonia,2129
Rep72230,C22194,PR6334,102,1070,Lesotho,2130
Rep72231,C22194,PR6329,138,2980,Malawi,2131
Rep72232,C22194,PR6297,100,1555,Fiji,2132
Rep72233,C22194,PR6250,101,1110,Guatemala,2133
Rep72234,C22194,PR6616,114,1095,Trinidad and Tobago,2134
Rep72235,C22194,PR6472,102,1030,Madagascar,2135
Rep72236,C22194,PR6284,105,1250,Uzbekistan,2136
Rep72237,C22194,PR6297,103,1570,Botswana,2137
Rep72238,C22194,PR6250,101,1110,Madagascar,2138
Rep72239,C22194,PR6472,100,1175,Lesotho,2139
Rep72240,C22194,PR6226,102,1155,Croatia,2140
Rep72241,C22194,PR6284,105,1250,Kiribati,2141
Rep72242,C22194,PR6226,105,1040,Haiti,2142
Rep72243,C22194,PR6284,102,1270,Iraq,2143
Rep72244,C22194,PR6297,100,1070,South Africa,2144
Rep72245,C22194,PR6287,94,1005,Mauritania,2145
Rep72246,C22194,PR6616,109,1040,Switzerland,2146
Rep72247,C22194,PR6629,100,1150,Ireland,2147
Rep72248,C22194,PR6226,105,1040,Morocco,2148
Rep72249,C22194,PR6323,141,1180,Cape Verde,2149
Rep72250,C22194,PR6616,108,1035,Togo,2150
Rep72251,C22194,PR6226,101,1055,Madagascar,2151
Rep72252,C22194,PR6329,141,3380,Ethiopia,2152
Rep72253,C22194,PR6329,155,4350,Vanuatu,2153
Rep72254,C22194,PR6334,101,1135,Iraq,2154
Rep72255,C22194,PR6297,107,2095,Niger,2155
Rep72256,C22194,PR6250,101,1235,South Sudan,2156
Rep72257,C22194,PR6329,132,3060,Tajikistan,2157
Rep72258,C22194,PR6250,102,1150,Ghana,2158
Rep72259,C22194,PR6329,105,1495,Togo,2159
Rep72260,C22194,PR6284,103,1650,Brunei,2160
Rep72261,C22194,PR6334,101,1135,San Marino,2161
Rep72262,C22194,PR6297,103,1570,South Korea,2162
Rep72263,C22194,PR6329,105,1495,Liechtenstein,2163
Rep72264,C22194,PR6297,109,2630,The Bahamas,2164
Rep72265,C22194,PR6250,100,1025,Russia,2165
Rep72266,C22194,PR6329,108,1440,Poland,2166
Rep72267,C22194,PR6329,103,1600,Equatorial Guinea,2167
Rep72268,C22194,PR6323,141,1180,Australia,2168
Rep72269,C22194,PR6334,101,1140,Sweden,2169
Rep72270,C22194,PR6250,102,1140,Ireland,2170
Rep72271,C22194,PR6250,80,1005,Czech Republic,2171
Rep72272,C22194,PR6616,105,1010,Switzerland,2172
Rep72273,C22194,PR6616,105,1005,Tuvalu,2173
Rep72274,C22194,PR6616,109,1045,Qatar,2174
Rep72275,C22194,PR6323,146,1215,Barbados,2175
Rep72276,C22194,PR6616,105,1005,Democratic Republic of the Congo,2176
Rep72277,C22194,PR6226,102,1055,Denmark,2177
Rep72278,C22194,PR6226,101,1110,Luxembourg,2178
Rep72279,C22194,PR6616,108,1035,Seychelles ,2179
Rep72280,C22194,PR6323,112,1045,Samoa ,2180
Rep72281,C22194,PR6329,138,2980,Kiribati,2181
Rep72282,C22194,PR6297,100,1070,Denmark,2182
Rep72283,C22194,PR6250,100,1025,Jamaica,2183
Rep72284,C22194,PR6226,102,1060,Angola,2184
Rep72285,C22194,PR6297,112,2710,Libya,2185
Rep72286,C22194,PR6334,99,1030,Latvia,2186
Rep72287,C22194,PR6625,63,1010,Turkey,2187
Rep72288,C22194,PR6329,108,1500,Lebanon,2188
Rep72289,C22194,PR6334,101,1180,Antigua and Barbuda ,2189
Rep72290,C22194,PR6329,130,2890,Brunei,2190
Rep72291,C22194,PR6226,101,1055,Bahrain,2191
Rep72292,C22194,PR6616,105,1010,Vanuatu,2192
Rep72293,C22194,PR6250,80,1005,Ireland,2193
Rep72294,C22194,PR6616,100,1135,Dominica,2194
Rep72295,C22194,PR6472,100,1280,The Gambia,2195
Rep72296,C22194,PR6287,94,1005,Norway,2196
Rep72297,C22194,PR6284,102,1270,Philippines,2197
Rep72298,C22194,PR6329,103,1600,United Kingdom,2198
Rep72299,C22194,PR6226,105,1160,Netherlands,2199
Rep72300,C22194,PR6334,101,1140,Samoa ,2200
Rep72301,C22194,PR6323,146,1215,Singapore,2201
Rep72302,C22194,PR6284,100,1065,Qatar,2202
Rep72303,C22194,PR6616,106,1015,Jamaica,2203
Rep72304,C22194,PR6297,142,2140,Palau,2204
Rep72305,C22194,PR6250,80,1005,Mauritania,2205
Rep72306,C22194,PR6284,102,1370,Sri Lanka,2206
Rep72307,C22194,PR6329,108,1440,Comoros,2207
Rep72308,C22194,PR6616,105,1010,Nigeria,2208
Rep72309,C22194,PR6472,105,1055,Jamaica,2209
Rep72310,C22194,PR6284,105,1290,Costa Rica,2210
Rep72311,C22194,PR6334,101,1180,Singapore,2211
Rep72312,C22194,PR6250,80,1005,Vanuatu,2212
Rep72313,C22194,PR6329,152,3815,Federated States of Micronesia,2213
Rep72314,C22194,PR6226,105,1040,India,2214
Rep72315,C22194,PR6284,102,1135,Libya,2215
Rep72316,C22194,PR6250,101,1090,Rwanda,2216
Rep72317,C22194,PR6616,110,1055,Jordan,2217
Rep72318,C22194,PR6226,100,1070,South Sudan,2218
Rep72319,C22194,PR6323,112,1045,Montenegro,2219
Rep72320,C22194,PR6250,80,1005,Madagascar,2220
Rep72321,C22194,PR6625,63,1010,The Gambia,2221
Rep72322,C22194,PR6472,106,1065,Vatican City,2222
Rep72323,C22194,PR6629,100,1150,Kuwait,2223
Rep72324,C22194,PR6284,100,1065,Syria,2224
Rep72325,C22194,PR6297,106,1985,South Korea,2225
Rep72326,C22194,PR6297,100,1130,Ireland,2226
Rep72327,C22194,PR6334,102,1215,Swaziland,2227
Rep72328,C22194,PR6616,109,1040,Guatemala,2228
Rep72329,C22194,PR6297,100,1045,Slovakia,2229
Rep72330,C22194,PR6250,101,1110,Sao Tome and Principe,2230
Rep72331,C22194,PR6297,100,1045,Zimbabwe,2231
Rep72332,C22194,PR6226,101,1055,Austria,2232
Rep72333,C22194,PR6298,103,1010,Romania,2233
Rep72334,C22194,PR6250,82,1030,Finland,2234
Rep72335,C22194,PR6616,105,1005,Cape Verde,2235
Rep72336,C22194,PR6226,105,1040,Cameroon,2236
Rep72337,C22194,PR6472,101,1630,Latvia,2237
Rep72338,C22194,PR6323,146,1215,Turkey,2238
Rep72339,C22194,PR6334,101,1095,Jamaica,2239
Rep72340,C22194,PR6284,103,1650,Pakistan,2240
Rep72341,C22194,PR6323,102,1020,Burkina Faso,2241
Rep72342,C22194,PR6250,102,1225,Bhutan,2242
Rep72343,C22194,PR6334,101,1095,Sri Lanka,2243
Rep72344,C22194,PR6250,100,1035,Austria,2244
Rep72345,C22194,PR6334,96,1005,Democratic Republic of the Congo,2245
Rep72346,C22194,PR6226,101,1055,Tuvalu,2246
Rep72347,C22194,PR6250,80,1005,Barbados,2247
Rep72348,C22194,PR6297,105,1830,Belarus,2248
Rep72349,C22194,PR6298,103,1010,Kiribati,2249
Rep72350,C22194,PR6616,105,1005,Jamaica,2250
Rep72351,C22194,PR6284,110,1725,Kosovo,2251
Rep72352,C22194,PR6250,100,1025,Saint Vincent and the Grenadines,2252
Rep72353,C22194,PR6250,80,1005,Cote d'Ivoire,2253
Rep72354,C22194,PR6148,83,1050,Bosnia and Herzegovina,2254
Rep72355,C22194,PR6323,102,1020,Tuvalu,2255
Rep72356,C22194,PR6250,101,1110,Ghana,2256
Rep72357,C22194,PR6250,100,1100,Slovenia,2257
Rep72358,C22194,PR6329,138,2980,Netherlands,2258
Rep72359,C22194,PR6334,101,1140,Guinea-Bissau,2259
Rep72360,C22194,PR6334,101,1160,Indonesia,2260
Rep72361,C22194,PR6334,98,1020,Saint Lucia,2261
Rep72362,C22194,PR6616,114,1095,Norway,2262
Rep72363,C22194,PR6616,114,1095,Algeria,2263
Rep72364,C22194,PR6297,100,1070,South Africa,2264
Rep72365,C22194,PR6226,102,1060,El Salvador,2265
Rep72366,C22194,PR6297,112,2710,Democratic Republic of the Congo,2266
Rep72367,C22194,PR6334,101,1085,Vatican City,2267
Rep72368,C22194,PR6284,102,1270,Burkina Faso,2268
Rep72369,C22194,PR6284,105,1570,Eritrea,2269
Rep72370,C22194,PR6250,83,1045,Botswana,2270
Rep72371,C22194,PR6284,102,1130,Belgium,2271
Rep72372,C22194,PR6297,100,1070,Sierra Leone,2272
Rep72373,C22194,PR6250,101,1090,Spain,2273
Rep72374,C22194,PR6323,139,1170,Chad,2274
Rep72375,C22194,PR6329,109,1360,Sudan,2275
Rep72376,C22194,PR6616,100,1075,Rwanda,2276
Rep72377,C22194,PR6298,100,1015,United Arab Emirates,2277
Rep72378,C22194,PR6284,105,1290,Pakistan,2278
Rep72379,C22194,PR6297,112,2905,Burundi,2279
Rep72380,C22194,PR6250,102,1150,Brunei,2280
Rep72381,C22194,PR6284,101,1090,Norway,2281
Rep72382,C22194,PR6616,100,1110,Panama,2282
Rep72383,C22194,PR6323,102,1015,Singapore,2283
Rep72384,C22194,PR6297,59,1020,Guinea-Bissau,2284
Rep72385,C21800,PR6173,191,3210,Poland,2285
Rep72386,C21800,PR6149,247,2915,Georgia,2286
Rep72387,C21800,PR6253,102,1105,Antigua and Barbuda ,2287
Rep72388,C21800,PR6595,140,3165,Mexico,2288
Rep72389,C21800,PR6171,216,2790,Cape Verde,2289
Rep72390,C21800,PR6326,108,2130,Guinea-Bissau,2290
Rep72391,C21800,PR6329,147,2095,Monaco,2291
Rep72392,C21800,PR6253,109,1355,Democratic Republic of the Congo,2292
Rep72393,C21800,PR6253,105,1215,Belize,2293
Rep72394,C21800,PR6326,507,14340,Bulgaria,2294
Rep72395,C21800,PR6331,115,2145,Azerbaijan,2295
Rep72396,C21800,PR6253,109,2505,Republic of the Congo,2296
Rep72397,C21800,PR6329,415,7575,Slovakia,2297
Rep72398,C21800,PR6496,102,1010,Hungary,2298
Rep72399,C21800,PR6595,105,1160,Thailand,2299
Rep72400,C21800,PR6149,149,1985,Kiribati,2300
Rep72401,C21800,PR6595,110,2010,Seychelles ,2301
Rep72402,C21800,PR6331,121,2240,France,2302
Rep72403,C21800,PR6595,178,5625,Ethiopia,2303
Rep72404,C21800,PR6595,158,2630,Lesotho,2304
Rep72405,C21800,PR6253,116,1325,Mongolia,2305
Rep72406,C21800,PR6149,142,1810,Angola,2306
Rep72407,C21800,PR6595,141,3555,Malta,2307
Rep72408,C21800,PR6156,133,2420,Benin,2308
Rep72409,C21800,PR6156,104,1105,Belize,2309
Rep72410,C21800,PR6253,117,1760,Republic of the Congo,2310
Rep72411,C21800,PR6331,135,2815,Belize,2311
Rep72412,C21800,PR6156,105,1055,Tuvalu,2312
Rep72413,C21800,PR6331,138,2455,Cote d'Ivoire,2313
Rep72414,C21800,PR6331,125,2545,Zimbabwe,2314
Rep72415,C21800,PR6253,110,1205,Dominica,2315
Rep72416,C21800,PR6329,286,6680,Bahrain,2316
Rep72417,C21800,PR6326,502,14390,Nauru,2317
Rep72418,C21800,PR6248,101,1035,Angola,2318
Rep72419,C21800,PR6253,95,1055,South Sudan,2319
Rep72420,C21800,PR6331,112,1705,Dominican Republic,2320
Rep72421,C21800,PR6602,211,2725,Benin,2321
Rep72422,C21800,PR6156,154,2025,Hungary,2322
Rep72423,C21800,PR6253,161,3230,Senegal,2323
Rep72424,C21800,PR6329,172,2620,Burkina Faso,2324
Rep72425,C21800,PR6253,108,1775,United Arab Emirates,2325
Rep72426,C21800,PR6253,122,1445,Montenegro,2326
Rep72427,C21800,PR6253,101,1035,East Timor,2327
Rep72428,C21800,PR6329,182,3650,Namibia,2328
Rep72429,C21800,PR6156,142,2955,Algeria,2329
Rep72430,C21800,PR6326,329,2360,Andorra,2330
Rep72431,C21800,PR6253,110,1365,Slovakia,2331
Rep72432,C21800,PR6326,255,4775,Poland,2332
Rep72433,C21800,PR6149,104,1770,Eritrea,2333
Rep72434,C21800,PR6165,142,1635,Belarus,2334
Rep72435,C21800,PR6331,114,2185,Nauru,2335
Rep72436,C21800,PR6149,115,3190,Palau,2336
Rep72437,C21800,PR6156,113,1155,Monaco,2337
Rep72438,C21800,PR6331,104,1230,Swaziland,2338
Rep72439,C21800,PR6156,136,5900,Djibouti,2339
Rep72440,C21800,PR6253,133,1645,Gabon,2340
Rep72441,C21800,PR6326,419,10500,Saint Lucia,2341
Rep72442,C21800,PR6253,113,1275,San Marino,2342
Rep72443,C21800,PR6469,388,3000,Pakistan,2343
Rep72444,C21800,PR6253,107,1150,Saudi Arabia,2344
Rep72445,C21800,PR6156,151,8550,Guinea,2345
Rep72446,C21800,PR6149,127,5110,Poland,2346
Rep72447,C21800,PR6149,147,2035,Niger,2347
Rep72448,C21800,PR6326,283,6930,Mauritius ,2348
Rep72449,C21800,PR6326,136,2525,Oman,2349
Rep72450,C21800,PR6329,151,2160,Somalia,2350
Rep72451,C21800,PR6595,122,2435,Samoa ,2351
Rep72452,C22286,PR6161,9733,108740,Togo,2352
Rep72453,C22286,PR6161,6612,65915,Latvia,2353
Rep72454,C22286,PR6161,17934,168920,Qatar,2354
Rep72455,C22286,PR6161,3912,58370,Kazakhstan,2355
Rep72456,C22286,PR6161,601,8445,Togo,2356
Rep72457,C22286,PR6161,717,16180,Republic of the Congo,2357
Rep72458,C22286,PR6221,150,1915,Namibia,2358
Rep72459,C22286,PR6161,8862,97840,Portugal,2359
Rep72460,C22286,PR6161,871,25830,Libya,2360
Rep72461,C22286,PR6150,1511,15570,Costa Rica,2361
Rep72462,C22286,PR6150,2247,10020,Poland,2362
Rep72463,C22286,PR6161,13005,149375,Honduras,2363
Rep72464,C22286,PR6150,1420,16970,Syria,2364
Rep72465,C22286,PR6161,10307,112975,Italy,2365
Rep72466,C22240,PR6290,1984,32050,Sweden,2366
Rep72467,C22240,PR6288,100,1035,Fiji,2367
Rep72468,C22240,PR6561,440,3520,Lithuania,2368
Rep72469,C22240,PR6290,1887,26415,Antigua and Barbuda ,2369
Rep72470,C22240,PR6288,100,1035,Italy,2370
Rep72471,C22240,PR6288,100,1035,Malawi,2371
Rep72472,C22240,PR6561,440,3520,Singapore,2372
Rep72473,C22240,PR6290,1051,17350,Serbia,2373
Rep72474,C22240,PR6290,101,1205,Sweden,2374
Rep72475,C22240,PR6595,103,1010,Saint Kitts and Nevis ,2375
Rep72476,C22240,PR6288,100,1035,Ethiopia,2376
Rep72477,C22240,PR6290,101,1205,Costa Rica,2377
Rep72478,C22240,PR6397,121,2630,Yemen,2378
Rep72479,C22240,PR6561,440,3520,Rwanda,2379
Rep72480,C22240,PR6561,351,3520,Equatorial Guinea,2380
Rep72481,C22240,PR6290,822,10645,Syria,2381
Rep72482,C22240,PR6290,101,1205,Mongolia,2382
Rep72483,C22240,PR6290,119,1705,Namibia,2383
Rep72484,C22240,PR6150,104,1485,San Marino,2384
Rep72485,C22240,PR6397,389,12625,Togo,2385
Rep72486,C22240,PR6290,101,1205,Georgia,2386
Rep72487,C22240,PR6160,102,1080,Bangladesh,2387
Rep72488,C22240,PR6290,104,1120,Ireland,2388
Rep72489,C21120,PR6189,2569,16800,Kiribati,2389
Rep72490,C21120,PR6153,686,5215,Slovakia,2390
Rep72491,C21120,PR6189,6300,60735,The Gambia,2391
Rep72492,C21120,PR6189,4661,34450,Sao Tome and Principe,2392
Rep72493,C21120,PR6153,686,5215,Guinea,2393
Rep72494,C21120,PR6189,6297,42520,Tanzania,2394
Rep72495,C21120,PR6153,456,3590,Ukraine,2395
Rep72496,C21120,PR6189,5193,37005,Belarus,2396
Rep72497,C21120,PR6189,4464,30975,Malawi,2397
Rep72498,C21120,PR6189,5536,48055,Solomon Islands,2398
Rep72499,C21120,PR6153,461,3590,Botswana,2399
Rep72500,C21120,PR6189,12850,85665,Taiwan,2400
Rep72501,C21120,PR6189,3990,26270,Monaco,2401
Rep72502,C21259,PR6231,868,3055,Vietnam,2402
Rep72503,C21259,PR6253,1794,5205,Saint Kitts and Nevis ,2403
Rep72504,C21259,PR6253,1805,5175,Cote d'Ivoire,2404
Rep72505,C21259,PR6223,825,7645,Mongolia,2405
Rep72506,C21259,PR6253,3475,9210,Madagascar,2406
Rep72507,C21259,PR6241,4448,9420,Mozambique,2407
Rep72508,C21259,PR6153,155,1255,Vatican City,2408
Rep72509,C21259,PR6241,815,4740,Algeria,2409
Rep72510,C21259,PR6241,1095,4135,Finland,2410
Rep72511,C21259,PR6253,2288,6445,Jamaica,2411
Rep72512,C21259,PR6241,2209,7315,Australia,2412
Rep72513,C21259,PR6241,2280,7010,Kazakhstan,2413
Rep72514,C21259,PR6231,493,1855,Jordan,2414
Rep72515,C21259,PR6241,2246,8630,Poland,2415
Rep72516,C21259,PR6241,1488,4995,Cyprus,2416
Rep72517,C21259,PR6323,2266,5765,Bahrain,2417
Rep72518,C21259,PR6323,1988,6610,Ethiopia,2418
Rep72519,C21385,PR6253,396,4415,Democratic Republic of the Congo,2419
Rep72520,C21385,PR6253,648,7880,Turkmenistan,2420
Rep72521,C21385,PR6160,325,4225,East Timor,2421
Rep72522,C21385,PR6160,196,2820,Luxembourg,2422
Rep72523,C21385,PR6253,643,7980,Mozambique,2423
Rep72524,C21385,PR6160,937,11075,Ghana,2424
Rep72525,C21136,PR6173,812,3455,Cote d'Ivoire,2425
Rep72526,C21136,PR6167,3062,8490,Grenada,2426
Rep72527,C21136,PR6175,13988,25955,Iran,2427
Rep72528,C21136,PR6220,12975,23105,Haiti,2428
Rep72529,C21136,PR6167,3320,13145,Samoa ,2429
Rep72530,C21136,PR6160,105,1215,Democratic Republic of the Congo,2430
Rep72531,C21136,PR6167,3426,16380,Iraq,2431
Rep72532,C21136,PR6175,3483,7125,Nepal,2432
Rep72533,C21136,PR6183,820,2800,Mongolia,2433
Rep72534,C21136,PR6183,900,4675,Bahrain,2434
Rep72535,C21136,PR6182,3424,9115,Somalia,2435
Rep72536,C21136,PR6175,12001,23290,Guatemala,2436
Rep72537,C21136,PR6253,211,1655,Poland,2437
Rep72538,C21136,PR6173,1053,4160,Georgia,2438
Rep72539,C21136,PR6175,3483,7125,Guinea,2439
Rep72540,C21136,PR6175,3483,7125,Belize,2440
Rep72541,C21136,PR6175,2748,5845,Slovenia,2441
Rep72542,C21136,PR6183,760,2985,Burundi,2442
Rep72543,C21136,PR6182,760,2910,Egypt,2443
Rep72544,C21136,PR6175,17223,38475,Iceland,2444
Rep72545,C21136,PR6175,30851,53615,Grenada,2445
Rep72546,C21136,PR6175,24957,45735,Barbados,2446
Rep72547,C21409,PR6397,103,1150,Rwanda,2447
Rep72548,C21409,PR6320,100,1005,Monaco,2448
Rep72549,C21409,PR6223,111,1070,Kuwait,2449
Rep72550,C21409,PR6211,488,3950,Liechtenstein,2450
Rep72551,C21409,PR6226,122,1125,Libya,2451
Rep72552,C21409,PR6629,113,1105,Algeria,2452
Rep72553,C21409,PR6211,466,3740,Burkina Faso,2453
Rep72554,C21409,PR6211,422,3160,Guatemala,2454
Rep72555,C21409,PR6223,112,2015,Trinidad and Tobago,2455
Rep72556,C21409,PR6397,100,1110,Kiribati,2456
Rep72557,C21409,PR6223,340,2655,Norway,2457
Rep72558,C21409,PR6222,101,1020,Costa Rica,2458
Rep72559,C21409,PR6397,104,1190,Grenada,2459
Rep72560,C21409,PR6222,118,1315,Kuwait,2460
Rep72561,C21409,PR6249,116,1315,Australia,2461
Rep72562,C21409,PR6287,102,1070,Cote d'Ivoire,2462
Rep72563,C21409,PR6246,188,1565,Norway,2463
Rep72564,C21409,PR6160,110,1090,Estonia,2464
Rep72565,C21409,PR6253,101,1040,Spain,2465
Rep72566,C21919,PR6331,561,2580,Poland,2466
Rep72567,C21919,PR6253,113,1315,Haiti,2467
Rep72568,C21919,PR6161,1913,36080,The Gambia,2468
Rep72569,C21919,PR6250,103,1360,Dominican Republic,2469
Rep72570,C21919,PR6250,173,2270,Iran,2470
Rep72571,C21919,PR6250,173,2270,Serbia,2471
Rep72572,C21919,PR6625,101,1725,South Sudan,2472
Rep72573,C21919,PR6331,766,3305,El Salvador,2473
Rep72574,C21919,PR6331,217,1975,Austria,2474
Rep72575,C21919,PR6625,101,1735,San Marino,2475
Rep72576,C21919,PR6625,101,1735,Myanmar,2476
Rep72577,C21919,PR6161,6933,11630,Fiji,2477
Rep72578,C21919,PR6253,111,1300,Lebanon,2478
Rep72579,C21919,PR6331,356,3520,Bangladesh,2479
Rep72580,C21919,PR6331,238,2945,Mali,2480
Rep72581,C21919,PR6625,102,1495,Tuvalu,2481
Rep72582,C21919,PR6625,101,1110,Czech Republic,2482
Rep72583,C21919,PR6253,588,17045,Poland,2483
Rep72584,C21919,PR6161,8544,18365,Monaco,2484
Rep72585,C21919,PR6161,6822,25400,Jordan,2485
Rep72586,C21919,PR6625,102,1605,Kyrgyzstan,2486
Rep72587,C21919,PR6253,183,1975,Tunisia ,2487
Rep72588,C22142,PR6163,17950,49500,Ireland,2488
Rep72589,C21349,PR6168,101,1780,Kiribati,2489
Rep72590,C21349,PR6253,103,1275,Mauritius ,2490
Rep72591,C21349,PR6326,107,1535,Madagascar,2491
Rep72592,C21141,PR6189,511,3660,Kazakhstan,2492
Rep72593,C21141,PR6192,211,1935,Nicaragua,2493
Rep72594,C21141,PR6192,180,1580,Vanuatu,2494
Rep72595,C21141,PR6171,352,5640,Slovakia,2495
Rep72596,C21141,PR6549,1494,10260,Rwanda,2496
Rep72597,C21141,PR6183,1413,7415,Burkina Faso,2497
Rep72598,C21141,PR6192,275,1800,Brunei,2498
Rep72599,C21141,PR6525,218,1310,Eritrea,2499
Rep72600,C21141,PR6192,205,1480,Iran,2500
Rep72601,C21141,PR6171,236,2360,Slovakia,2501
Rep72602,C21141,PR6189,218,1830,United Arab Emirates,2502
Rep72603,C21141,PR6549,161,1980,Palau,2503
Rep72604,C21141,PR6171,1988,10380,Norway,2504
Rep72605,C21141,PR6173,530,4605,Romania,2505
Rep72606,C21141,PR6184,184,1390,Azerbaijan,2506
Rep72607,C21141,PR6549,2461,19000,Antigua and Barbuda ,2507
Rep72608,C21141,PR6253,100,1090,Malaysia,2508
Rep72609,C21141,PR6253,105,1565,China,2509
Rep72610,C21141,PR6183,593,3825,Sri Lanka,2510
Rep72611,C21141,PR6198,241,7595,Australia,2511
Rep72612,C21141,PR6208,183,3870,Netherlands,2512
Rep72613,C21141,PR6549,235,2270,Antigua and Barbuda ,2513
Rep72614,C21141,PR6171,1043,11515,Ukraine,2514
Rep72615,C21141,PR6189,422,3010,Russia,2515
Rep72616,C21141,PR6168,313,3440,Solomon Islands,2516
Rep72617,C21141,PR6549,3572,27270,San Marino,2517
Rep72618,C21141,PR6549,240,1070,Kenya,2518
Rep72619,C21141,PR6183,728,4105,Haiti,2519
Rep72620,C21141,PR6208,125,1725,Mongolia,2520
Rep72621,C21141,PR6171,350,2540,Jordan,2521
Rep72622,C21141,PR6171,158,1610,Cyprus,2522
Rep72623,C21141,PR6549,877,16240,Gabon,2523
Rep72624,C21141,PR6537,119,1730,Azerbaijan,2524
Rep72625,C21141,PR6253,185,1360,Singapore,2525
Rep72626,C21141,PR6549,216,1960,Greenland,2526
Rep72627,C21141,PR6189,145,1290,Belarus,2527
Rep72628,C21141,PR6549,372,2865,Honduras,2528
Rep72629,C21141,PR6208,166,3640,Jamaica,2529
Rep72630,C21141,PR6171,1169,8175,Namibia,2530
Rep72631,C21141,PR6192,341,2510,Saint Lucia,2531
Rep72632,C21141,PR6549,205,2915,Senegal,2532
Rep72633,C21141,PR6549,1750,17110,Algeria,2533
Rep72634,C21141,PR6183,141,1175,Honduras,2534
Rep72635,C21141,PR6253,108,1335,Libya,2535
Rep72636,C21141,PR6192,663,4405,Austria,2536
Rep72637,C21141,PR6549,1727,12820,Singapore,2537
Rep72638,C21141,PR6189,531,3760,Belgium,2538
Rep72639,C21141,PR6189,156,1390,Latvia,2539
Rep72640,C21141,PR6253,106,1305,Cyprus,2540
Rep72641,C21141,PR6549,300,2510,South Sudan,2541
Rep72642,C21141,PR6549,750,8185,Andorra,2542
Rep72643,C21141,PR6549,2516,17850,Guatemala,2543
Rep72644,C21141,PR6192,325,2270,Georgia,2544
Rep72645,C21141,PR6197,205,12895,Sudan,2545
Rep72646,C21141,PR6171,336,4350,Palau,2546
Rep72647,C21141,PR6171,180,1650,Turkey,2547
Rep72648,C21141,PR6208,183,4225,Madagascar,2548
Rep72649,C21141,PR6604,283,2700,Vatican City,2549
Rep72650,C21141,PR6192,200,1485,Guinea,2550
Rep72651,C21141,PR6549,2711,20950,Eritrea,2551
Rep72652,C21141,PR6549,2100,18020,South Korea,2552
Rep72653,C21141,PR6253,100,1120,Morocco,2553
Rep72654,C21141,PR6549,194,1690,Myanmar,2554
Rep72655,C21141,PR6549,1538,12310,San Marino,2555
Rep72656,C21141,PR6171,150,1215,Mexico,2556
Rep72657,C21141,PR6183,180,1355,Finland,2557
Rep72658,C21141,PR6171,222,3155,Estonia,2558
Rep72659,C21141,PR6197,208,3470,Seychelles ,2559
Rep72660,C21141,PR6189,502,3515,Trinidad and Tobago,2560
Rep72661,C21141,PR6547,128,2130,Estonia,2561
Rep72662,C21141,PR6189,417,3070,Zimbabwe,2562
Rep72663,C21141,PR6171,177,2075,Bulgaria,2563
Rep72664,C21141,PR6183,309,2150,Malawi,2564
Rep72665,C21141,PR6208,183,3490,Dominica,2565
Rep72666,C21141,PR6171,313,3440,Saudi Arabia,2566
Rep72667,C22281,PR6331,116,1570,Oman,2567
Rep72668,C22281,PR6253,308,4000,Kosovo,2568
Rep72669,C22281,PR6279,103,1020,Sweden,2569
Rep72670,C22281,PR6259,211,1395,Central African Republic,2570
Rep72671,C22281,PR6596,100,1005,Bangladesh,2571
Rep72672,C22281,PR6211,328,1060,Namibia,2572
Rep72673,C22281,PR6353,1358,38565,Sweden,2573
Rep72674,C22281,PR6322,107,1340,Republic of the Congo,2574
Rep72675,C22281,PR6579,3411,10070,Kyrgyzstan,2575
Rep72676,C22281,PR6580,2847,9020,Vatican City,2576
Rep72677,C22281,PR6352,2213,92470,Samoa ,2577
Rep72678,C22281,PR6354,101,1105,Cameroon,2578
Rep72679,C22281,PR6360,316,7625,Malawi,2579
Rep72680,C22281,PR6211,106,1060,South Sudan,2580
Rep72681,C22281,PR6253,219,4000,Finland,2581
Rep72682,C22281,PR6360,456,9615,China,2582
Rep72683,C22281,PR6549,460,3045,Panama,2583
Rep72684,C22281,PR6474,102,1080,Belarus,2584
Rep72685,C22281,PR6279,112,1105,Vanuatu,2585
Rep72686,C22281,PR6365,165,4625,Thailand,2586
Rep72687,C22281,PR6353,310,8000,Palau,2587
Rep72688,C22281,PR6616,286,2155,Israel,2588
Rep72689,C22281,PR6253,206,1875,Georgia,2589
Rep72690,C22281,PR6279,240,1880,Lithuania,2590
Rep72691,C22281,PR6322,102,1130,Kuwait,2591
Rep72692,C22281,PR6259,118,1135,New Zealand,2592
Rep72693,C22281,PR6474,128,1545,Mauritania,2593
Rep72694,C22281,PR6173,101,1005,Albania,2594
Rep72695,C22281,PR6616,196,1890,Eritrea,2595
Rep72696,C22281,PR6580,2805,9895,Cambodia,2596
Rep72697,C22281,PR6353,305,5300,Lesotho,2597
Rep72698,C22281,PR6549,461,2455,Tajikistan,2598
Rep72699,C22281,PR6360,910,22300,Vanuatu,2599
Rep72700,C22281,PR6637,105,1945,Ghana,2600
Rep72701,C22281,PR6549,197,1365,Burkina Faso,2601
Rep72702,C22281,PR6637,168,5860,Hungary,2602
Rep72703,C22281,PR6357,978,70455,Iceland,2603
Rep72704,C22281,PR6353,463,10240,Haiti,2604
Rep72705,C22281,PR6365,138,3425,Swaziland,2605
Rep72706,C22281,PR6357,157,5795,Macedonia,2606
Rep72707,C22281,PR6474,118,1420,Andorra,2607
Rep72708,C22281,PR6579,6438,21670,New Zealand,2608
Rep72709,C22281,PR6357,1176,87735,Niger,2609
Rep72710,C22281,PR6173,100,1010,Botswana,2610
Rep72711,C22281,PR6259,894,8440,Taiwan,2611
Rep72712,C22281,PR6637,115,2865,Pakistan,2612
Rep72713,C22281,PR6279,272,1975,Australia,2613
Rep72714,C22281,PR6253,150,2280,Greenland,2614
Rep72715,C22281,PR6580,177,1290,Belarus,2615
Rep72716,C22281,PR6595,113,1545,Madagascar,2616
Rep72717,C22281,PR6360,830,20725,United States of America,2617
Rep72718,C22281,PR6253,841,12560,Moldova ,2618
Rep72719,C22281,PR6211,122,1200,Pakistan,2619
Rep72720,C22281,PR6578,468,2260,Philippines,2620
Rep72721,C22281,PR6365,103,1225,Tajikistan,2621
Rep72722,C22281,PR6357,791,41685,Eritrea,2622
Rep72723,C22281,PR6322,123,2525,Belgium,2623
Rep72724,C22281,PR6259,118,1135,Canada,2624
Rep72725,C22281,PR6579,2512,6635,South Korea,2625
Rep72726,C22281,PR6253,102,1295,Swaziland,2626
Rep72727,C22281,PR6404,118,1970,Kiribati,2627
Rep72728,C22281,PR6578,269,1605,Slovenia,2628
Rep72729,C22281,PR6253,101,1035,Ethiopia,2629
Rep72730,C22281,PR6322,121,1380,Albania,2630
Rep72731,C22281,PR6360,316,7625,Greenland,2631
Rep72732,C22281,PR6404,120,2650,Liechtenstein,2632
Rep72733,C22281,PR6595,106,1560,Guatemala,2633
Rep72734,C22281,PR6579,5467,15340,Bosnia and Herzegovina,2634
Rep72735,C22281,PR6173,101,1020,Switzerland,2635
Rep72736,C22281,PR6474,118,1415,Trinidad and Tobago,2636
Rep72737,C22281,PR6360,733,20100,Kazakhstan,2637
Rep72738,C22281,PR6360,2721,99455,Italy,2638
Rep72739,C22281,PR6283,106,1045,United Arab Emirates,2639
Rep72740,C22281,PR6578,426,1650,Angola,2640
Rep72741,C22281,PR6579,488,1860,Portugal,2641
Rep72742,C22281,PR6283,107,1040,Australia,2642
Rep72743,C22281,PR6578,518,2225,Kuwait,2643
Rep72744,C22281,PR6352,1758,69200,Niger,2644
Rep72745,C22281,PR6595,115,1445,Yemen,2645
Rep72746,C22281,PR6616,117,1090,Cyprus,2646
Rep72747,C22281,PR6360,749,20120,Democratic Republic of the Congo,2647
Rep72748,C22281,PR6229,250,2165,Belize,2648
Rep72749,C22281,PR6229,133,1245,Seychelles ,2649
Rep72750,C22281,PR6580,1414,6705,Vanuatu,2650
Rep72751,C22281,PR6579,488,1860,Somalia,2651
Rep72752,C22281,PR6616,117,1090,Andorra,2652
Rep72753,C22281,PR6357,342,19135,Angola,2653
Rep72754,C22281,PR6322,108,1560,Finland,2654
Rep72755,C22281,PR6173,100,1030,Bahrain,2655
Rep72756,C22281,PR6357,157,5795,Greece,2656
Rep72757,C22281,PR6331,125,1710,Kyrgyzstan,2657
Rep72758,C22281,PR6549,700,3165,Guinea,2658
Rep72759,C22281,PR6353,1115,25110,Togo,2659
Rep72760,C22281,PR6357,171,5010,Somalia,2660
Rep72761,C22281,PR6353,305,5300,San Marino,2661
Rep72762,C22281,PR6616,691,2955,Cameroon,2662
Rep72763,C22281,PR6580,948,4105,Rwanda,2663
Rep72764,C22281,PR6579,1881,4755,Bosnia and Herzegovina,2664
Rep72765,C22281,PR6595,112,1885,Bulgaria,2665
Rep72766,C22281,PR6580,171,1630,Sweden,2666
Rep72767,C22281,PR6596,100,1188,Luxembourg,2667
Rep72768,C22281,PR6354,116,2620,Palau,2668
Rep72769,C22281,PR6578,210,1385,Palau,2669
Rep72770,C22281,PR6352,415,13580,Honduras,2670
Rep72771,C22281,PR6578,205,1235,Brunei,2671
Rep72772,C22281,PR6365,123,2205,Panama,2672
Rep72773,C22281,PR6474,101,1035,Sao Tome and Principe,2673
Rep72774,C22281,PR6357,1139,48830,Montenegro,2674
Rep72775,C22281,PR6364,131,2360,Japan,2675
Rep72776,C22281,PR6549,548,3085,Comoros,2676
Rep72777,C22281,PR6352,2172,94770,Iceland,2677
Rep72778,C22281,PR6352,2250,91385,Iceland,2678
Rep72779,C22281,PR6595,101,1080,Zambia,2679
Rep72780,C22281,PR6365,103,1225,Grenada,2680
Rep72781,C22281,PR6353,252,4865,Marshall Islands,2681
Rep72782,C22281,PR6404,112,1425,Namibia,2682
Rep72783,C22281,PR6365,103,1190,India,2683
Rep72784,C22281,PR6637,101,1080,Democratic Republic of the Congo,2684
Rep72785,C22281,PR6616,133,1195,Palau,2685
Rep72786,C22281,PR6357,273,10585,Libya,2686
Rep72787,C22281,PR6364,422,16540,Madagascar,2687
Rep72788,C22281,PR6616,413,3375,Romania,2688
Rep72789,C22281,PR6365,330,11935,Niger,2689
Rep72790,C22281,PR6578,198,1225,Australia,2690
Rep72791,C22281,PR6595,101,1080,Jamaica,2691
Rep72792,C22281,PR6279,123,1165,Syria,2692
Rep72793,C22281,PR6352,1356,57025,Papua New Guinea,2693
Rep72794,C22281,PR6595,223,2560,Hungary,2694
Rep72795,C22281,PR6365,111,1670,Australia,2695
Rep72796,C22281,PR6579,2513,8540,Russia,2696
Rep72797,C22281,PR6354,124,2750,Guinea-Bissau,2697
Rep72798,C22281,PR6322,102,1130,Papua New Guinea,2698
Rep72799,C22281,PR6616,101,1305,Mongolia,2699
Rep72800,C22281,PR6331,103,1140,Mexico,2700
Rep72801,C22281,PR6279,112,1105,Saint Vincent and the Grenadines,2701
Rep72802,C22281,PR6352,1320,44040,Taiwan,2702
Rep72803,C22281,PR6580,311,1825,Vatican City,2703
Rep72804,C22281,PR6364,147,3740,Sierra Leone,2704
Rep72805,C22281,PR6211,101,1005,Bhutan,2705
Rep72806,C22281,PR6578,1822,5695,Oman,2706
Rep72807,C22281,PR6580,999,4815,Saint Vincent and the Grenadines,2707
Rep72808,C22281,PR6595,112,1355,Sao Tome and Principe,2708
Rep72809,C22281,PR6360,1702,52805,Turkey,2709
Rep72810,C22281,PR6353,326,5495,Cameroon,2710
Rep72811,C22281,PR6211,111,1110,Sierra Leone,2711
Rep72812,C22281,PR6549,296,2170,Uganda,2712
Rep72813,C22281,PR6173,100,1005,Liberia,2713
Rep72814,C22281,PR6365,225,7970,East Timor,2714
Rep72815,C22281,PR6579,1645,5295,Cuba,2715
Rep72816,C22281,PR6616,269,1590,Moldova ,2716
Rep72817,C22281,PR6595,105,1320,India,2717
Rep72818,C22281,PR6283,101,1010,Estonia,2718
Rep72819,C21881,PR6628,91,1010,Kuwait,2719
Rep72820,C21881,PR6173,119,2610,Niger,2720
Rep72821,C21881,PR6609,112,1725,Iceland,2721
Rep72822,C21881,PR6248,258,6050,Estonia,2722
Rep72823,C21881,PR6248,227,4580,Tajikistan,2723
Rep72824,C21881,PR6371,102,1285,United Kingdom,2724
Rep72825,C21881,PR6590,315,3810,Qatar,2725
Rep72826,C21881,PR6590,158,2725,Cyprus,2726
Rep72827,C21881,PR6371,100,1010,The Gambia,2727
Rep72828,C21881,PR6593,252,3310,Uganda,2728
Rep72829,C21881,PR6628,100,1005,Bangladesh,2729
Rep72830,C21881,PR6609,131,2005,Central African Republic,2730
Rep72831,C21881,PR6593,279,7060,United Kingdom,2731
Rep72832,C21881,PR6590,136,1670,Ireland,2732
Rep72833,C21881,PR6253,115,1635,Singapore,2733
Rep72834,C21881,PR6391,102,1045,South Sudan,2734
Rep72835,C21881,PR6229,113,1160,Mali,2735
Rep72836,C21881,PR6253,156,2950,Greece,2736
Rep72837,C21881,PR6593,621,13285,Fiji,2737
Rep72838,C21881,PR6248,240,6200,Yemen,2738
Rep72839,C21881,PR6589,101,1040,India,2739
Rep72840,C21881,PR6628,100,1015,United Arab Emirates,2740
Rep72841,C21881,PR6590,137,1675,Togo,2741
Rep72842,C21881,PR6609,120,1690,Yemen,2742
Rep72843,C21881,PR6248,259,5270,Dominican Republic,2743
Rep72844,C21881,PR6616,101,1050,Romania,2744
Rep72845,C21881,PR6173,113,1915,Lithuania,2745
Rep72846,C21881,PR6593,280,3635,Austria,2746
Rep72847,C21881,PR6582,102,1025,Togo,2747
Rep72848,C21881,PR6173,125,2325,Liechtenstein,2748
Rep72849,C21881,PR6628,102,1055,Sierra Leone,2749
Rep72850,C21881,PR6616,101,1105,Equatorial Guinea,2750
Rep72851,C21881,PR6391,103,1095,Germany,2751
Rep72852,C21881,PR6609,173,3855,Romania,2752
Rep72853,C21881,PR6371,101,1215,Burkina Faso,2753
Rep72854,C21881,PR6253,119,1195,Brunei,2754
Rep72855,C21881,PR6616,106,1070,Ireland,2755
Rep72856,C21149,PR6177,13168,24685,Kyrgyzstan,2756
Rep72857,C21149,PR6174,668,2290,Turkey,2757
Rep72858,C21149,PR6230,2277,7350,Canada,2758
Rep72859,C21149,PR6174,7467,21550,Greece,2759
Rep72860,C21149,PR6227,11730,35440,Grenada,2760
Rep72861,C21149,PR6174,668,2290,Bangladesh,2761
Rep72862,C21149,PR6178,3573,10325,Cape Verde,2762
Rep72863,C21149,PR6174,668,2290,Democratic Republic of the Congo,2763
Rep72864,C21149,PR6578,86305,105260,Slovakia,2764
Rep72865,C21149,PR6192,479,2395,Cyprus,2765
Rep72866,C21149,PR6175,8698,24895,Zambia,2766
Rep72867,C21149,PR6230,4455,13700,Sao Tome and Principe,2767
Rep72868,C21149,PR6178,1576,3435,Turkmenistan,2768
Rep72869,C21149,PR6578,75846,95215,Honduras,2769
Rep72870,C21149,PR6174,384,1645,Cuba,2770
Rep72871,C21149,PR6178,2355,8735,Egypt,2771
Rep72872,C21149,PR6175,2958,9125,Fiji,2772
Rep72873,C21149,PR6230,4510,13860,Bosnia and Herzegovina,2773
Rep72874,C21149,PR6177,9721,17280,Taiwan,2774
Rep72875,C21149,PR6177,6408,13855,Maldives,2775
Rep72876,C21149,PR6178,3551,7860,Belgium,2776
Rep72877,C21149,PR6174,4012,11990,Lesotho,2777
Rep72878,C21149,PR6189,392,2070,Australia,2778
Rep72879,C21149,PR6227,497,2135,Solomon Islands,2779
Rep72880,C21149,PR6578,78884,89615,Saint Kitts and Nevis ,2780
Rep72881,C21149,PR6177,1955,4760,Romania,2781
Rep72882,C21149,PR6230,4455,13700,Latvia,2782
Rep72883,C21149,PR6177,17972,30120,Austria,2783
Rep72884,C21149,PR6177,6056,11720,Greece,2784
Rep72885,C21149,PR6177,3811,8515,Ethiopia,2785
Rep72886,C21149,PR6177,10057,17850,New Zealand,2786
Rep72887,C21149,PR6578,72360,86780,Liechtenstein,2787
Rep72888,C21149,PR6227,14757,46540,Sierra Leone,2788
Rep72889,C21149,PR6178,10456,28745,Kazakhstan,2789
Rep72890,C21149,PR6230,2277,7350,Brunei,2790
Rep72891,C21149,PR6177,3871,8350,Djibouti,2791
Rep72892,C21149,PR6175,5337,15815,Barbados,2792
Rep72893,C21149,PR6578,84043,107890,Ghana,2793
Rep72894,C21149,PR6177,5435,10365,New Zealand,2794
Rep72895,C21149,PR6578,92328,90400,Burundi,2795
Rep72896,C21149,PR6227,24710,68775,Seychelles ,2796
Rep72897,C21149,PR6227,12827,33205,Belgium,2797
Rep72898,C21149,PR6227,18183,44750,Lebanon,2798
Rep72899,C21149,PR6177,5295,11285,Angola,2799
Rep72900,C21149,PR6192,392,2080,Bahrain,2800
Rep72901,C21149,PR6177,3068,6690,Malaysia,2801
Rep72902,C21149,PR6227,12668,36245,Azerbaijan,2802
Rep72903,C21149,PR6178,8618,21185,Maldives,2803
Rep72904,C21149,PR6578,70481,81730,South Africa,2804
Rep72905,C21149,PR6177,3811,8515,San Marino,2805
Rep72906,C21149,PR6174,668,2290,Pakistan,2806
Rep72907,C21149,PR6174,668,2290,Denmark,2807
Rep72908,C21149,PR6178,2718,9500,Latvia,2808
Rep72909,C21149,PR6227,16950,53745,Fiji,2809
Rep72910,C21149,PR6227,10910,33005,Mauritania,2810
Rep72911,C21149,PR6578,84980,88895,Namibia,2811
Rep72912,C21149,PR6578,103701,113650,Afghanistan,2812
Rep72913,C21149,PR6178,18946,31625,Namibia,2813
Rep72914,C21149,PR6230,1655,7350,Czech Republic,2814
Rep72915,C21149,PR6178,3788,12085,Solomon Islands,2815
Rep72916,C21149,PR6178,32503,58130,Vatican City,2816
Rep72917,C21149,PR6178,2923,5420,Dominica,2817
Rep72918,C21149,PR6230,2277,7350,Iran,2818
Rep72919,C21149,PR6177,22391,37295,Jordan,2819
Rep72920,C21149,PR6175,940,3390,Marshall Islands,2820
Rep72921,C21149,PR6227,15516,45410,Grenada,2821
Rep72922,C22131,PR6567,6588,20710,The Gambia,2822
Rep72923,C22131,PR6248,5150,66985,Sierra Leone,2823
Rep72924,C22131,PR6579,118,1150,Madagascar,2824
Rep72925,C22131,PR6240,1696,24425,Austria,2825
Rep72926,C22131,PR6446,3752,44395,Serbia,2826
Rep72927,C22131,PR6241,121,1765,Macedonia,2827
Rep72928,C22131,PR6446,1266,14655,Spain,2828
Rep72929,C22131,PR6391,610,2830,North Korea,2829
Rep72930,C22131,PR6379,131,2980,Ghana,2830
Rep72931,C22131,PR6446,18711,223055,Somalia,2831
Rep72932,C22131,PR6388,148,3590,Poland,2832
Rep72933,C22131,PR6221,807,8805,Austria,2833
Rep72934,C22131,PR6240,619,7945,Bangladesh,2834
Rep72935,C22131,PR6382,121,2095,Ethiopia,2835
Rep72936,C22131,PR6399,183,11540,Maldives,2836
Rep72937,C22131,PR6238,162,1925,Macedonia,2837
Rep72938,C22131,PR6565,2981,16285,Grenada,2838
Rep72939,C22131,PR6241,1106,102030,France,2839
Rep72940,C22131,PR6244,207,2550,The Gambia,2840
Rep72941,C22131,PR6579,107,1060,Nigeria,2841
Rep72942,C22131,PR6240,1455,21905,Samoa ,2842
Rep72943,C22131,PR6446,1322,16060,Netherlands,2843
Rep72944,C22131,PR6223,623,14020,Australia,2844
Rep72945,C22131,PR6577,462,3435,New Zealand,2845
Rep72946,C22131,PR6579,136,1300,United Kingdom,2846
Rep72947,C22131,PR6282,216,6265,Montenegro,2847
Rep72948,C22131,PR6446,11377,136190,Nauru,2848
Rep72949,C22131,PR6368,102,1195,Israel,2849
Rep72950,C22131,PR6394,3726,50145,Saint Vincent and the Grenadines,2850
Rep72951,C22131,PR6446,1266,14655,Ethiopia,2851
Rep72952,C22131,PR6368,130,2660,Andorra,2852
Rep72953,C22131,PR6331,192,1905,East Timor,2853
Rep72954,C22131,PR6446,30350,359390,Guinea,2854
Rep72955,C22131,PR6368,111,1835,Guinea,2855
Rep72956,C22131,PR6378,197,6710,Belarus,2856
Rep72957,C22131,PR6253,1057,12580,Cuba,2857
Rep72958,C22131,PR6174,3691,14835,Andorra,2858
Rep72959,C22131,PR6579,107,1060,Zimbabwe,2859
Rep72960,C22131,PR6229,1040,3360,Liechtenstein,2860
Rep72961,C22131,PR6388,128,2575,Barbados,2861
Rep72962,C22131,PR6222,249,3195,Dominican Republic,2862
Rep72963,C22131,PR6391,186,1885,Dominica,2863
Rep72964,C22131,PR6223,1837,13625,Cambodia,2864
Rep72965,C22131,PR6240,1354,19275,Andorra,2865
Rep72966,C22131,PR6565,8027,46155,Taiwan,2866
Rep72967,C22131,PR6567,6588,20710,Israel,2867
Rep72968,C22131,PR6565,2981,16285,United States of America,2868
Rep72969,C22131,PR6248,7572,36055,Thailand,2869
Rep72970,C22131,PR6388,105,1260,Syria,2870
Rep72971,C22131,PR6435,866,17080,Turkmenistan,2871
Rep72972,C22131,PR6253,302,3485,Kosovo,2872
Rep72973,C22131,PR6391,526,2830,Ukraine,2873
Rep72974,C22131,PR6446,3294,38490,Liechtenstein,2874
Rep72975,C22131,PR6381,144,3130,Mozambique,2875
Rep72976,C22131,PR6238,112,1200,Nauru,2876
Rep72977,C22131,PR6229,303,1730,Senegal,2877
Rep72978,C22131,PR6229,283,1540,Solomon Islands,2878
Rep72979,C22131,PR6226,245,2240,Benin,2879
Rep72980,C22131,PR6446,1141,13470,Saint Vincent and the Grenadines,2880
Rep72981,C22131,PR6174,544,2545,Antigua and Barbuda ,2881
Rep72982,C22131,PR6446,11377,136190,Kosovo,2882
Rep72983,C22131,PR6446,3988,48225,Malaysia,2883
Rep72984,C22131,PR6249,223,3295,Sudan,2884
Rep72985,C22131,PR6446,2766,32215,Brunei,2885
Rep72986,C22131,PR6392,142,3185,Kazakhstan,2886
Rep72987,C22131,PR6462,5233,4155,Monaco,2887
Rep72988,C22131,PR6389,322,9440,South Korea,2888
Rep72989,C22131,PR6248,5100,68965,Saint Kitts and Nevis ,2889
Rep72990,C22131,PR6226,5191,19835,Estonia,2890
Rep72991,C22131,PR6317,106,1165,Iran,2891
Rep72992,C22131,PR6381,144,3130,Costa Rica,2892
Rep72993,C22131,PR6446,3988,17235,Rwanda,2893
Rep72994,C22131,PR6387,2220,60540,Burundi,2894
Rep72995,C22131,PR6399,120,2940,Cape Verde,2895
Rep72996,C22131,PR6446,3752,44395,Rwanda,2896
Rep72997,C22131,PR6382,252,11950,China,2897
Rep72998,C22131,PR6229,236,1600,Slovakia,2898
Rep72999,C22131,PR6253,440,5270,Kosovo,2899
Rep73000,C22131,PR6248,600,8405,Armenia,2900
Rep73001,C22131,PR6229,944,5045,El Salvador,2901
Rep73002,C22131,PR6568,40116,123410,Algeria,2902
Rep73003,C22131,PR6567,6791,21305,Burundi,2903
Rep73004,C22131,PR6248,2975,44530,Armenia,2904
Rep73005,C22131,PR6446,2766,32215,New Zealand,2905
Rep73006,C22131,PR6579,107,1060,Nepal,2906
Rep73007,C22131,PR6391,610,2830,Papua New Guinea,2907
Rep73008,C22131,PR6223,508,3645,Turkey,2908
Rep73009,C22131,PR6226,245,2240,United Kingdom,2909
Rep73010,C22131,PR6253,102,1155,Chad,2910
Rep73011,C22131,PR6462,5233,4155,Trinidad and Tobago,2911
Rep73012,C22131,PR6248,2266,12885,Haiti,2912
Rep73013,C22131,PR6253,222,2780,Cameroon,2913
Rep73014,C22131,PR6567,6791,21305,Liechtenstein,2914
Rep73015,C22131,PR6379,110,1690,Azerbaijan,2915
Rep73016,C22131,PR6382,414,25455,Ethiopia,2916
Rep73017,C22131,PR6388,105,1265,Sierra Leone,2917
Rep73018,C22131,PR6248,405,2730,Dominica,2918
Rep73019,C22131,PR6248,4686,42165,South Africa,2919
Rep73020,C22131,PR6248,1358,14285,Mongolia,2920
Rep73021,C22131,PR6568,32941,100460,Romania,2921
Rep73022,C22131,PR6565,5668,14875,Angola,2922
Rep73023,C22131,PR6565,2099,16460,Lebanon,2923
Rep73024,C22131,PR6253,200,1920,Bhutan,2924
Rep73025,C22131,PR6248,7572,36055,Swaziland,2925
Rep73026,C22131,PR6253,231,3315,Kazakhstan,2926
Rep73027,C22131,PR6389,125,2415,Barbados,2927
Rep73028,C22131,PR6391,526,2830,Marshall Islands,2928
Rep73029,C22131,PR6435,3163,55320,Mexico,2929
Rep73030,C22131,PR6239,226,6990,Turkmenistan,2930
Rep73031,C22131,PR6399,120,2940,Greece,2931
Rep73032,C22131,PR6435,1863,19690,Armenia,2932
Rep73033,C22131,PR6567,9591,32260,Namibia,2933
Rep73034,C22131,PR6223,3085,20130,Denmark,2934
Rep73035,C22131,PR6570,2601,22920,Vanuatu,2935
Rep73036,C22131,PR6565,11242,28765,Netherlands,2936
Rep73037,C22131,PR6388,148,3590,Bahrain,2937
Rep73038,C22131,PR6435,2397,31040,North Korea,2938
Rep73039,C22131,PR6240,619,7945,Sudan,2939
Rep73040,C22131,PR6229,130,1120,Mozambique,2940
Rep73041,C22131,PR6222,249,3195,Federated States of Micronesia,2941
Rep73042,C22131,PR6567,13191,42040,Cape Verde,2942
Rep73043,C22131,PR6576,45668,139545,Luxembourg,2943
Rep73044,C22131,PR6227,2167,7105,Nigeria,2944
Rep73045,C22131,PR6577,462,3435,Dominica,2945
Rep73046,C22131,PR6568,27762,86065,Botswana,2946
Rep73047,C22131,PR6282,216,6265,Bhutan,2947
Rep73048,C22131,PR6248,600,8405,Sudan,2948
Rep73049,C22131,PR6446,18711,223055,Slovakia,2949
Rep73050,C22131,PR6331,287,2715,Kosovo,2950
Rep73051,C22131,PR6239,2247,39700,Laos,2951
Rep73052,C22131,PR6387,2220,60540,Iceland,2952
Rep73053,C22131,PR6316,111,3100,South Korea,2953
Rep73054,C22131,PR6389,1231,37900,Turkey,2954
Rep73055,C22131,PR6571,7951,37150,Vanuatu,2955
Rep73056,C22131,PR6238,162,1925,Comoros,2956
Rep73057,C22131,PR6221,425,5975,Central African Republic,2957
Rep73058,C22131,PR6391,526,2830,Benin,2958
Rep73059,C22131,PR6223,115,1335,Libya,2959
Rep73060,C22131,PR6394,252,7415,Belgium,2960
Rep73061,C22131,PR6576,45668,139545,Mozambique,2961
Rep73062,C22131,PR6435,6284,100645,Indonesia,2962
Rep73063,C22131,PR6579,136,1300,Philippines,2963
Rep73064,C22131,PR6435,3163,55320,Antigua and Barbuda ,2964
Rep73065,C22131,PR6568,40116,123410,Niger,2965
Rep73066,C22131,PR6565,8027,46155,Guinea,2966
Rep73067,C22131,PR6174,696,2520,Maldives,2967
Rep73068,C22131,PR6229,2480,7700,Sierra Leone,2968
Rep73069,C22131,PR6241,101,1040,Uzbekistan,2969
Rep73070,C22131,PR6389,288,12255,Albania,2970
Rep73071,C22131,PR6567,13191,42040,The Bahamas,2971
Rep73072,C22131,PR6221,807,8805,Angola,2972
Rep73073,C22131,PR6567,6588,20710,Vietnam,2973
Rep73074,C22131,PR6223,508,3645,Nauru,2974
Rep73075,C22131,PR6331,282,2270,Kiribati,2975
Rep73076,C22131,PR6388,105,1265,Denmark,2976
Rep73077,C22131,PR6565,10083,29215,Tunisia ,2977
Rep73078,C22131,PR6253,103,1120,Morocco,2978
Rep73079,C22131,PR6382,182,6015,Nicaragua,2979
Rep73080,C22131,PR6446,3988,17235,Armenia,2980
Rep73081,C22131,PR6316,252,9490,South Africa,2981
Rep73082,C22131,PR6565,31591,185070,Romania,2982
Rep73083,C22131,PR6221,2782,18250,Indonesia,2983
Rep73084,C22131,PR6240,1455,21905,Fiji,2984
Rep73085,C22131,PR6253,302,1745,Luxembourg,2985
Rep73086,C22131,PR6391,186,1885,Sri Lanka,2986
Rep73087,C22131,PR6238,162,1925,The Bahamas,2987
Rep73088,C22131,PR6331,110,1085,Burkina Faso,2988
Rep73089,C22131,PR6382,180,6300,Albania,2989
Rep73090,C22131,PR6368,145,3860,Antigua and Barbuda ,2990
Rep73091,C22131,PR6567,274177,42040,Haiti,2991
Rep73092,C22131,PR6567,19566,60020,East Timor,2992
Rep73093,C22131,PR6382,198,9145,Sierra Leone,2993
Rep73094,C22131,PR6248,600,8405,Libya,2994
Rep73095,C22131,PR6240,619,7945,El Salvador,2995
Rep73096,C22131,PR6331,110,1105,Mongolia,2996
Rep73097,C22131,PR6222,249,3195,Grenada,2997
Rep73098,C22131,PR6565,5650,14830,San Marino,2998
Rep73099,C22131,PR6177,419,2915,East Timor,2999
Rep73100,C22131,PR6229,236,1600,The Bahamas,3000
Rep73101,C22131,PR6249,124,1435,South Sudan,3001
Rep73102,C22131,PR6392,121,2095,Ghana,3002
Rep73103,C22131,PR6388,105,1260,Bangladesh,3003
Rep73104,C22131,PR6331,140,1425,The Gambia,3004
Rep73105,C22131,PR6382,414,25455,Philippines,3005
Rep73106,C22131,PR6577,462,3435,Russia,3006
Rep73107,C22131,PR6579,205,1865,Pakistan,3007
Rep73108,C22131,PR6248,405,2730,Myanmar,3008
Rep73109,C22131,PR6248,6125,83395,Burkina Faso,3009
Rep73110,C22131,PR6391,186,1885,Cambodia,3010
Rep73111,C22131,PR6368,109,1705,Brunei,3011
Rep73112,C22131,PR6253,546,3945,Federated States of Micronesia,3012
Rep73113,C22131,PR6446,3294,38490,China,3013
Rep73114,C22131,PR6249,223,3295,Malawi,3014
Rep73115,C22131,PR6248,6125,83395,Ghana,3015
Rep73116,C22131,PR6368,207,6965,Gabon,3016
Rep73117,C22131,PR6253,107,1465,Canada,3017
Rep73118,C22131,PR6378,197,6710,Qatar,3018
Rep73119,C22131,PR6588,158,1870,Sudan,3019
Rep73120,C22131,PR6379,110,1690,Zambia,3020
Rep73121,C22131,PR6331,192,1905,Honduras,3021
Rep73122,C22131,PR6382,121,2095,Comoros,3022
Rep73123,C22131,PR6253,103,1120,Kenya,3023
Rep73124,C22131,PR6446,1141,13470,Mauritania,3024
Rep73125,C22131,PR6565,821,5005,Burundi,3025
Rep73126,C22131,PR6249,223,3295,Saint Lucia,3026
Rep73127,C22131,PR6244,145,11950,Sierra Leone,3027
Rep73128,C22131,PR6253,102,1155,Sudan,3028
Rep73129,C22131,PR6378,197,6710,Turkmenistan,3029
Rep73130,C22131,PR6221,2782,18250,Netherlands,3030
Rep73131,C22131,PR6317,106,1165,Greenland,3031
Rep73132,C22131,PR6576,45796,141090,Ukraine,3032
Rep73133,C22131,PR6253,946,52390,Ireland,3033
Rep73134,C22131,PR6248,2975,44530,Ukraine,3034
Rep73135,C22131,PR6368,207,6965,Libya,3035
Rep73136,C22131,PR6223,2363,12505,Tajikistan,3036
Rep73137,C22131,PR6446,1322,16060,Mozambique,3037
Rep73138,C22131,PR6253,103,1120,United Arab Emirates,3038
Rep73139,C22131,PR6399,183,11540,Andorra,3039
Rep73140,C22131,PR6576,41371,127605,Sri Lanka,3040
Rep73141,C22131,PR6248,3475,39535,South Sudan,3041
Rep73142,C22131,PR6253,107,1465,Myanmar,3042
Rep73143,C22131,PR6249,124,1435,Azerbaijan,3043
Rep73144,C22131,PR6240,967,14115,Sudan,3044
Rep73145,C22131,PR6253,815,10425,Kiribati,3045
Rep73146,C22131,PR6389,104,1195,Lithuania,3046
Rep73147,C22131,PR6240,967,14115,Turkey,3047
Rep73148,C22131,PR6394,3726,50145,Rwanda,3048
Rep73149,C22131,PR6394,3726,50145,Macedonia,3049
Rep73150,C22131,PR6394,724,7210,Honduras,3050
Rep73151,C22131,PR6244,145,11950,Samoa ,3051
Rep73152,C22131,PR6238,112,1200,Lithuania,3052
Rep73153,C22131,PR6177,387,2655,Cote d'Ivoire,3053
Rep73154,C22131,PR6446,3752,44395,Turkmenistan,3054
Rep73155,C22131,PR6382,180,6300,Democratic Republic of the Congo,3055
Rep73156,C22131,PR6241,353,1615,Papua New Guinea,3056
Rep73157,C22131,PR6399,120,2940,United Arab Emirates,3057
Rep73158,C22131,PR6576,41371,127605,Georgia,3058
Rep73159,C22131,PR6579,107,1060,Togo,3059
Rep73160,C22131,PR6382,212,8710,Federated States of Micronesia,3060
Rep73161,C22131,PR6567,19591,62695,Monaco,3061
Rep73162,C22131,PR6382,324,19990,Burundi,3062
Rep73163,C22131,PR6382,198,9145,Zimbabwe,3063
Rep73164,C22131,PR6381,144,3130,Equatorial Guinea,3064
Rep73165,C22131,PR6368,263,11105,Saint Vincent and the Grenadines,3065
Rep73166,C22131,PR6446,1266,14655,Greenland,3066
Rep73167,C22131,PR6565,6281,34760,Iraq,3067
Rep73168,C22131,PR6248,2266,12885,Gabon,3068
Rep73169,C22131,PR6565,8027,46155,Croatia,3069
Rep73170,C22131,PR6248,377,1700,Croatia,3070
Rep73171,C22131,PR6226,110,1045,Philippines,3071
Rep73172,C22131,PR6248,5100,68965,Latvia,3072
Rep73173,C22131,PR6174,696,2520,Niger,3073
Rep73174,C22131,PR6435,2397,31040,Moldova ,3074
Rep73175,C22131,PR6435,6284,100645,Maldives,3075
Rep73176,C22131,PR6253,993,12990,Maldives,3076
Rep73177,C22131,PR6331,132,1320,Honduras,3077
Rep73178,C22131,PR6382,107,1515,Andorra,3078
Rep73179,C22131,PR6565,5416,14450,Ukraine,3079
Rep73180,C22131,PR6222,112,1375,Lebanon,3080
Rep73181,C22131,PR6446,3294,38490,Malaysia,3081
Rep73182,C22131,PR6568,31246,96070,Albania,3082
Rep73183,C22131,PR6472,1091,4980,Namibia,3083
Rep73184,C22131,PR6446,2766,32215,Egypt,3084
Rep73185,C22131,PR6229,2480,7700,El Salvador,3085
Rep73186,C22131,PR6577,113,1120,Mauritius ,3086
Rep73187,C22131,PR6565,2608,15970,Malta,3087
Rep73188,C22131,PR6588,122,1060,Kosovo,3088
Rep73189,C22131,PR6382,273,13260,Grenada,3089
Rep73190,C22131,PR6567,6791,21290,Cyprus,3090
Rep73191,C22131,PR6253,152,1590,Cape Verde,3091
Rep73192,C22131,PR6248,405,2730,Andorra,3092
Rep73193,C22131,PR6389,288,12255,Spain,3093
Rep73194,C22131,PR6226,245,2240,Israel,3094
Rep73195,C22131,PR6446,11377,136190,Kyrgyzstan,3095
Rep73196,C22131,PR6568,32941,100460,Qatar,3096
Rep73197,C22131,PR6316,836,93515,Burundi,3097
Rep73198,C22131,PR6565,26532,153295,Mozambique,3098
Rep73199,C22131,PR6221,2782,18250,Australia,3099
Rep73200,C22131,PR6248,1358,14285,Saint Vincent and the Grenadines,3100
Rep73201,C22131,PR6576,45796,141090,Belize,3101
Rep73202,C22131,PR6565,2981,16285,Panama,3102
Rep73203,C22131,PR6446,3988,48225,Burundi,3103
Rep73204,C22131,PR6331,141,1440,Nauru,3104
Rep73205,C22131,PR6239,120,1310,Barbados,3105
Rep73206,C22131,PR6223,3085,20130,India,3106
Rep73207,C22131,PR6253,815,10425,The Gambia,3107
Rep73208,C22131,PR6238,112,1200,Mexico,3108
Rep73209,C22131,PR6248,1350,13640,Laos,3109
Rep73210,C22131,PR6387,2220,60540,Luxembourg,3110
Rep73211,C22131,PR6249,144,7350,Mexico,3111
Rep73212,C22131,PR6248,1358,14285,Mauritius ,3112
Rep73213,C22131,PR6576,45668,139545,Slovakia,3113
Rep73214,C22131,PR6316,252,9490,Jordan,3114
Rep73215,C22131,PR6240,2621,40590,Norway,3115
Rep73216,C22131,PR6226,1186,4490,Kuwait,3116
Rep73217,C22131,PR6382,198,9145,Saudi Arabia,3117
Rep73218,C22131,PR6382,121,2090,Guinea,3118
Rep73219,C22131,PR6222,249,3195,Swaziland,3119
Rep73220,C22131,PR6331,282,2270,Maldives,3120
Rep73221,C22131,PR6389,729,16170,Republic of the Congo,3121
Rep73222,C22131,PR6174,3691,14835,Antigua and Barbuda ,3122
Rep73223,C22131,PR6382,324,19990,United Arab Emirates,3123
Rep73224,C22131,PR6223,1837,13625,South Africa,3124
Rep73225,C22131,PR6253,946,52390,Czech Republic,3125
Rep73226,C22131,PR6238,162,1925,Nauru,3126
Rep73227,C22131,PR6576,45668,139545,Papua New Guinea,3127
Rep73228,C22131,PR6576,45796,141090,Solomon Islands,3128
Rep73229,C22131,PR6248,2794,14600,Serbia,3129
Rep73230,C22131,PR6368,116,1750,Iceland,3130
Rep73231,C22131,PR6446,18711,223055,Malta,3131
Rep73232,C22131,PR6565,8027,46155,Mauritania,3132
Rep73233,C22131,PR6331,199,2015,Dominican Republic,3133
Rep73234,C22131,PR6240,967,14115,Oman,3134
Rep73235,C22131,PR6248,1044,13740,Indonesia,3135
Rep73236,C22131,PR6565,2981,16285,Guinea-Bissau,3136
Rep73237,C22131,PR6382,136,3105,South Korea,3137
Rep73238,C22131,PR6368,246,10085,Togo,3138
Rep73239,C22131,PR6379,110,1690,Lebanon,3139
Rep73240,C22131,PR6392,3496,27075,Yemen,3140
Rep73241,C22131,PR6239,140,3170,Andorra,3141
Rep73242,C22131,PR6241,514,13670,Mauritania,3142
Rep73243,C22131,PR6229,303,1730,Estonia,3143
Rep73244,C22131,PR6579,118,1150,Chad,3144
Rep73245,C22131,PR6576,41371,127605,Botswana,3145
Rep73246,C22131,PR6331,107,1060,Iceland,3146
Rep73247,C22131,PR6588,166,1145,Nigeria,3147
Rep73248,C22131,PR6229,130,1120,Slovenia,3148
Rep73249,C22131,PR6387,2220,60540,Saint Kitts and Nevis ,3149
Rep73250,C22131,PR6317,106,1165,Tonga,3150
Rep73251,C22131,PR6388,165,3950,Tajikistan,3151
Rep73252,C22131,PR6229,173,1265,Indonesia,3152
Rep73253,C22131,PR6251,149,2130,Dominica,3153
Rep73254,C22131,PR6316,252,9490,South Korea,3154
Rep73255,C22131,PR6388,105,1260,Dominica,3155
Rep73256,C22131,PR6331,120,1205,Djibouti,3156
Rep73257,C22131,PR6249,223,3295,Australia,3157
Rep73258,C22131,PR6381,144,3130,Tonga,3158
Rep73259,C22131,PR6316,836,93515,Saint Lucia,3159
Rep73260,C22131,PR6248,2266,12885,Vanuatu,3160
Rep73261,C22131,PR6567,6791,21305,North Korea,3161
Rep73262,C22131,PR6317,106,1165,Jordan,3162
Rep73263,C22131,PR6331,148,1520,Cape Verde,3163
Rep73264,C22131,PR6331,176,1700,Somalia,3164
Rep73265,C22131,PR6316,331,11750,Ireland,3165
Rep73266,C22131,PR6174,696,2520,Laos,3166
Rep73267,C22131,PR6227,2167,7105,Algeria,3167
Rep73268,C22131,PR6174,544,2545,Senegal,3168
Rep73269,C22131,PR6579,136,1300,Croatia,3169
Rep73270,C22131,PR6253,808,22040,India,3170
Rep73271,C22131,PR6571,7951,37150,Luxembourg,3171
Rep73272,C22131,PR6331,153,1515,United Arab Emirates,3172
Rep73273,C22131,PR6389,1231,37900,Turkey,3173
Rep73274,C22131,PR6382,324,19990,San Marino,3174
Rep73275,C22131,PR6565,8574,51655,Tanzania,3175
Rep73276,C22131,PR6435,1138,13595,Senegal,3176
Rep73277,C22131,PR6391,610,2830,Jamaica,3177
Rep73278,C22131,PR6227,2167,7105,Mozambique,3178
Rep73279,C22131,PR6223,115,1335,Vanuatu,3179
Rep73280,C22131,PR6567,6500,21710,North Korea,3180
Rep73281,C22131,PR6331,142,1470,Mauritania,3181
Rep73282,C22131,PR6382,324,19990,Romania,3182
Rep73283,C22131,PR6389,193,4150,Tajikistan,3183
Rep73284,C22131,PR6568,49868,153255,Tunisia ,3184
Rep73285,C22131,PR6239,205,2865,Qatar,3185
Rep73286,C22131,PR6248,2266,12885,Mozambique,3186
Rep73287,C22131,PR6565,47855,154660,Burundi,3187
Rep73288,C22131,PR6331,148,1520,Seychelles ,3188
Rep73289,C22131,PR6368,116,1750,Armenia,3189
Rep73290,C22131,PR6253,815,10425,Austria,3190
Rep73291,C22131,PR6567,19591,62695,Mongolia,3191
Rep73292,C22131,PR6177,387,2655,Armenia,3192
Rep73293,C22131,PR6177,387,2655,Italy,3193
Rep73294,C22131,PR6446,1322,16060,Albania,3194
Rep73295,C22131,PR6248,3738,18415,Djibouti,3195
Rep73296,C22131,PR6446,1141,13470,Fiji,3196
Rep73297,C22131,PR6248,2975,44530,Fiji,3197
Rep73298,C22131,PR6389,187,6060,Israel,3198
Rep73299,C22131,PR6368,130,2660,Indonesia,3199
Rep73300,C22131,PR6462,5233,4155,Libya,3200
Rep73301,C22131,PR6423,2670,10555,Estonia,3201
Rep73302,C22131,PR6174,3371,13265,Moldova ,3202
Rep73303,C22131,PR6565,31591,185070,Kosovo,3203
Rep73304,C22131,PR6565,47855,154660,United Kingdom,3204
Rep73305,C22131,PR6368,124,2905,Bangladesh,3205
Rep73306,C22131,PR6567,6791,21290,Luxembourg,3206
Rep73307,C22131,PR6223,508,3645,Oman,3207
Rep73308,C22131,PR6446,3988,17235,Andorra,3208
Rep73309,C22131,PR6446,30350,359390,Estonia,3209
Rep73310,C22131,PR6462,5233,4155,Greenland,3210
Rep73311,C22131,PR6316,836,93515,Zimbabwe,3211
Rep73312,C22131,PR6389,322,9440,South Sudan,3212
Rep73313,C22131,PR6253,113,1520,Ethiopia,3213
Rep73314,C22131,PR6226,5191,19835,Oman,3214
Rep73315,C22131,PR6567,13191,42040,Swaziland,3215
Rep73316,C22131,PR6368,145,3860,Djibouti,3216
Rep73317,C22131,PR6576,45796,141090,Panama,3217
Rep73318,C22131,PR6248,5150,66985,Senegal,3218
Rep73319,C22131,PR6565,2099,16460,Mexico,3219
Rep73320,C22131,PR6577,116,1070,Tunisia ,3220
Rep73321,C22131,PR6331,192,1905,Luxembourg,3221
Rep73322,C22131,PR6446,933,11350,Sao Tome and Principe,3222
Rep73323,C22131,PR6446,3988,48225,Austria,3223
Rep73324,C22131,PR6389,193,4150,Niger,3224
Rep73325,C22131,PR6565,3525,23150,Serbia,3225
Rep73326,C22131,PR6248,5100,68965,Jamaica,3226
Rep73327,C22131,PR6446,766,9280,Greenland,3227
Rep73328,C22131,PR6249,124,1435,Swaziland,3228
Rep73329,C22131,PR6253,442,1475,Tunisia ,3229
Rep73330,C22131,PR6446,933,11350,Barbados,3230
Rep73331,C22131,PR6248,6125,83395,Burundi,3231
Rep73332,C22131,PR6248,1350,13640,Mozambique,3232
Rep73333,C22131,PR6253,147,1725,Thailand,3233
Rep73334,C22131,PR6240,1507,20165,Nepal,3234
Rep73335,C22131,PR6239,140,3170,Uzbekistan,3235
Rep73336,C22131,PR6282,216,6265,Kazakhstan,3236
Rep73337,C22131,PR6226,5191,19835,Switzerland,3237
Rep73338,C22131,PR6389,162,5030,Guatemala,3238
Rep73339,C22131,PR6253,113,1520,Bosnia and Herzegovina,3239
Rep73340,C22131,PR6229,583,2830,New Zealand,3240
Rep73341,C22131,PR6248,1358,14285,Mauritius ,3241
Rep73342,C22131,PR6382,192,8320,United Kingdom,3242
Rep73343,C22131,PR6248,4686,42165,El Salvador,3243
Rep73344,C22131,PR6253,231,3315,Papua New Guinea,3244
Rep73345,C22131,PR6565,821,5005,Netherlands,3245
Rep73346,C22131,PR6568,32941,100460,Saudi Arabia,3246
Rep73347,C22131,PR6567,19566,60020,Macedonia,3247
Rep73348,C22131,PR6368,145,3860,Serbia,3248
Rep73349,C22131,PR6565,3557,22670,Mali,3249
Rep73350,C22131,PR6565,2945,16520,Algeria,3250
Rep73351,C22131,PR6177,387,2655,Egypt,3251
Rep73352,C22131,PR6389,729,16170,Zambia,3252
Rep73353,C22131,PR6576,44377,137190,Bosnia and Herzegovina,3253
Rep73354,C22131,PR6253,808,22040,Burundi,3254
Rep73355,C22131,PR6588,122,1060,United Arab Emirates,3255
Rep73356,C22131,PR6221,425,5975,Saint Vincent and the Grenadines,3256
Rep73357,C22131,PR6316,111,3100,Finland,3257
Rep73358,C22131,PR6379,131,2980,Saudi Arabia,3258
Rep73359,C22131,PR6368,134,3450,Singapore,3259
Rep73360,C22131,PR6382,215,8405,Taiwan,3260
Rep73361,C22131,PR6423,2670,10555,Estonia,3261
Rep73362,C22131,PR6223,508,3645,Morocco,3262
Rep73363,C22131,PR6282,216,6265,Nepal,3263
Rep73364,C22131,PR6221,430,4005,Comoros,3264
Rep73365,C22131,PR6226,1186,4490,Burundi,3265
Rep73366,C22131,PR6389,104,1195,China,3266
Rep73367,C22131,PR6565,26532,153295,Saint Lucia,3267
Rep73368,C22131,PR6253,131,2850,Nigeria,3268
Rep73369,C22131,PR6248,3579,27460,Lesotho,3269
Rep73370,C22131,PR6368,130,2660,Malaysia,3270
Rep73371,C22131,PR6221,1041,8390,Azerbaijan,3271
Rep73372,C22131,PR6446,2461,30325,Zambia,3272
Rep73373,C22131,PR6379,110,1690,Kyrgyzstan,3273
Rep73374,C22131,PR6583,343,2070,Guinea,3274
Rep73375,C22131,PR6382,198,9145,Kazakhstan,3275
Rep73376,C22131,PR6239,120,1310,Czech Republic,3276
Rep73377,C22131,PR6221,807,8805,Zimbabwe,3277
Rep73378,C22131,PR6446,30350,359390,Switzerland,3278
Rep73379,C22131,PR6368,102,1195,Comoros,3279
Rep73380,C22131,PR6394,724,7210,Spain,3280
Rep73381,C22131,PR6239,205,2865,Eritrea,3281
Rep73382,C22131,PR6226,110,1045,Republic of the Congo,3282
Rep73383,C22131,PR6382,182,6015,The Bahamas,3283
Rep73384,C22131,PR6229,944,5045,Niger,3284
Rep73385,C22131,PR6248,7572,36055,Palau,3285
Rep73386,C22131,PR6446,2044,25150,Kenya,3286
Rep73387,C22131,PR6472,1091,4980,Bangladesh,3287
Rep73388,C22131,PR6435,866,17080,Djibouti,3288
Rep73389,C22131,PR6238,145,2225,Samoa ,3289
Rep73390,C22131,PR6223,1837,13625,Taiwan,3290
Rep73391,C22131,PR6229,944,5045,Monaco,3291
Rep73392,C22131,PR6253,120,3800,Grenada,3292
Rep73393,C22131,PR6423,3508,13965,Israel,3293
Rep73394,C22131,PR6331,282,2270,Thailand,3294
Rep73395,C22131,PR6248,3738,18415,Albania,3295
Rep73396,C22131,PR6435,1863,19690,Senegal,3296
Rep73397,C22131,PR6579,190,1745,Bangladesh,3297
Rep73398,C22131,PR6399,120,2940,Oman,3298
Rep73399,C22131,PR6229,283,1540,Australia,3299
Rep73400,C22131,PR6226,1186,4490,Tanzania,3300
Rep73401,C22131,PR6379,131,2980,Namibia,3301
Rep73402,C22131,PR6565,5409,14435,Malawi,3302
Rep73403,C22131,PR6241,353,1615,Kenya,3303
Rep73404,C22131,PR6583,1026,6555,Tajikistan,3304
Rep73405,C22131,PR6435,2397,31040,Maldives,3305
Rep73406,C22131,PR6568,27762,86065,Andorra,3306
Rep73407,C22131,PR6565,5650,14830,United Arab Emirates,3307
Rep73408,C22131,PR6571,7951,37150,Federated States of Micronesia,3308
Rep73409,C22131,PR6394,724,7210,Afghanistan,3309
Rep73410,C22131,PR6565,1228,10150,South Korea,3310
Rep73411,C22131,PR6382,341,18165,Guinea-Bissau,3311
Rep73412,C22131,PR6588,166,1145,Kenya,3312
Rep73413,C22131,PR6389,193,4150,Norway,3313
Rep73414,C22131,PR6588,116,1080,Mexico,3314
Rep73415,C22131,PR6446,655,7900,Democratic Republic of the Congo,3315
Rep73416,C22131,PR6331,157,1565,China,3316
Rep73417,C22131,PR6565,1228,10150,Italy,3317
Rep73418,C22131,PR6229,303,1730,Vietnam,3318
Rep73419,C22131,PR6368,109,1705,Sweden,3319
Rep73420,C22131,PR6382,121,2090,Maldives,3320
Rep73421,C22131,PR6248,377,1700,Hungary,3321
Rep73422,C22131,PR6435,2397,31040,United Arab Emirates,3322
Rep73423,C22131,PR6229,583,2830,Canada,3323
Rep73424,C22131,PR6331,153,1515,Germany,3324
Rep73425,C22131,PR6389,187,6060,Malawi,3325
Rep73426,C22131,PR6241,1106,102030,Bosnia and Herzegovina,3326
Rep73427,C22131,PR6446,516,6175,Oman,3327
Rep73428,C22131,PR6392,121,2095,Albania,3328
Rep73429,C22131,PR6368,111,1835,Myanmar,3329
Rep73430,C22131,PR6239,205,2865,Burundi,3330
Rep73431,C22131,PR6423,2670,10555,New Zealand,3331
Rep73432,C22131,PR6388,105,1265,Morocco,3332
Rep73433,C22131,PR6240,1354,19275,Panama,3333
Rep73434,C22131,PR6244,145,11950,Madagascar,3334
Rep73435,C22131,PR6565,24946,144965,Bahrain,3335
Rep73436,C22131,PR6248,5100,68965,Grenada,3336
Rep73437,C22131,PR6379,131,2980,Sao Tome and Principe,3337
Rep73438,C22131,PR6565,5668,14875,South Korea,3338
Rep73439,C22131,PR6472,1091,4980,Syria,3339
Rep73440,C22131,PR6239,2247,39700,Nigeria,3340
Rep73441,C22131,PR6389,187,6060,Vietnam,3341
Rep73442,C22131,PR6223,623,14020,Sierra Leone,3342
Rep73443,C22131,PR6240,1507,20165,Grenada,3343
Rep73444,C22131,PR6588,166,1145,Czech Republic,3344
Rep73445,C22131,PR6248,2475,29465,Zimbabwe,3345
Rep73446,C22131,PR6435,3163,55320,Panama,3346
Rep73447,C22131,PR6435,359,6075,Saint Kitts and Nevis ,3347
Rep73448,C22131,PR6240,1455,21905,San Marino,3348
Rep73449,C22131,PR6583,1026,6555,Costa Rica,3349
Rep73450,C22131,PR6223,3085,20130,Guinea,3350
Rep73451,C22131,PR6588,158,1870,Guinea,3351
Rep73452,C22131,PR6472,1091,4980,Cape Verde,3352
Rep73453,C22131,PR6381,196,4730,Vatican City,3353
Rep73454,C22131,PR6382,452,16725,Botswana,3354
Rep73455,C22131,PR6565,50327,283435,Latvia,3355
Rep73456,C22131,PR6331,163,1635,Ireland,3356
Rep73457,C22131,PR6240,2153,26430,Iraq,3357
Rep73458,C22131,PR6248,2475,29465,Ethiopia,3358
Rep73459,C22131,PR6382,211,8135,East Timor,3359
Rep73460,C22131,PR6392,121,2095,Federated States of Micronesia,3360
Rep73461,C22131,PR6435,359,6075,Kiribati,3361
Rep73462,C22131,PR6382,213,10580,Lithuania,3362
Rep73463,C22131,PR6368,111,1835,Ghana,3363
Rep73464,C22131,PR6368,134,3450,Malawi,3364
Rep73465,C22131,PR6229,347,2350,Libya,3365
Rep73466,C22131,PR6565,3525,23150,South Korea,3366
Rep73467,C22131,PR6240,1696,24425,Croatia,3367
Rep73468,C22131,PR6241,101,1040,France,3368
Rep73469,C22131,PR6588,122,1060,Latvia,3369
Rep73470,C22131,PR6331,163,1635,Philippines,3370
Rep73471,C22131,PR6435,2197,26700,Tuvalu,3371
Rep73472,C22131,PR6583,1335,7765,Tuvalu,3372
Rep73473,C22131,PR6389,322,9440,Zambia,3373
Rep73474,C22131,PR6241,353,1615,Federated States of Micronesia,3374
Rep73475,C22131,PR6226,5191,19835,Kuwait,3375
Rep73476,C22131,PR6229,236,1600,Uzbekistan,3376
Rep73477,C22131,PR6588,116,1080,Algeria,3377
Rep73478,C22131,PR6382,275,10550,Vanuatu,3378
Rep73479,C22131,PR6227,2167,7105,Denmark,3379
Rep73480,C22131,PR6579,107,1060,Kuwait,3380
Rep73481,C22131,PR6583,343,2070,Canada,3381
Rep73482,C22131,PR6583,732,4505,Angola,3382
Rep73483,C22131,PR6368,207,6965,Mali,3383
Rep73484,C22131,PR6567,6044,21315,Belize,3384
Rep73485,C22131,PR6331,102,1025,Poland,3385
Rep73486,C22131,PR6316,111,3100,France,3386
Rep73487,C22131,PR6382,249,12570,India,3387
Rep73488,C22131,PR6382,192,8320,Benin,3388
Rep73489,C22131,PR6382,106,1610,Czech Republic,3389
Rep73490,C22131,PR6241,121,1765,Poland,3390
Rep73491,C22131,PR6241,101,1040,Liechtenstein,3391
Rep73492,C22131,PR6583,732,4505,Tanzania,3392
Rep73493,C22131,PR6331,176,1700,Antigua and Barbuda ,3393
Rep73494,C22131,PR6588,158,1870,Liechtenstein,3394
Rep73495,C22131,PR6244,145,11950,Estonia,3395
Rep73496,C22131,PR6579,136,1300,Trinidad and Tobago,3396
Rep73497,C22131,PR6239,120,1310,United States of America,3397
Rep73498,C22131,PR6446,30350,359390,Dominica,3398
Rep73499,C22131,PR6435,6284,100645,Saudi Arabia,3399
Rep73500,C22131,PR6435,866,17080,Germany,3400
Rep73501,C21150,PR6176,272,1715,Chad,3401
Rep73502,C21150,PR6529,292,1670,Lithuania,3402
Rep73503,C21150,PR6253,100,1010,Sweden,3403
Rep73504,C21150,PR6596,146,1925,Luxembourg,3404
Rep73505,C21150,PR6176,275,1755,Montenegro,3405
Rep73506,C21150,PR6596,194,2935,Austria,3406
Rep73507,C21150,PR6596,183,2600,Antigua and Barbuda ,3407
Rep73508,C21150,PR6176,450,2480,Oman,3408
Rep73509,C21150,PR6529,636,2405,Algeria,3409
Rep73510,C21150,PR6529,602,2370,Jamaica,3410
Rep73511,C21153,PR6189,1188,6705,Lesotho,3411
Rep73512,C21153,PR6539,2021,7370,Iraq,3412
Rep73513,C21153,PR6539,989,3955,Tunisia ,3413
Rep73514,C21153,PR6179,10111,30970,Mozambique,3414
Rep73515,C21153,PR6179,7181,21100,Guatemala,3415
Rep73516,C21153,PR6179,6370,17575,Republic of the Congo,3416
Rep73517,C21153,PR6179,23563,62325,Afghanistan,3417
Rep73518,C21153,PR6179,24986,71185,Austria,3418
Rep73519,C21153,PR6199,641,4245,Malta,3419
Rep73520,C21153,PR6550,1538,4920,Oman,3420
Rep73521,C21153,PR6189,1247,7025,Somalia,3421
Rep73522,C21153,PR6189,462,3275,Monaco,3422
Rep73523,C21153,PR6539,2021,7370,Saint Lucia,3423
Rep73524,C21153,PR6539,101,7370,Singapore,3424
Rep73525,C21153,PR6179,6508,17550,Kiribati,3425
Rep73526,C21153,PR6189,101,7025,Angola,3426
Rep73527,C21153,PR6179,11257,31670,Botswana,3427
Rep73528,C21153,PR6189,1247,7025,Guinea-Bissau,3428
Rep73529,C21153,PR6179,4583,11440,Saint Vincent and the Grenadines,3429
Rep73530,C21153,PR6179,6119,17190,Iceland,3430
Rep73531,C21153,PR6179,6119,17190,Zimbabwe,3431
Rep73532,C21153,PR6179,23563,62325,Panama,3432
Rep73533,C22088,PR6198,413,2960,Kenya,3433
Rep73534,C22088,PR6179,408,3370,Tonga,3434
Rep73535,C22088,PR6179,14770,45640,Lesotho,3435
Rep73536,C22088,PR6550,2059,5970,Nepal,3436
Rep73537,C22088,PR6179,23285,61015,Djibouti,3437
Rep73538,C22088,PR6179,1792,5235,Tanzania,3438
Rep73539,C22088,PR6550,1039,3375,Burkina Faso,3439
Rep73540,C21326,PR6253,252,2755,The Bahamas,3440
Rep73541,C21326,PR6253,559,7480,Zimbabwe,3441
Rep73542,C21326,PR6253,611,6415,Ukraine,3442
Rep73543,C21326,PR6181,1404,4315,Bangladesh,3443
Rep73544,C21326,PR6248,270,1820,Monaco,3444
Rep73545,C21326,PR6181,2397,6835,Equatorial Guinea,3445
Rep73546,C21154,PR6595,124,1390,Syria,3446
Rep73547,C21154,PR6229,171,1145,Egypt,3447
Rep73548,C21154,PR6182,743,8155,Thailand,3448
Rep73549,C21154,PR6229,141,1090,Grenada,3449
Rep73550,C21154,PR6229,226,1265,Spain,3450
Rep73551,C21154,PR6182,591,6415,Dominica,3451
Rep73552,C21154,PR6579,398,1660,Japan,3452
Rep73553,C21154,PR6182,588,6445,Zimbabwe,3453
Rep73554,C21154,PR6229,154,1115,Botswana,3454
Rep73555,C21154,PR6579,444,1760,Saint Vincent and the Grenadines,3455
Rep73556,C21154,PR6182,927,10160,Cuba,3456
Rep73557,C21154,PR6595,133,1545,Myanmar,3457
Rep73558,C21154,PR6596,320,2525,Israel,3458
Rep73559,C21154,PR6579,1410,4480,Guinea-Bissau,3459
Rep73560,C21154,PR6229,197,1210,Azerbaijan,3460
Rep73561,C21154,PR6595,182,2055,United Kingdom,3461
Rep73562,C21154,PR6253,126,1275,Monaco,3462
Rep73563,C21154,PR6182,750,8130,Greece,3463
Rep73564,C21154,PR6579,400,1415,Iraq,3464
Rep73565,C21154,PR6182,625,6795,Honduras,3465
Rep73566,C21154,PR6253,255,1495,Mozambique,3466
Rep73567,C21154,PR6595,180,1985,Namibia,3467
Rep73568,C21154,PR6596,188,1625,Kazakhstan,3468
Rep73569,C21154,PR6616,101,1010,Liberia,3469
Rep73570,C21154,PR6579,1528,4150,Guinea,3470
Rep73571,C21154,PR6596,291,2290,Barbados,3471
Rep73572,C21154,PR6595,113,1220,Egypt,3472
Rep73573,C21154,PR6595,148,1775,Norway,3473
Rep73574,C21154,PR6579,942,2930,Botswana,3474
Rep73575,C21154,PR6229,140,1085,Tuvalu,3475
Rep73576,C21154,PR6596,309,2460,Nauru,3476
Rep73577,C21154,PR6596,254,2110,Tuvalu,3477
Rep73578,C21154,PR6253,146,1485,Kiribati,3478
Rep73579,C21154,PR6229,177,1165,Sweden,3479
Rep73580,C21154,PR6582,183,1155,Malawi,3480
Rep73581,C21154,PR6616,108,1240,Mozambique,3481
Rep73582,C21154,PR6596,152,1365,Papua New Guinea,3482
Rep73583,C21154,PR6579,836,2610,Switzerland,3483
Rep73584,C21154,PR6595,124,1390,Tajikistan,3484
Rep73585,C21154,PR6182,221,2330,Germany,3485
Rep73586,C21154,PR6596,207,1730,Iraq,3486
Rep73587,C21311,PR6253,960,8095,Malta,3487
Rep73588,C21311,PR6399,193,3780,Cyprus,3488
Rep73589,C21311,PR6683,231,8290,Bangladesh,3489
Rep73590,C21311,PR6679,429,15295,Samoa ,3490
Rep73591,C21311,PR6399,133,4040,Saint Lucia,3491
Rep73592,C21311,PR6674,306,6525,Mali,3492
Rep73593,C21311,PR6596,134,2550,Algeria,3493
Rep73594,C21311,PR6596,140,3090,Gabon,3494
Rep73595,C21311,PR6662,500,21860,Cuba,3495
Rep73596,C21311,PR6679,274,11130,Tonga,3496
Rep73597,C21311,PR6596,131,2875,Pakistan,3497
Rep73598,C21311,PR6253,950,7270,Fiji,3498
Rep73599,C21311,PR6674,5702,165090,Saint Kitts and Nevis ,3499
Rep73600,C21311,PR6253,861,9015,United Arab Emirates,3500
Rep73601,C21311,PR6673,520,16150,Honduras,3501
Rep73602,C21311,PR6662,478,20455,Zambia,3502
Rep73603,C21311,PR6596,126,2890,Pakistan,3503
Rep73604,C21311,PR6673,520,16150,Kazakhstan,3504
Rep73605,C21311,PR6683,635,34460,Ethiopia,3505
Rep73606,C21311,PR6679,429,15295,Nepal,3506
Rep73607,C21311,PR6253,680,5980,Eritrea,3507
Rep73608,C21311,PR6253,1210,8855,Djibouti,3508
Rep73609,C21311,PR6679,1198,56875,Bhutan,3509
Rep73610,C21311,PR6674,1420,40010,Swaziland,3510
Rep73611,C21311,PR6253,1210,8855,El Salvador,3511
Rep73612,C21311,PR6678,757,37240,Eritrea,3512
Rep73613,C21311,PR6673,520,16150,Mauritania,3513
Rep73614,C21311,PR6399,105,1410,Comoros,3514
Rep73615,C21311,PR6674,5702,165090,Lebanon,3515
Rep73616,C21311,PR6399,213,6045,Russia,3516
Rep73617,C21311,PR6679,142,2825,Belize,3517
Rep73618,C21311,PR6674,5702,165090,Nauru,3518
Rep73619,C21311,PR6399,104,1560,Palau,3519
Rep73620,C21311,PR6673,891,40480,Denmark,3520
Rep73621,C21311,PR6596,151,3470,Burundi,3521
Rep73622,C21311,PR6596,151,3470,India,3522
Rep73623,C21311,PR6183,1787,4715,Andorra,3523
Rep73624,C21311,PR6679,154,3645,Cote d'Ivoire,3524
Rep73625,C21311,PR6596,401,1795,Antigua and Barbuda ,3525
Rep73626,C21311,PR6679,2594,131575,Finland,3526
Rep73627,C21311,PR6679,429,15295,The Bahamas,3527
Rep73628,C21311,PR6596,112,1930,Kyrgyzstan,3528
Rep73629,C21311,PR6253,410,4075,El Salvador,3529
Rep73630,C21311,PR6399,115,2545,Bosnia and Herzegovina,3530
Rep73631,C21311,PR6678,449,19350,Morocco,3531
Rep73632,C21311,PR6662,500,21860,Eritrea,3532
Rep73633,C21311,PR6674,519,22735,Morocco,3533
Rep73634,C21311,PR6596,151,3470,Croatia,3534
Rep73635,C21311,PR6662,500,21860,Saint Lucia,3535
Rep73636,C21311,PR6249,106,1425,Israel,3536
Rep73637,C21311,PR6662,294,10475,Mali,3537
Rep73638,C22010,PR6229,1866,7710,Kenya,3538
Rep73639,C22010,PR6253,207,3795,Turkey,3539
Rep73640,C22010,PR6189,3743,19450,Kenya,3540
Rep73641,C22010,PR6229,5211,38050,Liberia,3541
Rep73642,C22010,PR6253,130,1500,Sri Lanka,3542
Rep73643,C22010,PR6229,1688,2900,Portugal,3543
Rep73644,C22010,PR6229,3577,7730,Federated States of Micronesia,3544
Rep73645,C22010,PR6229,3245,9125,Belize,3545
Rep73646,C22212,PR6550,604,7840,Republic of the Congo,3546
Rep73647,C22212,PR6220,100,1080,Angola,3547
Rep73648,C22212,PR6219,246,1980,Mongolia,3548
Rep73649,C22212,PR6522,747,5895,Mexico,3549
Rep73650,C22212,PR6552,480,6130,Tuvalu,3550
Rep73651,C22212,PR6552,416,5275,Yemen,3551
Rep73652,C22212,PR6525,6559,6725,Grenada,3552
Rep73653,C22212,PR6522,248,2120,Thailand,3553
Rep73654,C22212,PR6529,443,3080,France,3554
Rep73655,C22212,PR6192,453,2680,Burkina Faso,3555
Rep73656,C22212,PR6550,604,7840,Uganda,3556
Rep73657,C22212,PR6552,456,5210,Democratic Republic of the Congo,3557
Rep73658,C22212,PR6552,622,7115,Kuwait,3558
Rep73659,C22212,PR6550,215,2375,Bosnia and Herzegovina,3559
Rep73660,C22212,PR6534,1432,9145,Liechtenstein,3560
Rep73661,C22212,PR6550,261,3520,Djibouti,3561
Rep73662,C22212,PR6220,100,1080,Marshall Islands,3562
Rep73663,C22212,PR6547,5571,27630,Antigua and Barbuda ,3563
Rep73664,C22212,PR6190,694,9000,Slovenia,3564
Rep73665,C22212,PR6550,380,4225,Belize,3565
Rep73666,C22212,PR6589,110,1085,Tonga,3566
Rep73667,C22212,PR6552,648,8440,Namibia,3567
Rep73668,C22212,PR6537,7776,35615,Dominican Republic,3568
Rep73669,C22212,PR6525,12293,11625,Panama,3569
Rep73670,C22212,PR6547,5360,21260,Equatorial Guinea,3570
Rep73671,C22212,PR6547,2707,17895,Greenland,3571
Rep73672,C22212,PR6550,215,2375,Nepal,3572
Rep73673,C22212,PR6199,188,1635,Finland,3573
Rep73674,C22212,PR6190,162,4410,El Salvador,3574
Rep73675,C22212,PR6534,1177,6990,Myanmar,3575
Rep73676,C22212,PR6523,587,3220,Macedonia,3576
Rep73677,C22212,PR6523,1083,5435,Myanmar,3577
Rep73678,C22212,PR6594,107,1105,Tonga,3578
Rep73679,C22212,PR6219,220,2065,Swaziland,3579
Rep73680,C22212,PR6550,224,2440,Palau,3580
Rep73681,C22212,PR6589,106,1035,Armenia,3581
Rep73682,C22212,PR6534,937,6230,Belarus,3582
Rep73683,C22212,PR6219,156,1595,Estonia,3583
Rep73684,C22212,PR6529,478,3415,Vietnam,3584
Rep73685,C22212,PR6192,118,1185,Estonia,3585
Rep73686,C22212,PR6522,166,1520,Kiribati,3586
Rep73687,C22212,PR6537,1432,4985,Rwanda,3587
Rep73688,C22212,PR6547,2488,12055,Georgia,3588
Rep73689,C22212,PR6547,1772,11110,Saint Vincent and the Grenadines,3589
Rep73690,C22212,PR6192,206,1795,Croatia,3590
Rep73691,C22212,PR6526,145,1265,Mauritius ,3591
Rep73692,C22212,PR6490,210,1390,Bhutan,3592
Rep73693,C22212,PR6525,12972,12375,Panama,3593
Rep73694,C22212,PR6547,7458,31740,Rwanda,3594
Rep73695,C22212,PR6547,4126,21775,Angola,3595
Rep73696,C22212,PR6523,819,4330,Sweden,3596
Rep73697,C22212,PR6589,126,1120,Cape Verde,3597
Rep73698,C22212,PR6523,1083,5435,Australia,3598
Rep73699,C22212,PR6526,145,1280,Kenya,3599
Rep73700,C22212,PR6550,131,1340,United Arab Emirates,3600
Rep73701,C22212,PR6492,116,1050,Qatar,3601
Rep73702,C22212,PR6529,598,4025,Nauru,3602
Rep73703,C22212,PR6220,131,1315,Dominica,3603
Rep73704,C22212,PR6529,598,4025,Burkina Faso,3604
Rep73705,C22212,PR6534,683,6535,Trinidad and Tobago,3605
Rep73706,C22212,PR6552,355,3120,Georgia,3606
Rep73707,C22212,PR6552,591,6430,Serbia,3607
Rep73708,C22212,PR6529,362,2520,Azerbaijan,3608
Rep73709,C22212,PR6547,7458,31740,Iceland,3609
Rep73710,C22212,PR6550,342,4770,United Kingdom,3610
Rep73711,C22212,PR6219,223,2180,South Sudan,3611
Rep73712,C22212,PR6219,150,1400,Sri Lanka,3612
Rep73713,C22212,PR6519,5602,5930,Liberia,3613
Rep73714,C22212,PR6190,322,3990,Seychelles ,3614
Rep73715,C22212,PR6534,684,4750,Egypt,3615
Rep73716,C22212,PR6547,233,2070,Federated States of Micronesia,3616
Rep73717,C22212,PR6550,333,3560,Croatia,3617
Rep73718,C22212,PR6550,271,2945,Lesotho,3618
Rep73719,C22212,PR6207,533,4410,Guinea-Bissau,3619
Rep73720,C22212,PR6219,124,1195,Laos,3620
Rep73721,C22212,PR6190,253,5090,France,3621
Rep73722,C22212,PR6594,103,1075,Chad,3622
Rep73723,C22212,PR6550,255,2820,Nepal,3623
Rep73724,C22212,PR6529,372,2540,South Sudan,3624
Rep73725,C22212,PR6537,905,3995,Bosnia and Herzegovina,3625
Rep73726,C22212,PR6219,223,2180,Brunei,3626
Rep73727,C22212,PR6552,1443,14260,Canada,3627
Rep73728,C22212,PR6522,120,1215,Lesotho,3628
Rep73729,C22212,PR6552,1681,14380,Cuba,3629
Rep73730,C22212,PR6207,190,1695,Tajikistan,3630
Rep73731,C22212,PR6550,1088,6420,Spain,3631
Rep73732,C22212,PR6552,1443,14260,Kuwait,3632
Rep73733,C22212,PR6519,2911,3555,Dominican Republic,3633
Rep73734,C22212,PR6536,3158,19105,Montenegro,3634
Rep73735,C22212,PR6219,156,1595,Liechtenstein,3635
Rep73736,C22212,PR6219,271,2440,United Kingdom,3636
Rep73737,C22212,PR6219,130,3010,Equatorial Guinea,3637
Rep73738,C22212,PR6552,145,1585,Hungary,3638
Rep73739,C22212,PR6192,436,3205,Saint Kitts and Nevis ,3639
Rep73740,C22212,PR6190,252,6065,Azerbaijan,3640
Rep73741,C22212,PR6547,424,3155,Malta,3641
Rep73742,C22212,PR6207,419,3450,Cyprus,3642
Rep73743,C22212,PR6219,122,1185,Nicaragua,3643
Rep73744,C22212,PR6490,215,1375,Vatican City,3644
Rep73745,C22212,PR6492,133,1100,Kyrgyzstan,3645
Rep73746,C22212,PR6550,380,4400,Central African Republic,3646
Rep73747,C22212,PR6552,416,5280,Guinea,3647
Rep73748,C22212,PR6529,342,2520,Cambodia,3648
Rep73749,C22212,PR6190,322,3990,South Korea,3649
Rep73750,C22212,PR6525,10295,9620,Uganda,3650
Rep73751,C22212,PR6547,6768,28470,Russia,3651
Rep73752,C22212,PR6529,382,2600,Kazakhstan,3652
Rep73753,C22212,PR6552,622,7105,Mauritania,3653
Rep73754,C22212,PR6522,154,1410,Georgia,3654
Rep73755,C22212,PR6219,311,2365,Turkmenistan,3655
Rep73756,C22212,PR6522,301,4190,Brunei,3656
Rep73757,C22212,PR6525,6930,6890,Equatorial Guinea,3657
Rep73758,C22212,PR6219,130,3010,Netherlands,3658
Rep73759,C22212,PR6522,154,1410,Egypt,3659
Rep73760,C22212,PR6536,2308,9100,Denmark,3660
Rep73761,C22212,PR6190,102,1105,Saudi Arabia,3661
Rep73762,C22212,PR6525,758,1895,Dominican Republic,3662
Rep73763,C21230,PR6578,460,2105,Tonga,3663
Rep73764,C21230,PR6633,1013,3175,Liechtenstein,3664
Rep73765,C21230,PR6595,101,1090,Republic of the Congo,3665
Rep73766,C21230,PR6633,321,1360,Jordan,3666
Rep73767,C21230,PR6321,146,1385,Solomon Islands,3667
Rep73768,C21230,PR6633,1442,3155,Panama,3668
Rep73769,C21230,PR6321,220,1420,Cuba,3669
Rep73770,C21230,PR6633,1025,3200,Trinidad and Tobago,3670
Rep73771,C21230,PR6616,632,3460,Belize,3671
Rep73772,C21230,PR6228,165,1500,Moldova ,3672
Rep73773,C21230,PR6321,263,2350,Somalia,3673
Rep73774,C21230,PR6616,917,5920,Italy,3674
Rep73775,C21230,PR6321,344,2310,Algeria,3675
Rep73776,C21230,PR6595,105,1315,Lebanon,3676
Rep73777,C21230,PR6321,355,3090,Philippines,3677
Rep73778,C21230,PR6578,460,2105,Madagascar,3678
Rep73779,C21230,PR6228,227,1745,Uzbekistan,3679
Rep73780,C21230,PR6595,102,1165,Georgia,3680
Rep73781,C21230,PR6321,216,3985,Barbados,3681
Rep73782,C21230,PR6633,1013,3175,Austria,3682
Rep73783,C21230,PR6616,917,5920,Fiji,3683
Rep73784,C21230,PR6228,187,1480,Austria,3684
Rep73785,C21230,PR6321,172,2700,Japan,3685
Rep73786,C21230,PR6192,116,1145,Albania,3686
Rep73787,C21230,PR6633,554,1955,Marshall Islands,3687
Rep73788,C21230,PR6595,101,1110,Luxembourg,3688
Rep73789,C21230,PR6578,500,2230,Kiribati,3689
Rep73790,C21230,PR6616,869,3470,Afghanistan,3690
Rep73791,C21230,PR6321,216,4050,Costa Rica,3691
Rep73792,C21230,PR6595,102,1165,Uzbekistan,3692
Rep73793,C21230,PR6633,611,2215,Trinidad and Tobago,3693
Rep73794,C21230,PR6228,247,1855,Cyprus,3694
Rep73795,C21230,PR6321,251,1815,Saudi Arabia,3695
Rep73796,C21230,PR6228,279,1980,Sierra Leone,3696
Rep73797,C21230,PR6228,133,1180,Guatemala,3697
Rep73798,C21230,PR6193,108,1070,Libya,3698
Rep73799,C21230,PR6595,106,1430,Czech Republic,3699
Rep73800,C21230,PR6228,169,1520,Bhutan,3700
Rep73801,C21230,PR6616,452,2235,Jordan,3701
Rep73802,C21230,PR6633,1013,3175,Lebanon,3702
Rep73803,C21230,PR6321,216,4050,Turkey,3703
Rep73804,C21230,PR6595,103,1255,Palau,3704
Rep73805,C21230,PR6321,216,4050,Mozambique,3705
Rep73806,C21230,PR6228,165,1500,Democratic Republic of the Congo,3706
Rep73807,C21230,PR6616,1511,5920,Monaco,3707
Rep73808,C21230,PR6595,101,1115,Vietnam,3708
Rep73809,C21230,PR6616,461,2235,Uganda,3709
Rep73810,C21230,PR6595,104,1230,Bahrain,3710
Rep73811,C21230,PR6321,191,1760,Yemen,3711
Rep73812,C21230,PR6633,1131,2780,Nauru,3712
Rep73813,C21230,PR6228,165,1500,Nigeria,3713
Rep73814,C21230,PR6321,362,1795,Kiribati,3714
Rep73815,C21230,PR6595,102,1165,Azerbaijan,3715
Rep73816,C21230,PR6275,369,2225,Madagascar,3716
Rep73817,C21230,PR6616,917,5920,Indonesia,3717
Rep73818,C21230,PR6633,895,2425,Norway,3718
Rep73819,C21230,PR6228,212,1845,Ukraine,3719
Rep73820,C21230,PR6616,937,4695,Mongolia,3720
Rep73821,C21230,PR6578,460,2105,Togo,3721
Rep73822,C21187,PR6253,225,6180,Sri Lanka,3722
Rep73823,C21187,PR6253,165,3690,Eritrea,3723
Rep73824,C21187,PR6220,349,5175,Morocco,3724
Rep73825,C21187,PR6253,235,2900,Nigeria,3725
Rep73826,C21187,PR6194,306,2935,Cyprus,3726
Rep73827,C21187,PR6439,145,2470,Syria,3727
Rep73828,C21187,PR6194,242,2170,Grenada,3728
Rep73829,C21187,PR6253,242,3660,United Arab Emirates,3729
Rep73830,C21187,PR6253,121,1825,Slovakia,3730
Rep73831,C21187,PR6253,174,3925,Monaco,3731
Rep73832,C21187,PR6253,333,5170,Saint Vincent and the Grenadines,3732
Rep73833,C21187,PR6194,194,1780,Belize,3733
Rep73834,C21187,PR6439,170,1990,Cambodia,3734
Rep73835,C21187,PR6253,245,3055,Republic of the Congo,3735
Rep73836,C21187,PR6253,193,2245,Ghana,3736
Rep73837,C21187,PR6194,357,3425,Egypt,3737
Rep73838,C21187,PR6253,298,4390,Cyprus,3738
Rep73839,C21187,PR6253,313,4195,Slovakia,3739
Rep73840,C21187,PR6253,155,1705,Georgia,3740
Rep73841,C21187,PR6253,176,2260,Russia,3741
Rep73842,C21187,PR6253,204,2420,Madagascar,3742
Rep73843,C21187,PR6253,271,7950,Bahrain,3743
Rep73844,C21164,PR6696,140,1605,Mauritius ,3744
Rep73845,C21164,PR6654,153,2165,South Sudan,3745
Rep73846,C21164,PR6656,1471,46350,Sao Tome and Principe,3746
Rep73847,C21164,PR6654,428,6715,Algeria,3747
Rep73848,C21164,PR6650,3005,35565,Belize,3748
Rep73849,C21164,PR6656,520,10215,Madagascar,3749
Rep73850,C21164,PR6650,102,1120,Togo,3750
Rep73851,C21164,PR6650,7937,95925,Senegal,3751
Rep73852,C21164,PR6650,9853,119645,Brunei,3752
Rep73853,C21164,PR6654,161,1655,Nicaragua,3753
Rep73854,C21164,PR6204,122,3600,Finland,3754
Rep73855,C21164,PR6648,138,1750,Burkina Faso,3755
Rep73856,C21164,PR6650,102,1115,The Bahamas,3756
Rep73857,C21164,PR6656,817,12920,Liberia,3757
Rep73858,C21164,PR6650,6820,79955,Dominica,3758
Rep73859,C21164,PR6652,111,1285,India,3759
Rep73860,C21164,PR6656,122,1495,Grenada,3760
Rep73861,C21164,PR6656,260,4315,Burundi,3761
Rep73862,C21164,PR6650,479,5780,Indonesia,3762
Rep73863,C21164,PR6650,896,11025,Bulgaria,3763
Rep73864,C21164,PR6696,535,8020,The Bahamas,3764
Rep73865,C21164,PR6650,216,2570,Comoros,3765
Rep73866,C21164,PR6204,105,1650,Philippines,3766
Rep73867,C21164,PR6204,111,2300,Kiribati,3767
Rep73868,C21164,PR6598,100,1040,Namibia,3768
Rep73869,C21164,PR6650,4500,66775,Armenia,3769
Rep73870,C21164,PR6656,439,8205,Iraq,3770
Rep73871,C21164,PR6648,134,1605,Bosnia and Herzegovina,3771
Rep73872,C21164,PR6650,103,1035,Namibia,3772
Rep73873,C21164,PR6598,100,1500,Mali,3773
Rep73874,C21516,PR6362,102,1105,Cape Verde,3774
Rep73875,C21516,PR6362,113,3860,Namibia,3775
Rep73876,C21516,PR6362,542,32970,Nauru,3776
Rep73877,C21516,PR6362,113,3860,Burundi,3777
Rep73878,C21516,PR6625,100,1225,Indonesia,3778
Rep73879,C21516,PR6352,101,1140,Zambia,3779
Rep73880,C21516,PR6365,105,1330,Haiti,3780
Rep73881,C21516,PR6208,248,1455,Cyprus,3781
Rep73882,C21516,PR6362,160,4650,Haiti,3782
Rep73883,C21516,PR6352,101,1140,New Zealand,3783
Rep73884,C21516,PR6365,255,11440,Morocco,3784
Rep73885,C21516,PR6365,105,1330,Thailand,3785
Rep73886,C21516,PR6365,164,5605,Nigeria,3786
Rep73887,C21516,PR6362,106,1245,Iceland,3787
Rep73888,C21516,PR6352,101,1140,Bahrain,3788
Rep73889,C21516,PR6365,105,1330,Switzerland,3789
Rep73890,C21516,PR6362,113,3860,Taiwan,3790
Rep73891,C21516,PR6365,105,1330,Costa Rica,3791
Rep73892,C21516,PR6359,383,3870,Sierra Leone,3792
Rep73893,C21516,PR6365,233,14060,South Africa,3793
Rep73894,C21516,PR6360,201,2085,Sao Tome and Principe,3794
Rep73895,C21516,PR6362,213,6315,Nauru,3795
Rep73896,C21516,PR6362,327,12525,Djibouti,3796
Rep73897,C21516,PR6362,113,1680,Honduras,3797
Rep73898,C21516,PR6625,102,2405,Netherlands,3798
Rep73899,C21516,PR6625,101,1555,Australia,3799
Rep73900,C21516,PR6352,101,1140,Bahrain,3800
Rep73901,C21516,PR6360,150,1565,Bahrain,3801
Rep73902,C21516,PR6357,200,1905,Bulgaria,3802
Rep73903,C21388,PR6208,116,1195,Swaziland,3803
Rep73904,C21388,PR6208,105,1180,Barbados,3804
Rep73905,C21388,PR6253,184,1675,Uganda,3805
Rep73906,C21388,PR6253,113,1425,Senegal,3806
Rep73907,C21388,PR6628,103,1215,Turkey,3807
Rep73908,C21795,PR6595,104,1585,France,3808
Rep73909,C21795,PR6227,377,1650,Tunisia ,3809
Rep73910,C21795,PR6615,104,1010,San Marino,3810
Rep73911,C21795,PR6253,138,3100,Monaco,3811
Rep73912,C21795,PR6596,105,1095,Australia,3812
Rep73913,C21795,PR6227,108,1050,Haiti,3813
Rep73914,C21795,PR6596,197,2840,Dominican Republic,3814
Rep73915,C21795,PR6210,138,1750,Namibia,3815
Rep73916,C21795,PR6227,103,1240,Burkina Faso,3816
Rep73917,C21795,PR6596,100,1050,Kosovo,3817
Rep73918,C21795,PR6596,119,5505,Grenada,3818
Rep73919,C21795,PR6227,104,1215,Rwanda,3819
Rep73920,C21795,PR6684,400,15600,Indonesia,3820
Rep73921,C21795,PR6229,109,1135,Tuvalu,3821
Rep73922,C21795,PR6596,107,1370,Zambia,3822
Rep73923,C21795,PR6596,108,2755,Sudan,3823
Rep73924,C21795,PR6596,103,1365,Latvia,3824
Rep73925,C21795,PR6596,107,1370,Mozambique,3825
Rep73926,C21795,PR6615,104,1010,East Timor,3826
Rep73927,C21795,PR6596,104,1310,Germany,3827
Rep73928,C21795,PR6595,104,1585,Egypt,3828
Rep73929,C21795,PR6596,104,1310,Belarus,3829
Rep73930,C21795,PR6615,110,1900,South Korea,3830
Rep73931,C21795,PR6596,197,2840,Burkina Faso,3831
Rep73932,C21795,PR6253,327,3990,The Gambia,3832
Rep73933,C21795,PR6253,733,9590,Mali,3833
Rep73934,C21795,PR6684,400,15600,Chad,3834
Rep73935,C21795,PR6596,515,4915,Somalia,3835
Rep73936,C21795,PR6596,515,4915,Belize,3836
Rep73937,C21795,PR6596,101,1195,Guinea,3837
Rep73938,C21795,PR6595,103,1295,Armenia,3838
Rep73939,C21795,PR6615,104,1010,Norway,3839
Rep73940,C21795,PR6249,105,1185,Brunei,3840
Rep73941,C21795,PR6595,103,1515,Dominica,3841
Rep73942,C21795,PR6238,544,5040,Jordan,3842
Rep73943,C21795,PR6596,108,2755,Cote d'Ivoire,3843
Rep73944,C21795,PR6595,103,1725,Slovakia,3844
Rep73945,C21795,PR6596,101,1510,Benin,3845
Rep73946,C21795,PR6227,377,1650,Nigeria,3846
Rep73947,C21795,PR6615,110,1900,Romania,3847
Rep73948,C21795,PR6596,104,1310,Lithuania,3848
Rep73949,C21795,PR6210,138,1750,Macedonia,3849
Rep73950,C21795,PR6596,105,2000,Nicaragua,3850
Rep73951,C21795,PR6615,110,1900,Malaysia,3851
Rep73952,C21795,PR6253,483,3740,Iran,3852
Rep73953,C21795,PR6595,103,1725,Somalia,3853
Rep73954,C21795,PR6596,106,1145,Papua New Guinea,3854
Rep73955,C21795,PR6596,107,1370,Palau,3855
Rep73956,C21795,PR6616,107,1085,Kuwait,3856
Rep73957,C21795,PR6595,103,1295,Mexico,3857
Rep73958,C21795,PR6253,733,9590,Albania,3858
Rep73959,C21795,PR6229,108,1205,Canada,3859
Rep73960,C21795,PR6595,103,1295,South Sudan,3860
Rep73961,C21795,PR6596,119,5505,Djibouti,3861
Rep73962,C21795,PR6596,108,2755,Fiji,3862
Rep73963,C21795,PR6595,103,1725,Kuwait,3863
Rep73964,C21795,PR6595,103,1515,Jamaica,3864
Rep73965,C21795,PR6595,104,1585,Oman,3865
Rep73966,C21795,PR6596,101,1110,Hungary,3866
Rep73967,C21795,PR6596,105,2000,Georgia,3867
Rep73968,C21795,PR6596,119,5505,Rwanda,3868
Rep73969,C21795,PR6595,103,1515,Liechtenstein,3869
Rep73970,C21795,PR6227,377,1650,Samoa ,3870
Rep73971,C21795,PR6238,544,5040,Luxembourg,3871
Rep73972,C21795,PR6227,108,1050,Marshall Islands,3872
Rep73973,C21795,PR6227,108,1050,Cameroon,3873
Rep73974,C21795,PR6210,138,1750,Egypt,3874
Rep73975,C21795,PR6238,544,5040,Kenya,3875
Rep73976,C21795,PR6596,101,1120,Czech Republic,3876
Rep73977,C21795,PR6596,197,2840,Slovakia,3877
Rep73978,C21795,PR6227,104,1215,France,3878
Rep73979,C21795,PR6596,133,2275,Sierra Leone,3879
Rep73980,C21795,PR6596,105,2000,Liechtenstein,3880
Rep73981,C21795,PR6596,106,1235,Libya,3881
Rep73982,C22202,PR6350,208,2385,Australia,3882
Rep73983,C22202,PR6211,671,4025,Malaysia,3883
Rep73984,C22202,PR6282,3713,14280,Cuba,3884
Rep73985,C22202,PR6351,453,5475,Tunisia ,3885
Rep73986,C22202,PR6282,6487,19085,Belgium,3886
Rep73987,C22202,PR6282,3580,11775,Mali,3887
Rep73988,C22202,PR6211,1267,5670,Turkey,3888
Rep73989,C22202,PR6211,1049,3160,India,3889
Rep73990,C22202,PR6282,435,2205,Sudan,3890
Rep73991,C22202,PR6211,1712,6210,Russia,3891
Rep73992,C22202,PR6282,8405,24670,Rwanda,3892
Rep73993,C22202,PR6282,7467,20615,Kiribati,3893
Rep73994,C22202,PR6211,362,2265,Maldives,3894
Rep73995,C22202,PR6211,637,3535,San Marino,3895
Rep73996,C22202,PR6282,8658,29215,Gabon,3896
Rep73997,C22202,PR6350,1963,23860,Kosovo,3897
Rep73998,C22090,PR6211,15537,107430,Belarus,3898
Rep73999,C22090,PR6211,13553,63945,Saudi Arabia,3899
Rep74000,C22090,PR6211,5338,58050,Ireland,3900
Rep74001,C22090,PR6211,36773,130870,Madagascar,3901
Rep74002,C22090,PR6211,17220,139480,Kiribati,3902
Rep74003,C22090,PR6211,14029,34655,Uzbekistan,3903
Rep74004,C22090,PR6211,7755,112705,Uzbekistan,3904
Rep74005,C22090,PR6211,34820,241420,The Bahamas,3905
Rep74006,C22090,PR6211,17198,173765,Luxembourg,3906
Rep74007,C21360,PR6351,519,31405,Grenada,3907
Rep74008,C21360,PR6596,103,1120,Moldova ,3908
Rep74009,C21360,PR6353,1103,70475,Maldives,3909
Rep74010,C21360,PR6353,163,5125,Thailand,3910
Rep74011,C21360,PR6350,601,8085,Indonesia,3911
Rep74012,C21360,PR6474,325,6065,Benin,3912
Rep74013,C21360,PR6360,518,16575,Guinea,3913
Rep74014,C21360,PR6350,378,5340,Serbia,3914
Rep74015,C21360,PR6352,478,18915,Niger,3915
Rep74016,C21360,PR6360,369,13300,Syria,3916
Rep74017,C21360,PR6354,100,1115,Indonesia,3917
Rep74018,C21360,PR6356,187,8335,Swaziland,3918
Rep74019,C21360,PR6360,1143,30590,Luxembourg,3919
Rep74020,C21360,PR6278,2128,6255,Dominica,3920
Rep74021,C21360,PR6365,162,7080,Andorra,3921
Rep74022,C21360,PR6351,230,7850,The Gambia,3922
Rep74023,C21360,PR6351,182,8470,Iran,3923
Rep74024,C21360,PR6351,105,1370,Mongolia,3924
Rep74025,C21360,PR6365,103,1435,Zambia,3925
Rep74026,C21360,PR6353,548,29750,Slovakia,3926
Rep74027,C21360,PR6353,102,2655,Vatican City,3927
Rep74028,C21360,PR6354,127,3990,Afghanistan,3928
Rep74029,C21360,PR6351,113,1900,Estonia,3929
Rep74030,C21360,PR6356,242,4770,Serbia,3930
Rep74031,C21360,PR6474,116,1315,South Sudan,3931
Rep74032,C21360,PR6352,539,32000,Iraq,3932
Rep74033,C21360,PR6360,575,24840,New Zealand,3933
Rep74034,C21360,PR6353,2378,146455,Azerbaijan,3934
Rep74035,C21360,PR6253,945,27625,Nicaragua,3935
Rep74036,C21360,PR6352,145,3830,El Salvador,3936
Rep74037,C21360,PR6353,186,9640,Jordan,3937
Rep74038,C21360,PR6253,103,1095,Australia,3938
Rep74039,C21360,PR6253,250,6440,Jordan,3939
Rep74040,C21360,PR6352,405,12630,Malawi,3940
Rep74041,C21360,PR6360,538,17335,Monaco,3941
Rep74042,C21360,PR6350,304,4405,Bahrain,3942
Rep74043,C21360,PR6253,1940,46425,Palau,3943
Rep74044,C21360,PR6364,115,1710,Jordan,3944
Rep74045,C21360,PR6596,101,1040,Nepal,3945
Rep74046,C21360,PR6352,102,1230,Bosnia and Herzegovina,3946
Rep74047,C21360,PR6352,605,29420,Greece,3947
Rep74048,C21360,PR6364,108,1670,Iraq,3948
Rep74049,C21360,PR6211,212,1650,Costa Rica,3949
Rep74050,C21360,PR6253,205,3770,Ethiopia,3950
Rep74051,C21360,PR6365,148,4875,Lesotho,3951
Rep74052,C21360,PR6253,218,3360,Iraq,3952
Rep74053,C21360,PR6278,1486,5250,Belarus,3953
Rep74054,C21360,PR6353,975,18270,Togo,3954
Rep74055,C21360,PR6352,157,4815,Saint Lucia,3955
Rep74056,C21360,PR6350,131,1470,Dominica,3956
Rep74057,C21360,PR6351,734,51935,Saint Lucia,3957
Rep74058,C21360,PR6596,103,1170,Azerbaijan,3958
Rep74059,C21360,PR6350,378,4785,Finland,3959
Rep74060,C21360,PR6352,153,4600,Mali,3960
Rep74061,C21360,PR6353,116,6435,Japan,3961
Rep74062,C21360,PR6356,102,1165,Marshall Islands,3962
Rep74063,C21360,PR6353,1355,101570,Austria,3963
Rep74064,C21360,PR6353,134,3410,Tunisia ,3964
Rep74065,C21360,PR6360,910,25480,Swaziland,3965
Rep74066,C21360,PR6596,101,1190,Saint Vincent and the Grenadines,3966
Rep74067,C21360,PR6360,202,4860,Swaziland,3967
Rep74068,C21360,PR6356,193,5910,Czech Republic,3968
Rep74069,C21360,PR6353,686,53235,Dominica,3969
Rep74070,C21360,PR6351,103,1440,Cape Verde,3970
Rep74071,C21360,PR6596,106,1330,Mexico,3971
Rep74072,C21360,PR6365,131,3535,Monaco,3972
Rep74073,C21360,PR6360,538,17370,Antigua and Barbuda ,3973
Rep74074,C21360,PR6352,562,13990,Russia,3974
Rep74075,C21360,PR6364,269,4785,Benin,3975
Rep74076,C21360,PR6353,755,64355,Tonga,3976
Rep74077,C21360,PR6360,538,17370,Iraq,3977
Rep74078,C21360,PR6350,4013,55655,Latvia,3978
Rep74079,C21360,PR6351,527,45450,Trinidad and Tobago,3979
Rep74080,C21360,PR6357,101,1235,Italy,3980
Rep74081,C21360,PR6253,232,5175,Swaziland,3981
Rep74082,C21289,PR6670,193,4515,South Africa,3982
Rep74083,C21289,PR6596,140,1315,East Timor,3983
Rep74084,C21289,PR6253,537,4325,Indonesia,3984
Rep74085,C21289,PR6670,423,12530,Malaysia,3985
Rep74086,C21289,PR6678,160,4230,Bosnia and Herzegovina,3986
Rep74087,C21289,PR6675,100,1045,Sudan,3987
Rep74088,C21289,PR6684,166,3860,France,3988
Rep74089,C21289,PR6679,570,21185,Afghanistan,3989
Rep74090,C21289,PR6253,882,5130,Philippines,3990
Rep74091,C21289,PR6253,183,1610,East Timor,3991
Rep74092,C21289,PR6670,108,1300,Djibouti,3992
Rep74093,C21289,PR6684,102,1060,Ukraine,3993
Rep74094,C21289,PR6596,116,1145,Benin,3994
Rep74095,C21289,PR6675,174,6320,Romania,3995
Rep74096,C21289,PR6253,122,1200,Dominica,3996
Rep74097,C21289,PR6675,130,3105,Cuba,3997
Rep74098,C21289,PR6684,679,31060,Lithuania,3998
Rep74099,C21289,PR6399,894,27430,Zambia,3999
Rep74100,C21289,PR6670,108,1300,Croatia,4000
Rep74101,C21289,PR6675,161,5410,Gabon,4001
Rep74102,C21289,PR6675,140,5330,Djibouti,4002
Rep74103,C21289,PR6596,117,6370,Angola,4003
Rep74104,C21289,PR6596,116,1145,Denmark,4004
Rep74105,C21289,PR6253,122,1130,Monaco,4005
Rep74106,C21289,PR6661,488,25745,Kazakhstan,4006
Rep74107,C21289,PR6596,100,1150,Thailand,4007
Rep74108,C21289,PR6684,2064,106315,Kazakhstan,4008
Rep74109,C21289,PR6679,1294,62940,Japan,4009
Rep74110,C21289,PR6253,183,1610,Gabon,4010
Rep74111,C21289,PR6679,778,53935,Republic of the Congo,4011
Rep74112,C21289,PR6678,100,1035,Sao Tome and Principe,4012
Rep74113,C21289,PR6253,163,1435,Palau,4013
Rep74114,C21289,PR6673,101,1060,United Arab Emirates,4014
Rep74115,C21289,PR6249,320,4750,Niger,4015
Rep74116,C21289,PR6399,688,15675,Bahrain,4016
Rep74117,C21289,PR6661,102,1290,Jamaica,4017
Rep74118,C21289,PR6670,101,1045,Samoa ,4018
Rep74119,C21289,PR6675,101,1100,Sudan,4019
Rep74120,C21289,PR6253,127,1070,Italy,4020
Rep74121,C21289,PR6399,688,15675,Macedonia,4021
Rep74122,C21289,PR6683,337,21595,Bosnia and Herzegovina,4022
Rep74123,C21289,PR6684,521,14700,Albania,4023
Rep74124,C21289,PR6675,140,3495,Australia,4024
Rep74125,C21289,PR6662,2180,86760,Gabon,4025
Rep74126,C21289,PR6675,107,1685,Trinidad and Tobago,4026
Rep74127,C21289,PR6684,1403,61690,Lithuania,4027
Rep74128,C21289,PR6678,205,6025,Iraq,4028
Rep74129,C21289,PR6686,100,1050,Japan,4029
Rep74130,C21289,PR6684,101,1045,Moldova ,4030
Rep74131,C21289,PR6661,1886,85065,Central African Republic,4031
Rep74132,C21289,PR6678,138,3125,Costa Rica,4032
Rep74133,C21289,PR6675,127,3050,Burundi,4033
Rep74134,C21289,PR6399,691,20495,Japan,4034
Rep74135,C21289,PR6675,250,8730,Mexico,4035
Rep74136,C21289,PR6678,101,1090,Spain,4036
Rep74137,C21289,PR6399,785,16735,Myanmar,4037
Rep74138,C21289,PR6596,132,1365,Sudan,4038
Rep74139,C21289,PR6399,441,5345,Germany,4039
Rep74140,C21289,PR6675,125,3000,Greece,4040
Rep74141,C21289,PR6249,219,3485,Angola,4041
Rep74142,C21289,PR6399,894,27430,Iceland,4042
Rep74143,C21289,PR6399,161,1195,Mexico,4043
Rep74144,C21289,PR6399,247,5190,Cuba,4044
Rep74145,C21289,PR6683,126,2430,Mali,4045
Rep74146,C21289,PR6596,111,1345,Zimbabwe,4046
Rep74147,C21289,PR6684,1615,88250,Sweden,4047
Rep74148,C21289,PR6683,148,3780,Antigua and Barbuda ,4048
Rep74149,C21289,PR6661,249,7820,Fiji,4049
Rep74150,C21289,PR6679,650,16350,Zimbabwe,4050
Rep74151,C21289,PR6684,334,12485,Saint Vincent and the Grenadines,4051
Rep74152,C21289,PR6675,226,11940,Burundi,4052
Rep74153,C21289,PR6678,128,1725,Norway,4053
Rep74154,C21289,PR6675,101,1090,Guinea-Bissau,4054
Rep74155,C21289,PR6596,138,5120,Italy,4055
Rep74156,C21289,PR6679,647,26040,Ireland,4056
Rep74157,C21289,PR6675,108,1420,The Gambia,4057
Rep74158,C21289,PR6596,150,3530,Zambia,4058
Rep74159,C21289,PR6253,125,4830,Taiwan,4059
Rep74160,C21289,PR6596,116,1145,Kazakhstan,4060
Rep74161,C21289,PR6253,122,1200,Yemen,4061
Rep74162,C21289,PR6596,103,1035,Republic of the Congo,4062
Rep74163,C21289,PR6596,100,1150,Tunisia ,4063
Rep74164,C21289,PR6675,130,3105,Nepal,4064
Rep74165,C21289,PR6211,111,1575,Iceland,4065
Rep74166,C21289,PR6679,1400,85255,Guatemala,4066
Rep74167,C21289,PR6253,134,3225,Kuwait,4067
Rep74168,C21289,PR6675,158,4785,Fiji,4068
Rep74169,C21289,PR6680,579,24730,Sweden,4069
Rep74170,C21289,PR6678,1388,48750,Tonga,4070
Rep74171,C21289,PR6684,1080,32500,Georgia,4071
Rep74172,C21289,PR6670,108,1300,New Zealand,4072
Rep74173,C21289,PR6679,1921,87210,Kazakhstan,4073
Rep74174,C21289,PR6596,152,1655,United Arab Emirates,4074
Rep74175,C21289,PR6679,11195,534770,Turkmenistan,4075
Rep74176,C21289,PR6253,127,1070,Cuba,4076
Rep74177,C21289,PR6683,101,1055,Luxembourg,4077
Rep74178,C21289,PR6675,161,5410,Niger,4078
Rep74179,C21289,PR6678,103,1165,Marshall Islands,4079
Rep74180,C21289,PR6684,1256,57730,Libya,4080
Rep74181,C21289,PR6679,361,17375,Brunei,4081
Rep74182,C21289,PR6661,232,3080,Tajikistan,4082
Rep74183,C21289,PR6675,250,8730,Iraq,4083
Rep74184,C21289,PR6677,155,7460,Syria,4084
Rep74185,C21289,PR6596,127,4355,Syria,4085
Rep74186,C21289,PR6675,105,1500,Ukraine,4086
Rep74187,C21289,PR6684,1211,38810,United Arab Emirates,4087
Rep74188,C21289,PR6399,856,19445,Philippines,4088
Rep74189,C21289,PR6249,320,4750,Vatican City,4089
Rep74190,C21289,PR6677,155,7460,Moldova ,4090
Rep74191,C21289,PR6253,515,5330,Dominican Republic,4091
Rep74192,C21289,PR6675,140,3495,Iraq,4092
Rep74193,C21289,PR6253,116,1220,Turkey,4093
Rep74194,C21289,PR6684,179,4345,Albania,4094
Rep74195,C21289,PR6323,101,1070,Belize,4095
Rep74196,C21289,PR6678,1187,50715,Sudan,4096
Rep74197,C21289,PR6596,147,1275,Nigeria,4097
Rep74198,C21289,PR6678,233,6590,Netherlands,4098
Rep74199,C21289,PR6684,400,16555,Guatemala,4099
Rep74200,C21289,PR6670,198,5170,Nicaragua,4100
Rep74201,C21289,PR6684,113,1355,Burundi,4101
Rep74202,C21289,PR6678,205,6025,Germany,4102
Rep74203,C21289,PR6684,2377,109700,Taiwan,4103
Rep74204,C21289,PR6667,102,1210,Mauritania,4104
Rep74205,C21289,PR6684,400,16555,Kuwait,4105
Rep74206,C21289,PR6253,127,1070,Luxembourg,4106
Rep74207,C21289,PR6249,122,2120,Slovakia,4107
Rep74208,C21289,PR6684,101,1055,Rwanda,4108
Rep74209,C21289,PR6399,405,12790,Lesotho,4109
Rep74210,C21289,PR6684,400,16555,China,4110
Rep74211,C21289,PR6678,371,7925,Vietnam,4111
Rep74212,C21289,PR6253,122,1200,Turkmenistan,4112
Rep74213,C21289,PR6670,2002,68540,Senegal,4113
Rep74214,C21289,PR6681,101,1055,Dominica,4114
Rep74215,C21289,PR6675,111,1370,San Marino,4115
Rep74216,C21289,PR6681,101,1055,Maldives,4116
Rep74217,C21289,PR6675,135,2625,Mauritania,4117
Rep74218,C21289,PR6684,102,1065,Ukraine,4118
Rep74219,C21289,PR6678,101,1130,Uganda,4119
Rep74220,C21289,PR6596,102,1155,Myanmar,4120
Rep74221,C21289,PR6682,101,1065,Kyrgyzstan,4121
Rep74222,C21289,PR6683,107,1270,Oman,4122
Rep74223,C21289,PR6596,143,4665,Namibia,4123
Rep74224,C21289,PR6679,107,1465,Costa Rica,4124
Rep74225,C21289,PR6596,530,15350,Brunei,4125
Rep74226,C21289,PR6675,116,2390,Myanmar,4126
Rep74227,C21289,PR6596,111,1100,Trinidad and Tobago,4127
Rep74228,C21289,PR6399,305,5505,Kiribati,4128
Rep74229,C21289,PR6253,183,1610,Laos,4129
Rep74230,C21289,PR6675,140,5330,United States of America,4130
Rep74231,C21289,PR6681,101,1055,Liberia,4131
Rep74232,C21289,PR6399,688,15675,Dominican Republic,4132
Rep74233,C21289,PR6675,100,1025,Panama,4133
Rep74234,C21289,PR6678,288,11530,Tuvalu,4134
Rep74235,C21289,PR6399,161,1195,Saint Kitts and Nevis ,4135
Rep74236,C21289,PR6399,238,4205,Fiji,4136
Rep74237,C21289,PR6684,225,7065,Taiwan,4137
Rep74238,C21289,PR6670,602,18840,Niger,4138
Rep74239,C21289,PR6249,320,4750,Haiti,4139
Rep74240,C21289,PR6684,1615,88250,Hungary,4140
Rep74241,C21289,PR6675,161,5410,East Timor,4141
Rep74242,C21289,PR6675,101,1050,Russia,4142
Rep74243,C21289,PR6678,205,6025,Sri Lanka,4143
Rep74244,C21289,PR6596,107,1175,Croatia,4144
Rep74245,C21289,PR6399,825,16635,Romania,4145
Rep74246,C21289,PR6675,35,1025,Cyprus,4146
Rep74247,C21289,PR6679,2558,150715,Mexico,4147
Rep74248,C21289,PR6596,109,1510,Egypt,4148
Rep74249,C21289,PR6253,184,1445,Vietnam,4149
Rep74250,C21289,PR6596,150,3530,Lesotho,4150
Rep74251,C21289,PR6678,141,2995,Croatia,4151
Rep74252,C21289,PR6675,130,3105,Finland,4152
Rep74253,C21289,PR6675,140,3495,Greece,4153
Rep74254,C21289,PR6684,1080,32500,Yemen,4154
Rep74255,C21289,PR6399,193,1415,Niger,4155
Rep74256,C21289,PR6684,1615,88250,Saudi Arabia,4156
Rep74257,C21289,PR6662,194,4475,Canada,4157
Rep74258,C21289,PR6675,100,1035,Iran,4158
Rep74259,C21289,PR6684,1080,32500,Sweden,4159
Rep74260,C21289,PR6678,1223,53720,United Arab Emirates,4160
Rep74261,C21289,PR6684,101,1070,South Korea,4161
Rep74262,C21289,PR6678,467,21915,Zimbabwe,4162
Rep74263,C21289,PR6675,103,1375,Equatorial Guinea,4163
Rep74264,C21289,PR6596,150,3530,Mauritius ,4164
Rep74265,C21289,PR6675,100,1055,Finland,4165
Rep74266,C21289,PR6596,110,1115,Tanzania,4166
Rep74267,C21289,PR6675,250,8730,Fiji,4167
Rep74268,C21289,PR6677,155,7460,Cyprus,4168
Rep74269,C21289,PR6399,1605,37445,Malawi,4169
Rep74270,C21289,PR6399,161,1195,Ukraine,4170
Rep74271,C21289,PR6596,100,1150,Spain,4171
Rep74272,C21289,PR6662,102,1155,Bahrain,4172
Rep74273,C21289,PR6675,140,5330,Namibia,4173
Rep74274,C21289,PR6399,323,4970,Jordan,4174
Rep74275,C21289,PR6678,100,1045,Rwanda,4175
Rep74276,C21289,PR6678,135,1170,Guinea,4176
Rep74277,C21289,PR6596,275,10340,Nigeria,4177
Rep74278,C21289,PR6675,305,14085,Cyprus,4178
Rep74279,C21289,PR6596,100,1040,Hungary,4179
Rep74280,C21289,PR6684,230,6590,Canada,4180
Rep74281,C21289,PR6684,679,31060,Somalia,4181
Rep74282,C21289,PR6684,679,31060,Cyprus,4182
Rep74283,C21289,PR6678,573,17230,Slovakia,4183
Rep74284,C21289,PR6596,86,1020,Seychelles ,4184
Rep74285,C21289,PR6596,115,1560,Moldova ,4185
Rep74286,C21289,PR6399,894,27430,Dominica,4186
Rep74287,C21289,PR6253,121,1715,Guatemala,4187
Rep74288,C21271,PR6687,655,3390,Bahrain,4188
Rep74289,C21271,PR6510,2945,28285,Mauritius ,4189
Rep74290,C21271,PR6687,655,3390,Vatican City,4190
Rep74291,C21271,PR6610,2446,10630,Tajikistan,4191
Rep74292,C21271,PR6532,1527,19370,Rwanda,4192
Rep74293,C21271,PR6213,1766,16340,Mauritania,4193
Rep74294,C21271,PR6532,2041,9960,United States of America,4194
Rep74295,C21271,PR6532,1187,10100,Norway,4195
Rep74296,C21271,PR6247,8027,26370,Bulgaria,4196
Rep74297,C21271,PR6532,3665,33850,Mozambique,4197
Rep74298,C21271,PR6610,460,3255,Kyrgyzstan,4198
Rep74299,C21271,PR6610,2021,10945,Tuvalu,4199
Rep74300,C21271,PR6687,580,3065,Papua New Guinea,4200
Rep74301,C21271,PR6247,2183,8920,Tunisia ,4201
Rep74302,C21271,PR6247,3867,10425,Romania,4202
Rep74303,C21271,PR6610,500,3075,Algeria,4203
Rep74304,C21271,PR6247,3303,125645,Qatar,4204
Rep74305,C21271,PR6532,7503,24330,Spain,4205
Rep74306,C21271,PR6247,3303,10750,Iran,4206
Rep74307,C21271,PR6687,6889,19710,Finland,4207
Rep74308,C21271,PR6532,5379,27590,Slovakia,4208
Rep74309,C21271,PR6532,1527,19370,Solomon Islands,4209
Rep74310,C21216,PR6597,102,1045,Dominican Republic,4210
Rep74311,C21216,PR6582,101,1035,Palau,4211
Rep74312,C21216,PR6253,110,1445,Azerbaijan,4212
Rep74313,C21216,PR6597,102,1045,Philippines,4213
Rep74314,C21216,PR6678,110,5280,Tajikistan,4214
Rep74315,C21216,PR6253,111,1525,Moldova ,4215
Rep74316,C21216,PR6667,455,18480,Saint Lucia,4216
Rep74317,C21216,PR6661,101,1085,United Arab Emirates,4217
Rep74318,C21216,PR6238,210,2085,Bahrain,4218
Rep74319,C21216,PR6227,155,1135,Vietnam,4219
Rep74320,C21216,PR6219,102,1090,Germany,4220
Rep74321,C21216,PR6668,299,13735,South Africa,4221
Rep74322,C21216,PR6661,197,36410,Vietnam,4222
Rep74323,C21216,PR6670,118,2485,Sweden,4223
Rep74324,C21216,PR6321,102,1690,Cape Verde,4224
Rep74325,C21216,PR6596,102,1130,Estonia,4225
Rep74326,C21216,PR6597,102,1060,Netherlands,4226
Rep74327,C21216,PR6596,102,1130,East Timor,4227
Rep74328,C21216,PR6321,103,1680,Malaysia,4228
Rep74329,C21216,PR6227,140,1190,Laos,4229
Rep74330,C21216,PR6671,437,11910,Slovenia,4230
Rep74331,C21216,PR6596,104,1100,Mauritania,4231
Rep74332,C21216,PR6321,103,2230,Swaziland,4232
Rep74333,C21216,PR6321,100,1210,Romania,4233
Rep74334,C21216,PR6238,210,2085,Burundi,4234
Rep74335,C21216,PR6249,102,1255,Belize,4235
Rep74336,C21216,PR6671,1287,39680,Antigua and Barbuda ,4236
Rep74337,C21216,PR6227,160,1145,Kiribati,4237
Rep74338,C21216,PR6597,101,1020,Malta,4238
Rep74339,C21216,PR6596,101,1595,Guatemala,4239
Rep74340,C21216,PR6249,100,1225,Russia,4240
Rep74341,C21216,PR6227,170,1180,Swaziland,4241
Rep74342,C21216,PR6661,162,23700,Tajikistan,4242
Rep74343,C21216,PR6597,101,1020,Czech Republic,4243
Rep74344,C21216,PR6253,107,1310,North Korea,4244
Rep74345,C21216,PR6671,459,7910,Cote d'Ivoire,4245
Rep74346,C21216,PR6623,101,1010,Israel,4246
Rep74347,C21216,PR6582,101,1035,Uzbekistan,4247
Rep74348,C21216,PR6582,101,1010,Cape Verde,4248
Rep74349,C21216,PR6249,100,1135,Seychelles ,4249
Rep74350,C21216,PR6238,106,1035,Brunei,4250
Rep74351,C21216,PR6219,102,1090,Netherlands,4251
Rep74352,C21216,PR6596,108,1210,Mauritania,4252
Rep74353,C21216,PR6597,102,1045,Cameroon,4253
Rep74354,C21216,PR6238,151,1270,China,4254
Rep74355,C21216,PR6238,221,1650,Saint Vincent and the Grenadines,4255
Rep74356,C21216,PR6321,102,2005,Mauritania,4256
Rep74357,C21216,PR6675,183,6070,Nicaragua,4257
Rep74358,C21216,PR6597,101,1020,Haiti,4258
Rep74359,C21216,PR6321,100,1150,Egypt,4259
Rep74360,C21216,PR6321,101,1295,Nepal,4260
Rep74361,C21216,PR6666,345,8510,Maldives,4261
Rep74362,C21216,PR6321,100,1210,Jordan,4262
Rep74363,C21216,PR6227,166,1250,Liechtenstein,4263
Rep74364,C21216,PR6597,102,1045,Malaysia,4264
Rep74365,C21216,PR6671,167,3205,Netherlands,4265
Rep74366,C21216,PR6671,101,1085,Bahrain,4266
Rep74367,C21216,PR6671,112,1465,The Gambia,4267
Rep74368,C21216,PR6582,102,1125,Vietnam,4268
Rep74369,C21216,PR6249,101,1565,Uzbekistan,4269
Rep74370,C21216,PR6661,335,16805,Kiribati,4270
Rep74371,C21216,PR6227,135,1085,Saint Kitts and Nevis ,4271
Rep74372,C21216,PR6227,155,1135,Democratic Republic of the Congo,4272
Rep74373,C21216,PR6623,100,1005,The Bahamas,4273
Rep74374,C21216,PR6238,191,1585,Australia,4274
Rep74375,C21216,PR6597,100,1065,Norway,4275
Rep74376,C21216,PR6227,105,1010,Libya,4276
Rep74377,C21216,PR6596,85,1005,Tajikistan,4277
Rep74378,C21216,PR6684,122,2220,Ukraine,4278
Rep74379,C21216,PR6238,143,1380,Guatemala,4279
Rep74380,C21216,PR6596,103,1075,Brunei,4280
Rep74381,C21216,PR6238,497,3985,Pakistan,4281
Rep74382,C21216,PR6596,102,1115,Thailand,4282
Rep74383,C21216,PR6667,160,3245,Switzerland,4283
Rep74384,C21216,PR6670,242,5290,Greenland,4284
Rep74385,C21216,PR6238,180,1515,Albania,4285
Rep74386,C21216,PR6253,117,1730,Egypt,4286
Rep74387,C21216,PR6238,118,1760,Barbados,4287
Rep74388,C21216,PR6238,150,1245,Kuwait,4288
Rep74389,C21216,PR6596,101,1080,Burundi,4289
Rep74390,C21216,PR6227,177,1250,Japan,4290
Rep74391,C21216,PR6321,100,1045,Iraq,4291
Rep74392,C21216,PR6238,158,1410,Italy,4292
Rep74393,C21216,PR6227,150,1125,Sao Tome and Principe,4293
Rep74394,C21216,PR6597,101,1020,Algeria,4294
Rep74395,C21216,PR6678,121,8680,The Gambia,4295
Rep74396,C21216,PR6672,3128,41785,United Kingdom,4296
Rep74397,C21216,PR6253,105,1195,Jordan,4297
Rep74398,C21640,PR6576,169,1610,Zambia,4298
Rep74399,C21640,PR6220,565,3420,Chad,4299
Rep74400,C21640,PR6564,453,1440,Bangladesh,4300
Rep74401,C21640,PR6238,114,1095,Singapore,4301
Rep74402,C21640,PR6385,111,1135,Republic of the Congo,4302
Rep74403,C21640,PR6239,253,2000,Monaco,4303
Rep74404,C21640,PR6374,217,1860,Saudi Arabia,4304
Rep74405,C21640,PR6251,2346,23435,Vanuatu,4305
Rep74406,C21640,PR6249,450,6985,Solomon Islands,4306
Rep74407,C21640,PR6322,116,1530,Finland,4307
Rep74408,C21640,PR6564,151,1725,Nicaragua,4308
Rep74409,C21640,PR6248,172,1930,Andorra,4309
Rep74410,C21640,PR6253,205,2060,Sri Lanka,4310
Rep74411,C21640,PR6471,220,2695,Rwanda,4311
Rep74412,C21640,PR6483,336,2895,Dominican Republic,4312
Rep74413,C21640,PR6229,111,1100,Georgia,4313
Rep74414,C21640,PR6251,141,1450,Switzerland,4314
Rep74415,C21640,PR6576,233,1590,Finland,4315
Rep74416,C21640,PR6239,253,2000,Vatican City,4316
Rep74417,C21640,PR6616,278,2200,Jamaica,4317
Rep74418,C21640,PR6251,786,5125,Cuba,4318
Rep74419,C21640,PR6239,204,2095,Syria,4319
Rep74420,C21640,PR6251,141,1450,Rwanda,4320
Rep74421,C21640,PR6249,308,5400,Sweden,4321
Rep74422,C21640,PR6484,894,4975,Equatorial Guinea,4322
Rep74423,C21640,PR6385,111,1135,Nauru,4323
Rep74424,C21640,PR6595,106,1020,Marshall Islands,4324
Rep74425,C21640,PR6239,253,2000,Latvia,4325
Rep74426,C21640,PR6251,141,1450,Ireland,4326
Rep74427,C21640,PR6587,118,1120,South Sudan,4327
Rep74428,C21640,PR6385,111,1135,Saudi Arabia,4328
Rep74429,C21640,PR6385,111,1135,Chad,4329
Rep74430,C21640,PR6239,254,2550,Australia,4330
Rep74431,C21640,PR6253,177,2335,Malta,4331
Rep74432,C21640,PR6239,127,1160,Tajikistan,4332
Rep74433,C21640,PR6485,200,1510,Niger,4333
Rep74434,C21640,PR6471,222,3355,Ghana,4334
Rep74435,C21640,PR6220,565,3420,Vanuatu,4335
Rep74436,C21640,PR6253,205,2060,Cambodia,4336
Rep74437,C21640,PR6316,162,1980,Lebanon,4337
Rep74438,C21640,PR6253,205,2060,Bulgaria,4338
Rep74439,C21640,PR6251,141,1450,Bangladesh,4339
Rep74440,C21640,PR6616,392,3220,Cyprus,4340
Rep74441,C21640,PR6587,216,1940,Lebanon,4341
Rep74442,C21640,PR6239,253,2000,Papua New Guinea,4342
Rep74443,C21640,PR6483,363,4800,Sao Tome and Principe,4343
Rep74444,C21640,PR6471,238,2750,Montenegro,4344
Rep74445,C21640,PR6220,565,3420,Syria,4345
Rep74446,C21640,PR6471,222,3355,Algeria,4346
Rep74447,C21640,PR6471,109,1170,Marshall Islands,4347
Rep74448,C21640,PR6471,222,3355,Lesotho,4348
Rep74449,C21640,PR6471,222,3355,Equatorial Guinea,4349
Rep74450,C21640,PR6239,264,2290,United Arab Emirates,4350
Rep74451,C21640,PR6241,112,1195,Cameroon,4351
Rep74452,C21640,PR6251,112,1270,The Gambia,4352
Rep74453,C21640,PR6394,194,2155,Myanmar,4353
Rep74454,C21640,PR6220,565,3420,Central African Republic,4354
Rep74455,C21640,PR6253,205,2060,Slovenia,4355
Rep74456,C21640,PR6253,337,2565,Ghana,4356
Rep74457,C21640,PR6238,280,1395,Central African Republic,4357
Rep74458,C21640,PR6564,263,1725,South Sudan,4358
Rep74459,C21640,PR6251,397,4375,Ghana,4359
Rep74460,C21640,PR6615,172,2140,Morocco,4360
Rep74461,C22064,PR6335,2970,15460,Solomon Islands,4361
Rep74462,C22064,PR6224,1181,7485,Lebanon,4362
Rep74463,C22064,PR6229,122,1205,Uganda,4363
Rep74464,C22064,PR6224,62130,347435,Switzerland,4364
Rep74465,C22064,PR6224,4167,22880,Estonia,4365
Rep74466,C22064,PR6253,1777,9725,Malaysia,4366
Rep74467,C22064,PR6224,39170,228790,Cyprus,4367
Rep74468,C22064,PR6220,106,1035,Kyrgyzstan,4368
Rep74469,C22064,PR6470,266,1725,Egypt,4369
Rep74470,C22064,PR6335,20726,114125,Uganda,4370
Rep74471,C22064,PR6445,580,2960,Malta,4371
Rep74472,C22064,PR6335,2970,15460,Andorra,4372
Rep74473,C22064,PR6226,38313,42565,Swaziland,4373
Rep74474,C22064,PR6445,593,2965,Philippines,4374
Rep74475,C22064,PR6227,171,1130,Honduras,4375
Rep74476,C22064,PR6664,1676,9875,Antigua and Barbuda ,4376
Rep74477,C22064,PR6664,386,2575,Uganda,4377
Rep74478,C22064,PR6470,2048,6935,Kyrgyzstan,4378
Rep74479,C22064,PR6224,47428,266305,Bosnia and Herzegovina,4379
Rep74480,C22064,PR6445,3203,14195,Bosnia and Herzegovina,4380
Rep74481,C22064,PR6229,110,1060,Honduras,4381
Rep74482,C22064,PR6220,522,1440,Lebanon,4382
Rep74483,C22064,PR6445,4542,16230,Togo,4383
Rep74484,C22064,PR6461,1002,1905,Kiribati,4384
Rep74485,C22064,PR6224,72973,393665,Montenegro,4385
Rep74486,C22064,PR6229,123,1130,East Timor,4386
Rep74487,C22064,PR6226,3894,5125,Madagascar,4387
Rep74488,C22064,PR6224,2771,15675,Sao Tome and Principe,4388
Rep74489,C22064,PR6224,2908,17745,Guinea-Bissau,4389
Rep74490,C22064,PR6224,1908,12795,Saint Kitts and Nevis ,4390
Rep74491,C22064,PR6224,72973,393665,Luxembourg,4391
Rep74492,C22064,PR6224,72973,393665,Portugal,4392
Rep74493,C22064,PR6445,3203,14195,China,4393
Rep74494,C22064,PR6226,38313,42565,Eritrea,4394
Rep74495,C22064,PR6445,3203,14195,Algeria,4395
Rep74496,C22064,PR6445,282,1735,Bahrain,4396
Rep74497,C22064,PR6335,2970,15460,El Salvador,4397
Rep74498,C22064,PR6584,122,1130,Saint Vincent and the Grenadines,4398
Rep74499,C22064,PR6229,111,1060,Macedonia,4399
Rep74500,C22064,PR6461,1002,1905,Iceland,4400
Rep74501,C22064,PR6226,38313,42565,Uganda,4401
Rep74502,C22064,PR6664,386,2575,Ghana,4402
Rep74503,C22064,PR6459,127,1020,Haiti,4403
Rep74504,C22064,PR6226,54391,60000,Slovenia,4404
Rep74505,C22064,PR6664,386,2575,France,4405
Rep74506,C22064,PR6459,127,1045,Slovenia,4406
Rep74507,C22064,PR6461,191,1120,Algeria,4407
Rep74508,C22064,PR6584,105,1035,Fiji,4408
Rep74509,C22064,PR6461,1058,2070,Denmark,4409
Rep74510,C22064,PR6220,102,1015,Somalia,4410
Rep74511,C22064,PR6664,153,1530,Monaco,4411
Rep74512,C22064,PR6445,902,4910,Nepal,4412
Rep74513,C22064,PR6459,127,1020,Yemen,4413
Rep74514,C22064,PR6226,190,1165,Luxembourg,4414
Rep74515,C22064,PR6554,752,4605,South Africa,4415
Rep74516,C22064,PR6664,371,2400,Ireland,4416
Rep74517,C22064,PR6226,379,1025,The Bahamas,4417
Rep74518,C22064,PR6224,46903,281485,Macedonia,4418
Rep74519,C22064,PR6224,4610,27675,South Africa,4419
Rep74520,C22064,PR6224,4404,24620,Libya,4420
Rep74521,C22064,PR6229,127,1255,Haiti,4421
Rep74522,C22064,PR6224,57081,339750,Angola,4422
Rep74523,C22064,PR6445,423,2045,Namibia,4423
Rep74524,C22064,PR6664,495,3760,Papua New Guinea,4424
Rep74525,C22064,PR6461,1002,1905,Niger,4425
Rep74526,C22064,PR6335,4335,24755,Antigua and Barbuda ,4426
Rep74527,C22064,PR6459,127,1020,Bahrain,4427
Rep74528,C22064,PR6253,857,4185,Mongolia,4428
Rep74529,C21318,PR6350,128,1460,Nicaragua,4429
Rep74530,C21318,PR6253,101,1020,Slovenia,4430
Rep74531,C21318,PR6367,648,10720,Albania,4431
Rep74532,C21318,PR6350,513,7440,Nauru,4432
Rep74533,C21318,PR6351,542,6140,Liechtenstein,4433
Rep74534,C21318,PR6350,104,1040,Swaziland,4434
Rep74535,C21318,PR6350,200,2490,Belize,4435
Rep74536,C21318,PR6350,222,4080,Solomon Islands,4436
Rep74537,C21318,PR6350,177,2305,Belize,4437
Rep74538,C21318,PR6253,117,1970,Algeria,4438
Rep74539,C21318,PR6404,116,1785,Norway,4439
Rep74540,C21318,PR6351,340,5815,Costa Rica,4440
Rep74541,C21318,PR6351,225,4555,United Kingdom,4441
Rep74542,C21318,PR6363,298,4980,Burundi,4442
Rep74543,C21318,PR6367,383,6365,Denmark,4443
Rep74544,C21318,PR6220,101,1015,Vietnam,4444
Rep74545,C21318,PR6350,158,1865,Burkina Faso,4445
Rep74546,C21318,PR6253,102,1035,Swaziland,4446
Rep74547,C21318,PR6350,152,1915,Haiti,4447
Rep74548,C21318,PR6350,269,5145,Nepal,4448
Rep74549,C21318,PR6351,631,12225,Montenegro,4449
Rep74550,C21318,PR6350,800,16740,Iraq,4450
Rep74551,C21190,PR6223,277,5715,Chad,4451
Rep74552,C21190,PR6241,100,1095,Mozambique,4452
Rep74553,C21190,PR6221,2195,15245,Morocco,4453
Rep74554,C21190,PR6241,102,1270,Nauru,4454
Rep74555,C21190,PR6223,111,1155,Brunei,4455
Rep74556,C21190,PR6221,102,1170,Ethiopia,4456
Rep74557,C21190,PR6221,1661,17395,Lithuania,4457
Rep74558,C21190,PR6241,100,1100,Nicaragua,4458
Rep74559,C21192,PR6231,373,2855,Marshall Islands,4459
Rep74560,C21192,PR6238,120,3185,Albania,4460
Rep74561,C21192,PR6231,597,3445,Malta,4461
Rep74562,C21192,PR6222,140,1225,Grenada,4462
Rep74563,C21192,PR6253,785,3835,Togo,4463
Rep74564,C21192,PR6231,1143,10550,Madagascar,4464
Rep74565,C21192,PR6242,416,1800,Botswana,4465
Rep74566,C21192,PR6226,368,1650,Armenia,4466
Rep74567,C21192,PR6241,236,1690,Austria,4467
Rep74568,C21192,PR6230,105,1035,Djibouti,4468
Rep74569,C21192,PR6251,725,6510,Antigua and Barbuda ,4469
Rep74570,C21192,PR6226,328,1695,Maldives,4470
Rep74571,C21192,PR6251,503,1345,Ukraine,4471
Rep74572,C21192,PR6242,2482,6765,Slovakia,4472
Rep74573,C21192,PR6242,4105,11005,Serbia,4473
Rep74574,C21192,PR6238,234,1580,Kosovo,4474
Rep74575,C21192,PR6230,105,1035,Tuvalu,4475
Rep74576,C21192,PR6253,120,1200,Portugal,4476
Rep74577,C21192,PR6231,311,1635,Senegal,4477
Rep74578,C21192,PR6242,1650,4705,Nicaragua,4478
Rep74579,C21192,PR6242,9508,23890,Tajikistan,4479
Rep74580,C21192,PR6231,147,1150,Laos,4480
Rep74581,C21192,PR6230,104,1030,Myanmar,4481
Rep74582,C21192,PR6231,398,2260,Lebanon,4482
Rep74583,C21192,PR6251,501,3495,Bulgaria,4483
Rep74584,C21192,PR6241,351,2060,Comoros,4484
Rep74585,C21192,PR6253,160,2100,Dominica,4485
Rep74586,C21192,PR6229,441,2765,Switzerland,4486
Rep74587,C21192,PR6241,311,1875,Palau,4487
Rep74588,C21192,PR6226,518,2090,Liberia,4488
Rep74589,C21192,PR6251,158,1220,Ethiopia,4489
Rep74590,C21192,PR6226,208,1375,Papua New Guinea,4490
Rep74591,C21855,PR6223,109,1080,Slovakia,4491
Rep74592,C21855,PR6245,152,2530,Democratic Republic of the Congo,4492
Rep74593,C21855,PR6253,122,1285,Tonga,4493
Rep74594,C21855,PR6253,108,1110,Samoa ,4494
Rep74595,C21855,PR6245,943,5520,Austria,4495
Rep74596,C21855,PR6245,377,2505,Uganda,4496
Rep74597,C22048,PR6470,101,1015,Central African Republic,4497
Rep74598,C22048,PR6608,2377,8710,Kiribati,4498
Rep74599,C22048,PR6393,926,10530,Guinea-Bissau,4499
Rep74600,C22048,PR6323,106,1050,Ethiopia,4500
Rep74601,C22048,PR6593,127,1245,Bosnia and Herzegovina,4501
Rep74602,C22048,PR6593,128,1280,Yemen,4502
Rep74603,C22048,PR6395,105,1355,France,4503
Rep74604,C22048,PR6379,145,2330,Angola,4504
Rep74605,C22048,PR6321,141,3305,Lebanon,4505
Rep74606,C22048,PR6584,123,1135,Greece,4506
Rep74607,C22048,PR6472,160,1620,Macedonia,4507
Rep74608,C22048,PR6246,106,1125,Kazakhstan,4508
Rep74609,C22048,PR6584,120,1110,Malawi,4509
Rep74610,C22048,PR6399,114,1770,Panama,4510
Rep74611,C22048,PR6399,161,3680,Latvia,4511
Rep74612,C22048,PR6251,104,1035,Bulgaria,4512
Rep74613,C22048,PR6245,104,1060,Sweden,4513
Rep74614,C22048,PR6373,102,1060,Slovenia,4514
Rep74615,C22048,PR6628,4461,9880,Burkina Faso,4515
Rep74616,C22048,PR6226,242,2215,Senegal,4516
Rep74617,C22048,PR6381,106,1235,Democratic Republic of the Congo,4517
Rep74618,C22048,PR6409,108,1480,Estonia,4518
Rep74619,C22048,PR6253,175,2620,Burkina Faso,4519
Rep74620,C22048,PR6479,55,1005,Philippines,4520
Rep74621,C22048,PR6378,130,1940,Sao Tome and Principe,4521
Rep74622,C22048,PR6608,1111,3990,Costa Rica,4522
Rep74623,C22048,PR6484,102,1075,Madagascar,4523
Rep74624,C22048,PR6246,101,1040,Montenegro,4524
Rep74625,C22048,PR6579,104,1050,Bulgaria,4525
Rep74626,C22048,PR6381,186,3885,Haiti,4526
Rep74627,C22048,PR6393,167,1370,Netherlands,4527
Rep74628,C22048,PR6473,100,1005,Andorra,4528
Rep74629,C22048,PR6251,200,1695,Spain,4529
Rep74630,C22048,PR6376,101,1020,Seychelles ,4530
Rep74631,C22048,PR6376,116,1175,China,4531
Rep74632,C22048,PR6484,99,1005,Indonesia,4532
Rep74633,C22048,PR6246,101,1030,Mozambique,4533
Rep74634,C22048,PR6239,215,1995,Democratic Republic of the Congo,4534
Rep74635,C22048,PR6331,105,1120,Federated States of Micronesia,4535
Rep74636,C22048,PR6251,107,1050,Singapore,4536
Rep74637,C22048,PR6227,105,1075,Cape Verde,4537
Rep74638,C22048,PR6391,102,1040,Grenada,4538
Rep74639,C22048,PR6381,127,1830,Haiti,4539
Rep74640,C22048,PR6473,96,1005,Tanzania,4540
Rep74641,C22048,PR6593,106,1070,Switzerland,4541
Rep74642,C22048,PR6227,105,1075,Zambia,4542
Rep74643,C22048,PR6241,246,2685,Monaco,4543
Rep74644,C22048,PR6253,155,2495,Mauritius ,4544
Rep74645,C22048,PR6392,797,7535,Burundi,4545
Rep74646,C22048,PR6584,121,1125,Kazakhstan,4546
Rep74647,C22048,PR6579,106,1070,Mauritania,4547
Rep74648,C22048,PR6389,543,6285,Albania,4548
Rep74649,C22048,PR6223,106,1125,Honduras,4549
Rep74650,C22048,PR6391,125,1340,Malta,4550
Rep74651,C22048,PR6245,110,1145,Algeria,4551
Rep74652,C22048,PR6473,100,1005,Botswana,4552
Rep74653,C22048,PR6226,102,1020,Democratic Republic of the Congo,4553
Rep74654,C22048,PR6379,359,5285,Netherlands,4554
Rep74655,C22048,PR6376,108,1090,South Africa,4555
Rep74656,C22048,PR6389,543,6425,Macedonia,4556
Rep74657,C22048,PR6321,178,3605,Liechtenstein,4557
Rep74658,C22048,PR6226,107,1060,United Kingdom,4558
Rep74659,C22048,PR6579,105,1050,Greece,4559
Rep74660,C22048,PR6474,146,1455,Australia,4560
Rep74661,C22048,PR6373,105,1120,Kyrgyzstan,4561
Rep74662,C22048,PR6474,167,1680,North Korea,4562
Rep74663,C22048,PR6474,147,1465,Japan,4563
Rep74664,C22048,PR6393,400,2680,Cuba,4564
Rep74665,C22048,PR6625,100,1035,Singapore,4565
Rep74666,C22048,PR6395,108,1975,Netherlands,4566
Rep74667,C22048,PR6393,264,2175,Bulgaria,4567
Rep74668,C22048,PR6379,151,2490,Mali,4568
Rep74669,C22048,PR6252,261,3600,Federated States of Micronesia,4569
Rep74670,C22048,PR6251,268,2140,Singapore,4570
Rep74671,C22048,PR6245,117,1260,Belize,4571
Rep74672,C22048,PR6608,150,1250,Bhutan,4572
Rep74673,C22048,PR6373,212,3825,Tonga,4573
Rep74674,C22048,PR6384,102,1065,Netherlands,4574
Rep74675,C22048,PR6321,153,3845,Saudi Arabia,4575
Rep74676,C22048,PR6472,127,1290,Dominican Republic,4576
Rep74677,C22048,PR6399,110,1475,Nicaragua,4577
Rep74678,C22048,PR6472,203,2040,Sierra Leone,4578
Rep74679,C22048,PR6227,101,1020,Comoros,4579
Rep74680,C22048,PR6399,110,1510,Nauru,4580
Rep74681,C22048,PR6395,107,1545,Armenia,4581
Rep74682,C22048,PR6392,183,1790,Kenya,4582
Rep74683,C22048,PR6245,112,1170,Liechtenstein,4583
Rep74684,C22048,PR6628,135861,635065,Switzerland,4584
Rep74685,C22048,PR6331,111,1195,Germany,4585
Rep74686,C22048,PR6373,107,1205,Dominica,4586
Rep74687,C22048,PR6321,183,5330,Comoros,4587
Rep74688,C22048,PR6241,187,1995,Benin,4588
Rep74689,C22048,PR6239,156,1500,United Arab Emirates,4589
Rep74690,C22048,PR6323,103,1030,Cameroon,4590
Rep74691,C22048,PR6391,116,1230,North Korea,4591
Rep74692,C22048,PR6409,167,5405,Mozambique,4592
Rep74693,C22048,PR6376,117,1190,Kosovo,4593
Rep74694,C22048,PR6226,117,1150,Sweden,4594
Rep74695,C22048,PR6323,101,1010,Mozambique,4595
Rep74696,C22048,PR6249,157,2860,Latvia,4596
Rep74697,C22048,PR6392,2823,26865,Algeria,4597
Rep74698,C22048,PR6252,217,2940,Moldova ,4598
Rep74699,C22048,PR6252,247,3420,Monaco,4599
Rep74700,C22048,PR6392,2541,24225,Kenya,4600
Rep74701,C22048,PR6409,131,2690,Palau,4601
Rep74702,C22048,PR6593,112,1120,South Sudan,4602
Rep74703,C22048,PR6249,118,1600,Belarus,4603
Rep74704,C22048,PR6484,99,1005,Kosovo,4604
Rep74705,C22048,PR6249,299,7420,Pakistan,4605
Rep74706,C22048,PR6625,63,1005,Tunisia ,4606
Rep74707,C22048,PR6249,205,4335,Mali,4607
Rep74708,C22048,PR6472,183,1820,Nicaragua,4608
Rep74709,C22048,PR6389,3981,47755,Finland,4609
Rep74710,C22048,PR6473,100,1005,Nauru,4610
Rep74711,C22048,PR6381,128,1910,Iceland,4611
Rep74712,C22048,PR6323,108,1060,Uganda,4612
Rep74713,C22048,PR6474,143,1425,Republic of the Congo,4613
Rep74714,C22140,PR6223,105,1075,Latvia,4614
Rep74715,C21194,PR6594,448,8415,Luxembourg,4615
Rep74716,C21194,PR6374,115,1105,Honduras,4616
Rep74717,C21194,PR6230,873,1015,Ghana,4617
Rep74718,C21194,PR6560,115,2275,Tonga,4618
Rep74719,C21194,PR6594,36123,16220,Cyprus,4619
Rep74720,C21194,PR6253,101,1055,Iraq,4620
Rep74721,C21194,PR6230,100,1015,Sudan,4621
Rep74722,C21194,PR6594,2605,10135,Thailand,4622
Rep74723,C21194,PR6226,306,3400,Sweden,4623
Rep74724,C21194,PR6594,2300,13025,Vanuatu,4624
Rep74725,C21194,PR6560,120,3020,Serbia,4625
Rep74726,C21194,PR6388,101,1140,Pakistan,4626
Rep74727,C21194,PR6472,411,4395,Hungary,4627
Rep74728,C21194,PR6393,102,1535,San Marino,4628
Rep74729,C21194,PR6226,306,3400,Papua New Guinea,4629
Rep74730,C21194,PR6393,152,2235,Burundi,4630
Rep74731,C21194,PR6472,411,4395,Denmark,4631
Rep74732,C21194,PR6226,543,2835,Cambodia,4632
Rep74733,C21194,PR6393,103,1535,Ethiopia,4633
Rep74734,C21194,PR6226,102,1050,Zambia,4634
Rep74735,C21194,PR6232,103,1040,Lesotho,4635
Rep74736,C21194,PR6594,629,12425,Indonesia,4636
Rep74737,C21194,PR6594,405,6635,Qatar,4637
Rep74738,C21194,PR6560,120,3020,Croatia,4638
Rep74739,C21194,PR6560,130,3620,Vietnam,4639
Rep74740,C21194,PR6594,9175,38940,Fiji,4640
Rep74741,C21194,PR6594,673,5830,Mauritius ,4641
Rep74742,C21194,PR6393,101,1490,Bosnia and Herzegovina,4642
Rep74743,C21194,PR6388,102,1360,Mali,4643
Rep74744,C21194,PR6230,101,1030,Taiwan,4644
Rep74745,C21194,PR6594,295,4985,Zimbabwe,4645
Rep74746,C21194,PR6393,142,2780,Armenia,4646
Rep74747,C21194,PR6393,102,1380,Israel,4647
Rep74748,C21194,PR6594,520,9875,Tonga,4648
Rep74749,C21194,PR6253,108,1185,Fiji,4649
Rep74750,C21194,PR6594,1265,11420,Trinidad and Tobago,4650
Rep74751,C21194,PR6393,142,2780,Cameroon,4651
Rep74752,C21194,PR6226,245,2145,New Zealand,4652
Rep74753,C21194,PR6399,71,1030,Albania,4653
Rep74754,C21194,PR6393,105,1095,Namibia,4654
Rep74755,C21194,PR6393,105,1095,Democratic Republic of the Congo,4655
Rep74756,C21194,PR6226,100,1015,Monaco,4656
Rep74757,C21194,PR6226,185,4330,Finland,4657
Rep74758,C21194,PR6594,4060,20040,Libya,4658
Rep74759,C21194,PR6388,103,1675,Burundi,4659
Rep74760,C21194,PR6594,6928,30140,Mauritius ,4660
Rep74761,C21194,PR6388,101,1210,United States of America,4661
Rep74762,C21194,PR6594,616,5870,Lebanon,4662
Rep74763,C21194,PR6399,69,1005,Tuvalu,4663
Rep74764,C21194,PR6594,8441,33940,United Kingdom,4664
Rep74765,C21194,PR6230,100,1015,Belgium,4665
Rep74766,C21194,PR6594,405,6635,Morocco,4666
Rep74767,C21194,PR6393,100,1010,Japan,4667
Rep74768,C21194,PR6472,268,2860,Federated States of Micronesia,4668
Rep74769,C21194,PR6594,570,10610,Bangladesh,4669
Rep74770,C21194,PR6472,411,4395,Saint Vincent and the Grenadines,4670
Rep74771,C21194,PR6594,867,8440,Somalia,4671
Rep74772,C21194,PR6594,758,6950,Sweden,4672
Rep74773,C21194,PR6393,123,1835,South Korea,4673
Rep74774,C21194,PR6560,115,2625,East Timor,4674
Rep74775,C21194,PR6594,405,6635,Bangladesh,4675
Rep74776,C21194,PR6560,133,4795,Dominican Republic,4676
Rep74777,C21194,PR6594,2440,9605,South Sudan,4677
Rep74778,C21194,PR6594,391,5605,Monaco,4678
Rep74779,C21194,PR6594,19885,81565,Djibouti,4679
Rep74780,C21194,PR6253,108,1185,Jamaica,4680
Rep74781,C21194,PR6594,4060,20040,Seychelles ,4681
Rep74782,C21194,PR6393,101,1490,Dominican Republic,4682
Rep74783,C21194,PR6226,306,3400,Namibia,4683
Rep74784,C21194,PR6594,453,7520,Bangladesh,4684
Rep74785,C21194,PR6226,416,4375,Malta,4685
Rep74786,C21194,PR6474,655,7315,Madagascar,4686
Rep74787,C21194,PR6594,2300,13025,Chad,4687
Rep74788,C21194,PR6393,105,1805,Uzbekistan,4688
Rep74789,C21194,PR6393,101,1490,Papua New Guinea,4689
Rep74790,C21194,PR6594,4060,20040,Poland,4690
Rep74791,C21194,PR6594,2653,11590,Ghana,4691
Rep74792,C21194,PR6393,142,2780,Moldova ,4692
Rep74793,C21194,PR6594,1108,12225,Tanzania,4693
Rep74794,C21194,PR6560,115,2140,Tonga,4694
Rep74795,C21194,PR6232,136,1455,Luxembourg,4695
Rep74796,C21194,PR6230,101,1030,Belarus,4696
Rep74797,C21194,PR6594,2300,13025,Honduras,4697
Rep74798,C21197,PR6253,5933,30035,Kenya,4698
Rep74799,C21197,PR6253,3688,22275,Kyrgyzstan,4699
Rep74800,C21197,PR6241,4412,11755,Thailand,4700
Rep74801,C21197,PR6253,5933,30035,Greenland,4701
Rep74802,C21197,PR6239,5933,38000,Tunisia ,4702
Rep74803,C21197,PR6231,5377,14330,Sri Lanka,4703
Rep74804,C21197,PR6241,3572,34250,Estonia,4704
Rep74805,C21197,PR6586,322,6880,Laos,4705
Rep74806,C21197,PR6253,5933,30035,Mali,4706
Rep74807,C21197,PR6253,6877,25460,Palau,4707
Rep74808,C21197,PR6239,2044,14385,Estonia,4708
Rep74809,C21197,PR6253,2044,16150,Guatemala,4709
Rep74810,C21197,PR6239,4558,15195,Sao Tome and Principe,4710
Rep74811,C21197,PR6239,5436,19695,Japan,4711
Rep74812,C21197,PR6622,2988,12870,Vatican City,4712
Rep74813,C21197,PR6239,1133,22330,Barbados,4713
Rep74814,C21197,PR6253,3214,12180,Liberia,4714
Rep74815,C21197,PR6239,4544,49375,Djibouti,4715
Rep74816,C21197,PR6253,2196,10790,Croatia,4716
Rep74817,C21197,PR6239,2016,12605,Finland,4717
Rep74818,C21197,PR6241,3045,26425,India,4718
Rep74819,C21197,PR6253,111,1185,Poland,4719
Rep74820,C21197,PR6239,9255,41635,Singapore,4720
Rep74821,C21197,PR6239,2044,14385,Germany,4721
Rep74822,C21197,PR6239,3827,18050,Samoa ,4722
Rep74823,C21197,PR6239,5436,19695,Guatemala,4723
Rep74824,C21197,PR6239,2044,14385,Bulgaria,4724
Rep74825,C21197,PR6253,4194,23530,Bhutan,4725
Rep74826,C21197,PR6253,2988,22400,Indonesia,4726
Rep74827,C21197,PR6239,5993,65230,Grenada,4727
Rep74828,C21197,PR6239,5436,19695,Czech Republic,4728
Rep74829,C21197,PR6253,6704,30480,Central African Republic,4729
Rep74830,C21197,PR6253,2933,14130,Haiti,4730
Rep74831,C21197,PR6239,1127,6535,Rwanda,4731
Rep74832,C21197,PR6253,3405,11145,Belize,4732
Rep74833,C21197,PR6239,1211,11480,Nigeria,4733
Rep74834,C21197,PR6253,5271,16480,Tajikistan,4734
Rep74835,C21197,PR6253,3405,11145,Eritrea,4735
Rep74836,C21197,PR6253,3405,11145,Montenegro,4736
Rep74837,C21197,PR6458,1488,11500,Nigeria,4737
Rep74838,C21197,PR6239,1766,11780,New Zealand,4738
Rep74839,C21197,PR6251,11322,71535,Cape Verde,4739
Rep74840,C21197,PR6239,4461,16760,France,4740
Rep74841,C21197,PR6226,155,1660,Philippines,4741
Rep74842,C21205,PR6597,86,1005,Canada,4742
Rep74843,C21205,PR6596,106,1320,Sri Lanka,4743
Rep74844,C21205,PR6249,112,1625,Cape Verde,4744
Rep74845,C21205,PR6596,122,1605,India,4745
Rep74846,C21205,PR6675,130,2625,Turkey,4746
Rep74847,C21205,PR6678,451,19855,Liechtenstein,4747
Rep74848,C21205,PR6249,116,2460,Swaziland,4748
Rep74849,C21205,PR6633,100,1055,India,4749
Rep74850,C21205,PR6238,151,1460,Vatican City,4750
Rep74851,C21205,PR6595,103,1115,Papua New Guinea,4751
Rep74852,C21205,PR6249,205,4660,Estonia,4752
Rep74853,C21205,PR6249,105,1520,Ukraine,4753
Rep74854,C21205,PR6596,103,1255,Gabon,4754
Rep74855,C21205,PR6597,102,1055,Oman,4755
Rep74856,C21205,PR6683,101,1155,Norway,4756
Rep74857,C21205,PR6596,107,1365,Sudan,4757
Rep74858,C21205,PR6596,155,3445,France,4758
Rep74859,C21205,PR6253,348,2070,The Bahamas,4759
Rep74860,C21205,PR6684,121,2080,Nicaragua,4760
Rep74861,C21205,PR6677,101,1185,United States of America,4761
Rep74862,C21205,PR6679,110,1380,Comoros,4762
Rep74863,C21205,PR6615,105,1010,Latvia,4763
Rep74864,C21205,PR6253,251,1540,Andorra,4764
Rep74865,C21205,PR6249,243,16455,Zambia,4765
Rep74866,C21205,PR6227,136,1265,Tunisia ,4766
Rep74867,C21205,PR6678,118,2390,Uzbekistan,4767
Rep74868,C21205,PR6678,145,4230,Mali,4768
Rep74869,C21205,PR6633,84,1010,Ireland,4769
Rep74870,C21205,PR6678,155,2965,Hungary,4770
Rep74871,C21205,PR6596,103,1265,Israel,4771
Rep74872,C21205,PR6684,1272,61340,Honduras,4772
Rep74873,C21205,PR6684,358,15630,Germany,4773
Rep74874,C21205,PR6679,154,4125,Serbia,4774
Rep74875,C21205,PR6633,100,1045,Federated States of Micronesia,4775
Rep74876,C21205,PR6238,326,2950,Thailand,4776
Rep74877,C21205,PR6597,100,1020,Turkey,4777
Rep74878,C21205,PR6249,282,20000,Tonga,4778
Rep74879,C21205,PR6253,283,1725,Niger,4779
Rep74880,C21205,PR6596,118,1485,Djibouti,4780
Rep74881,C21205,PR6633,100,1050,Serbia,4781
Rep74882,C21205,PR6596,85,1005,Austria,4782
Rep74883,C21205,PR6596,102,1100,Tunisia ,4783
Rep74884,C21205,PR6684,500,20580,Nigeria,4784
Rep74885,C21205,PR6253,342,1980,Monaco,4785
Rep74886,C21205,PR6238,221,1940,Malawi,4786
Rep74887,C21205,PR6684,219,7700,El Salvador,4787
Rep74888,C21205,PR6596,112,1685,Senegal,4788
Rep74889,C21205,PR6683,138,2730,Vatican City,4789
Rep74890,C21205,PR6227,132,1105,Fiji,4790
Rep74891,C21205,PR6490,133,1180,Armenia,4791
Rep74892,C21205,PR6238,345,1870,Jordan,4792
Rep74893,C21205,PR6249,203,12655,Azerbaijan,4793
Rep74894,C21205,PR6596,119,1550,Maldives,4794
Rep74895,C21205,PR6684,180,5320,Republic of the Congo,4795
Rep74896,C21205,PR6678,407,13825,Tunisia ,4796
Rep74897,C21205,PR6227,116,1125,Eritrea,4797
Rep74898,C21205,PR6684,147,3715,Saint Lucia,4798
Rep74899,C21205,PR6597,100,1015,Belgium,4799
Rep74900,C21205,PR6399,103,1075,Montenegro,4800
Rep74901,C21205,PR6253,482,2360,Burundi,4801
Rep74902,C21205,PR6238,208,1385,North Korea,4802
Rep74903,C21205,PR6636,143,5565,Netherlands,4803
Rep74904,C21205,PR6249,281,21105,Azerbaijan,4804
Rep74905,C21205,PR6675,118,2420,Italy,4805
Rep74906,C21205,PR6684,213,7600,Cape Verde,4806
Rep74907,C21205,PR6684,297,11325,Antigua and Barbuda ,4807
Rep74908,C21205,PR6238,238,2230,Mozambique,4808
Rep74909,C21205,PR6684,882,39140,Turkey,4809
Rep74910,C21205,PR6227,159,1305,Solomon Islands,4810
Rep74911,C21205,PR6253,122,1220,Indonesia,4811
Rep74912,C21205,PR6249,203,12655,Nigeria,4812
Rep74913,C21205,PR6253,280,1645,Central African Republic,4813
Rep74914,C21205,PR6683,228,9640,Cyprus,4814
Rep74915,C21205,PR6615,105,1010,Belarus,4815
Rep74916,C21205,PR6227,103,1025,Grenada,4816
Rep74917,C21205,PR6615,108,1015,Tajikistan,4817
Rep74918,C21205,PR6596,137,2040,Taiwan,4818
Rep74919,C21205,PR6597,102,1060,Equatorial Guinea,4819
Rep74920,C21205,PR6227,115,1110,Canada,4820
Rep74921,C21205,PR6249,91,1025,Kiribati,4821
Rep74922,C21205,PR6615,103,1005,Guinea-Bissau,4822
Rep74923,C21205,PR6678,208,8110,Guinea,4823
Rep74924,C21205,PR6249,161,3990,China,4824
Rep74925,C21205,PR6227,192,1665,Mexico,4825
Rep74926,C21205,PR6249,175,3180,Chad,4826
Rep74927,C21205,PR6661,100,1030,Madagascar,4827
Rep74928,C21205,PR6597,101,1025,Slovakia,4828
Rep74929,C21205,PR6685,100,1035,Finland,4829
Rep74930,C21205,PR6683,110,1850,Bulgaria,4830
Rep74931,C21205,PR6227,156,1435,Qatar,4831
Rep74932,C21205,PR6633,100,1050,Estonia,4832
Rep74933,C21205,PR6227,138,1125,Gabon,4833
Rep74934,C21205,PR6597,101,1030,Vanuatu,4834
Rep74935,C21205,PR6249,166,7735,Russia,4835
Rep74936,C21205,PR6615,101,1005,Papua New Guinea,4836
Rep74937,C21205,PR6615,105,1010,Iran,4837
Rep74938,C21205,PR6684,226,7400,Iran,4838
Rep74939,C21205,PR6253,324,2020,East Timor,4839
Rep74940,C21205,PR6679,446,15520,Liberia,4840
Rep74941,C21205,PR6678,141,2390,Cambodia,4841
Rep74942,C21205,PR6490,124,1215,Syria,4842
Rep74943,C21205,PR6615,101,1035,Bangladesh,4843
Rep74944,C21205,PR6253,250,1520,Morocco,4844
Rep74945,C21205,PR6684,180,5320,Burundi,4845
Rep74946,C21205,PR6253,186,1310,Honduras,4846
Rep74947,C21205,PR6227,142,1135,Singapore,4847
Rep74948,C21205,PR6597,104,1115,Panama,4848
Rep74949,C21205,PR6596,101,1035,Costa Rica,4849
Rep74950,C21205,PR6675,102,1215,Cape Verde,4850
Rep74951,C21205,PR6490,146,1235,Saint Lucia,4851
Rep74952,C21205,PR6490,114,1070,Russia,4852
Rep74953,C21205,PR6238,165,1795,Sri Lanka,4853
Rep74954,C21205,PR6684,121,2080,Swaziland,4854
Rep74955,C21205,PR6596,125,1470,China,4855
Rep74956,C21205,PR6597,100,1020,Tajikistan,4856
Rep74957,C21205,PR6684,610,25415,Burundi,4857
Rep74958,C21205,PR6249,117,1560,Grenada,4858
Rep74959,C21205,PR6675,246,8390,Saint Lucia,4859
Rep74960,C21205,PR6678,111,1660,Vanuatu,4860
Rep74961,C21205,PR6253,388,1725,Comoros,4861
Rep74962,C21205,PR6683,125,2425,Somalia,4862
Rep74963,C21205,PR6490,136,1230,East Timor,4863
Rep74964,C21205,PR6227,132,1145,Spain,4864
Rep74965,C21205,PR6227,188,1645,Dominican Republic,4865
Rep74966,C21205,PR6678,245,8075,Libya,4866
Rep74967,C21205,PR6249,147,2285,United Arab Emirates,4867
Rep74968,C21205,PR6597,102,1075,Japan,4868
Rep74969,C21205,PR6490,155,1370,Djibouti,4869
Rep74970,C21205,PR6238,105,1495,Zimbabwe,4870
Rep74971,C21205,PR6227,129,1215,Kyrgyzstan,4871
Rep74972,C21205,PR6490,116,1175,Cambodia,4872
Rep74973,C21205,PR6253,328,2070,Mexico,4873
Rep74974,C21205,PR6227,445,1160,Guinea,4874
Rep74975,C21205,PR6596,111,1105,Djibouti,4875
Rep74976,C21205,PR6678,311,15355,Sao Tome and Principe,4876
Rep74977,C21205,PR6679,154,4125,Moldova ,4877
Rep74978,C21205,PR6678,229,6815,Iran,4878
Rep74979,C21205,PR6684,266,10245,Burundi,4879
Rep74980,C21205,PR6399,110,1430,Fiji,4880
Rep74981,C21205,PR6684,805,37280,Madagascar,4881
Rep74982,C21205,PR6615,107,1170,Greenland,4882
Rep74983,C21205,PR6596,106,1430,Croatia,4883
Rep74984,C21205,PR6615,105,1010,Botswana,4884
Rep74985,C21205,PR6596,111,1440,North Korea,4885
Rep74986,C21205,PR6679,248,6900,Yemen,4886
Rep74987,C21205,PR6227,157,1355,Japan,4887
Rep74988,C21205,PR6227,129,1215,Serbia,4888
Rep74989,C21205,PR6678,141,2450,El Salvador,4889
Rep74990,C21205,PR6684,161,4675,The Gambia,4890
Rep74991,C21205,PR6227,117,1105,United Arab Emirates,4891
Rep74992,C21205,PR6684,251,7255,Guinea,4892
Rep74993,C21205,PR6227,127,1205,Nigeria,4893
Rep74994,C21205,PR6633,102,1155,Monaco,4894
Rep74995,C21205,PR6675,571,21440,Italy,4895
Rep74996,C21205,PR6675,111,1800,Fiji,4896
Rep74997,C21205,PR6249,115,1515,Jordan,4897
Rep74998,C21211,PR6227,122,1340,Cameroon,4898
Rep74999,C21211,PR6227,103,1045,Mauritius ,4899
Rep75000,C21211,PR6633,107,1045,Iceland,4900
Rep75001,C21211,PR6227,107,1100,South Korea,4901
Rep75002,C21211,PR6633,101,1010,East Timor,4902
Rep75003,C21211,PR6633,103,1015,Palau,4903
Rep75004,C21217,PR6253,152,1355,Ukraine,4904
Rep75005,C21217,PR6596,85,1005,Nigeria,4905
Rep75006,C21217,PR6694,63,1005,Barbados,4906
Rep75007,C21217,PR6582,100,1005,Qatar,4907
Rep75008,C21217,PR6534,100,1005,Gabon,4908
Rep75009,C21217,PR6227,125,1085,Marshall Islands,4909
Rep75010,C21217,PR6646,102,1610,Bangladesh,4910
Rep75011,C21217,PR6253,115,1180,China,4911
Rep75012,C21217,PR6582,101,1150,Slovenia,4912
Rep75013,C21217,PR6582,101,1010,Kenya,4913
Rep75014,C21217,PR6534,101,1030,Saint Vincent and the Grenadines,4914
Rep75015,C21217,PR6253,126,1160,Gabon,4915
Rep75016,C21217,PR6227,114,1030,Vietnam,4916
Rep75017,C21217,PR6596,101,2335,Gabon,4917
Rep75018,C21217,PR6253,133,1195,Zambia,4918
Rep75019,C21217,PR6252,101,1015,Mozambique,4919
Rep75020,C21217,PR6679,107,1385,Taiwan,4920
Rep75021,C21217,PR6644,110,2175,Albania,4921
Rep75022,C21217,PR6596,101,1130,Israel,4922
Rep75023,C21217,PR6229,128,1160,Saint Kitts and Nevis ,4923
Rep75024,C21217,PR6596,100,1065,Malawi,4924
Rep75025,C21217,PR6229,116,1065,Equatorial Guinea,4925
Rep75026,C21217,PR6227,117,1035,Tanzania,4926
Rep75027,C21217,PR6253,287,2350,Guatemala,4927
Rep75028,C21217,PR6534,102,1035,Jamaica,4928
Rep75029,C21217,PR6534,102,1045,The Bahamas,4929
Rep75030,C21217,PR6229,170,1370,Moldova ,4930
Rep75031,C22298,PR6253,1583,3325,Uzbekistan,4931
Rep75032,C22298,PR6279,103,1135,Solomon Islands,4932
Rep75033,C22298,PR6227,36839,112135,Vietnam,4933
Rep75034,C22298,PR6614,129,1275,Lebanon,4934
Rep75035,C22298,PR6600,5455,8070,Nicaragua,4935
Rep75036,C22298,PR6614,130,1280,Andorra,4936
Rep75037,C22298,PR6227,36839,112135,Tanzania,4937
Rep75038,C22298,PR6614,130,1285,Jamaica,4938
Rep75039,C22298,PR6227,36839,112135,Slovenia,4939
Rep75040,C22298,PR6614,131,1300,Australia,4940
Rep75041,C22298,PR6253,4105,7280,Pakistan,4941
Rep75042,C22298,PR6600,24533,27540,Nepal,4942
Rep75043,C22298,PR6614,131,1295,Uzbekistan,4943
Rep75044,C22298,PR6600,4600,5920,Cyprus,4944
Rep75045,C22298,PR6227,23301,70295,Canada,4945
Rep75046,C22298,PR6253,1583,3325,China,4946
Rep75047,C22298,PR6227,6713,22900,New Zealand,4947
Rep75048,C22298,PR6253,3215,5890,Sudan,4948
Rep75049,C22298,PR6600,4600,5920,Pakistan,4949
Rep75050,C22298,PR6253,3340,6115,Mauritius ,4950
Rep75051,C22298,PR6227,12295,29365,Iceland,4951
Rep75052,C22298,PR6227,17756,41985,Bhutan,4952
Rep75053,C22298,PR6227,36839,112135,Comoros,4953
Rep75054,C22298,PR6253,1583,3325,South Sudan,4954
Rep75055,C22298,PR6253,2176,4255,Lesotho,4955
Rep75056,C22298,PR6604,4600,5920,Singapore,4956
Rep75057,C22298,PR6253,1583,3325,Liechtenstein,4957
Rep75058,C22298,PR6227,4416,13570,Honduras,4958
Rep75059,C22298,PR6227,11830,28055,Grenada,4959
Rep75060,C22298,PR6614,131,1285,Dominica,4960
Rep75061,C22298,PR6614,131,1300,Cape Verde,4961
Rep75062,C22298,PR6600,4088,5380,Monaco,4962
Rep75063,C22298,PR6600,4516,5890,Pakistan,4963
Rep75064,C22298,PR6253,3215,5885,Sao Tome and Principe,4964
Rep75065,C22257,PR6227,1788,2580,Vanuatu,4965
Rep75066,C22257,PR6352,422,15645,Ethiopia,4966
Rep75067,C22257,PR6352,101,1150,Kyrgyzstan,4967
Rep75068,C22257,PR6352,206,13535,Bosnia and Herzegovina,4968
Rep75069,C21337,PR6227,300,1530,Democratic Republic of the Congo,4969
Rep75070,C21337,PR6582,103,1065,Federated States of Micronesia,4970
Rep75071,C21337,PR6253,178,1470,United Kingdom,4971
Rep75072,C21337,PR6227,341,1640,Germany,4972
Rep75073,C21337,PR6227,350,1660,Yemen,4973
Rep75074,C21337,PR6596,174,2845,Poland,4974
Rep75075,C21337,PR6596,152,2385,Bhutan,4975
Rep75076,C21337,PR6253,1081,5615,Luxembourg,4976
Rep75077,C21337,PR6596,165,2665,Kazakhstan,4977
Rep75078,C21337,PR6596,156,2200,Benin,4978
Rep75079,C21337,PR6227,300,1530,Fiji,4979
Rep75080,C21337,PR6596,183,3100,Sudan,4980
Rep75081,C21337,PR6227,291,1505,Portugal,4981
Rep75082,C21337,PR6596,136,2100,Tuvalu,4982
Rep75083,C21337,PR6253,1146,5200,Cameroon,4983
Rep75084,C21337,PR6227,500,2055,Egypt,4984
Rep75085,C21337,PR6596,165,2290,Australia,4985
Rep75086,C21337,PR6227,500,2055,Niger,4986
Rep75087,C21337,PR6253,700,3150,Central African Republic,4987
Rep75088,C21337,PR6253,1095,4560,Botswana,4988
Rep75089,C21337,PR6253,655,2965,Namibia,4989
Rep75090,C21337,PR6596,156,2200,Guatemala,4990
Rep75091,C21337,PR6596,143,1985,Germany,4991
Rep75092,C21337,PR6253,758,4770,Mauritania,4992
Rep75093,C21337,PR6253,1115,5510,Dominican Republic,4993
Rep75094,C21249,PR6615,116,1285,Comoros,4994
Rep75095,C21249,PR6596,122,2455,Maldives,4995
Rep75096,C21249,PR6615,114,1465,Solomon Islands,4996
Rep75097,C21249,PR6227,102,1055,Honduras,4997
Rep75098,C21249,PR6229,105,1080,Antigua and Barbuda ,4998
Rep75099,C21249,PR6596,113,1050,United Arab Emirates,4999
Rep75100,C21249,PR6229,118,1075,El Salvador,5000
Rep75101,C21249,PR6596,104,1090,Bulgaria,5001
Rep75102,C21249,PR6229,108,1045,Greenland,5002
Rep75103,C21249,PR6227,108,1215,Croatia,5003
Rep75104,C21249,PR6615,110,1190,South Korea,5004
Rep75105,C21249,PR6615,108,1310,Maldives,5005
Rep75106,C21249,PR6596,106,1090,Maldives,5006
Rep75107,C21249,PR6400,116,1805,Saint Vincent and the Grenadines,5007
Rep75108,C21249,PR6227,108,1215,Guinea-Bissau,5008
Rep75109,C21249,PR6615,116,1290,Czech Republic,5009
Rep75110,C21249,PR6596,100,1025,Costa Rica,5010
Rep75111,C21249,PR6229,112,1080,Benin,5011
Rep75112,C21249,PR6670,117,2675,Afghanistan,5012
Rep75113,C21249,PR6229,117,1070,Portugal,5013
Rep75114,C21249,PR6596,107,1030,Moldova ,5014
Rep75115,C21268,PR6253,100,1040,Guinea,5015
Rep75116,C21268,PR6238,102,1015,Dominican Republic,5016
Rep75117,C21268,PR6253,113,6410,Tanzania,5017
Rep75118,C21268,PR6238,109,1105,Kyrgyzstan,5018
Rep75119,C21268,PR6670,131,2305,Iceland,5019
Rep75120,C21268,PR6238,103,1035,Switzerland,5020
Rep75121,C21268,PR6595,103,1015,Cambodia,5021
Rep75122,C21268,PR6249,100,1055,Seychelles ,5022
Rep75123,C21268,PR6227,101,1005,Sudan,5023
Rep75124,C21268,PR6238,103,1865,Bosnia and Herzegovina,5024
Rep75125,C21268,PR6238,123,1120,Turkey,5025
Rep75126,C21268,PR6596,191,5440,Tunisia ,5026
Rep75127,C21268,PR6595,123,1115,Cape Verde,5027
Rep75128,C21268,PR6253,103,1200,Ireland,5028
Rep75129,C21268,PR6595,102,1005,Bangladesh,5029
Rep75130,C21268,PR6595,106,1105,Jamaica,5030
Rep75131,C21268,PR6596,102,1025,Pakistan,5031
Rep75132,C21268,PR6595,101,1445,Algeria,5032
Rep75133,C21268,PR6596,161,4185,Benin,5033
Rep75134,C21268,PR6595,103,1035,Latvia,5034
Rep75135,C21268,PR6596,118,2250,South Sudan,5035
Rep75136,C21268,PR6596,109,1190,China,5036
Rep75137,C21268,PR6238,101,935,Trinidad and Tobago,5037
Rep75138,C22061,PR6227,176,1630,Palau,5038
Rep75139,C22061,PR6371,132,1085,South Korea,5039
Rep75140,C22061,PR6633,102,1055,Latvia,5040
Rep75141,C22061,PR6248,112,1250,Iceland,5041
Rep75142,C22061,PR6227,321,2250,Eritrea,5042
Rep75143,C22061,PR6474,130,1100,Bahrain,5043
Rep75144,C22061,PR6570,217,1125,Burundi,5044
Rep75145,C22061,PR6567,147,1050,Qatar,5045
Rep75146,C22061,PR6589,377,1280,Uzbekistan,5046
Rep75147,C22061,PR6331,247,3015,Honduras,5047
Rep75148,C22061,PR6570,207,1710,Armenia,5048
Rep75149,C22061,PR6594,365,1685,Nicaragua,5049
Rep75150,C22061,PR6582,222,1115,United States of America,5050
Rep75151,C22061,PR6470,207,2025,Mauritius ,5051
Rep75152,C22061,PR6393,155,1035,Guatemala,5052
Rep75153,C22061,PR6629,220,2030,Solomon Islands,5053
Rep75154,C22061,PR6470,140,1365,Italy,5054
Rep75155,C22061,PR6387,186,2070,Egypt,5055
Rep75156,C22061,PR6316,121,1535,Kyrgyzstan,5056
Rep75157,C22061,PR6325,101,1035,Burundi,5057
Rep75158,C22061,PR6458,152,1455,South Korea,5058
Rep75159,C22061,PR6564,125,1210,Maldives,5059
Rep75160,C22061,PR6320,116,1045,North Korea,5060
Rep75161,C22061,PR6227,104,1130,Algeria,5061
Rep75162,C22061,PR6316,146,1090,Palau,5062
Rep75163,C22061,PR6370,130,1175,Nauru,5063
Rep75164,C22061,PR6331,160,1420,Solomon Islands,5064
Rep75165,C22061,PR6461,886,1360,Lesotho,5065
Rep75166,C22061,PR6331,152,1640,Ukraine,5066
Rep75167,C22061,PR6392,109,1145,Lebanon,5067
Rep75168,C22061,PR6392,320,2615,Turkey,5068
Rep75169,C22061,PR6239,541,6205,Vanuatu,5069
Rep75170,C22061,PR6378,238,2945,Tajikistan,5070
Rep75171,C22061,PR6622,113,1125,Pakistan,5071
Rep75172,C22061,PR6319,106,1115,Austria,5072
Rep75173,C22061,PR6474,125,1685,Israel,5073
Rep75174,C22061,PR6615,130,1070,Israel,5074
Rep75175,C22061,PR6370,160,4675,Monaco,5075
Rep75176,C22061,PR6229,256,3000,Serbia,5076
Rep75177,C22061,PR6241,173,2830,Ghana,5077
Rep75178,C22061,PR6586,200,1130,Sri Lanka,5078
Rep75179,C22061,PR6594,166,1180,Qatar,5079
Rep75180,C22061,PR6241,130,1110,Somalia,5080
Rep75181,C22061,PR6485,103,1300,Uzbekistan,5081
Rep75182,C22061,PR6474,101,1430,Bosnia and Herzegovina,5082
Rep75183,C22061,PR6689,129,1210,China,5083
Rep75184,C22061,PR6589,112,1050,Papua New Guinea,5084
Rep75185,C22061,PR6253,943,17060,Chad,5085
Rep75186,C22061,PR6227,162,5130,Iran,5086
Rep75187,C22061,PR6615,127,1015,Pakistan,5087
Rep75188,C22061,PR6592,110,1110,Mongolia,5088
Rep75189,C22061,PR6570,101,1205,South Sudan,5089
Rep75190,C22061,PR6321,143,1360,Thailand,5090
Rep75191,C22061,PR6458,180,1230,Qatar,5091
Rep75192,C22061,PR6461,1066,1445,Solomon Islands,5092
Rep75193,C22061,PR6607,137,1170,Laos,5093
Rep75194,C22061,PR6594,106,1040,Belize,5094
Rep75195,C22061,PR6320,106,1255,Norway,5095
Rep75196,C22061,PR6474,116,1230,Laos,5096
Rep75197,C22061,PR6241,933,4585,Botswana,5097
Rep75198,C22061,PR6474,238,2185,Uganda,5098
Rep75199,C22061,PR6248,110,1050,Belarus,5099
Rep75200,C22061,PR6567,113,1215,Gabon,5100
Rep75201,C22061,PR6249,115,2880,Singapore,5101
Rep75202,C22061,PR6587,101,1045,Mexico,5102
Rep75203,C22061,PR6386,141,1380,Azerbaijan,5103
Rep75204,C22061,PR6594,135,1170,Netherlands,5104
Rep75205,C22061,PR6392,131,1545,Ghana,5105
Rep75206,C22061,PR6616,112,1170,Swaziland,5106
Rep75207,C22061,PR6331,135,1270,Romania,5107
Rep75208,C22061,PR6319,108,1265,Mexico,5108
Rep75209,C22061,PR6594,300,1915,Kyrgyzstan,5109
Rep75210,C22061,PR6392,153,2060,Finland,5110
Rep75211,C22061,PR6319,127,1735,Guatemala,5111
Rep75212,C22061,PR6567,119,1100,Portugal,5112
Rep75213,C22061,PR6238,116,1150,Liechtenstein,5113
Rep75214,C22061,PR6319,115,1210,Cyprus,5114
Rep75215,C22061,PR6253,116,1060,Vanuatu,5115
Rep75216,C22061,PR6372,235,3440,Grenada,5116
Rep75217,C22061,PR6394,162,1500,Kuwait,5117
Rep75218,C22061,PR6628,7877,14775,Qatar,5118
Rep75219,C22061,PR6325,103,1100,Japan,5119
Rep75220,C22061,PR6253,238,2070,Hungary,5120
Rep75221,C22061,PR6394,212,2550,Nigeria,5121
Rep75222,C22061,PR6615,125,1060,Portugal,5122
Rep75223,C22061,PR6622,123,1130,Vietnam,5123
Rep75224,C22061,PR6567,108,1115,Iran,5124
Rep75225,C22061,PR6567,101,1040,Ethiopia,5125
Rep75226,C22061,PR6253,133,1470,Montenegro,5126
Rep75227,C22061,PR6485,121,1205,Comoros,5127
Rep75228,C22061,PR6249,233,6860,Malta,5128
Rep75229,C22061,PR6611,108,1005,Czech Republic,5129
Rep75230,C22061,PR6227,594,3220,The Bahamas,5130
Rep75231,C22061,PR6251,106,1150,Afghanistan,5131
Rep75232,C22061,PR6567,405,1325,Ukraine,5132
Rep75233,C22061,PR6615,541,2335,Samoa ,5133
Rep75234,C22061,PR6375,131,1570,Qatar,5134
Rep75235,C22061,PR6253,241,2400,Seychelles ,5135
Rep75236,C22061,PR6607,147,1215,Sierra Leone,5136
Rep75237,C22061,PR6689,101,1075,Sri Lanka,5137
Rep75238,C22061,PR6253,150,1060,Senegal,5138
Rep75239,C22061,PR6586,130,1225,United Arab Emirates,5139
Rep75240,C22144,PR6227,475,7110,South Africa,5140
Rep75241,C22144,PR6227,4100,11820,Thailand,5141
Rep75242,C22144,PR6227,459,5205,Rwanda,5142
Rep75243,C21696,PR6616,100,1010,Gabon,5143
Rep75244,C21696,PR6229,200,1485,Federated States of Micronesia,5144
Rep75245,C21696,PR6227,458,2705,Montenegro,5145
Rep75246,C21696,PR6596,166,1550,Guatemala,5146
Rep75247,C21696,PR6596,128,1335,Equatorial Guinea,5147
Rep75248,C21696,PR6596,342,10645,Spain,5148
Rep75249,C21696,PR6596,118,1370,Norway,5149
Rep75250,C21696,PR6229,760,18830,United States of America,5150
Rep75251,C21696,PR6253,102,1025,Nicaragua,5151
Rep75252,C21696,PR6596,190,1345,East Timor,5152
Rep75253,C21696,PR6253,1022,24030,Belize,5153
Rep75254,C21696,PR6596,280,4075,Laos,5154
Rep75255,C21696,PR6616,576,14775,Mozambique,5155
Rep75256,C21696,PR6253,595,10465,Saint Kitts and Nevis ,5156
Rep75257,C21245,PR6578,102,1025,Kuwait,5157
Rep75258,C21245,PR6596,115,1190,Costa Rica,5158
Rep75259,C21245,PR6229,138,1120,Equatorial Guinea,5159
Rep75260,C21245,PR6229,133,1110,Kazakhstan,5160
Rep75261,C21245,PR6596,88,1035,Eritrea,5161
Rep75262,C21245,PR6229,111,1055,San Marino,5162
Rep75263,C21245,PR6229,130,1120,Guinea,5163
Rep75264,C21245,PR6596,106,1035,United States of America,5164
Rep75265,C21245,PR6253,169,1410,Honduras,5165
Rep75266,C21245,PR6253,147,1180,Iraq,5166
Rep75267,C21245,PR6229,137,1150,Denmark,5167
Rep75268,C21245,PR6253,205,1665,Antigua and Barbuda ,5168
Rep75269,C21245,PR6229,109,1515,Oman,5169
Rep75270,C21245,PR6253,316,2015,Myanmar,5170
Rep75271,C21245,PR6229,111,1030,Namibia,5171
Rep75272,C21245,PR6596,103,1040,Russia,5172
Rep75273,C21245,PR6253,181,1290,New Zealand,5173
Rep75274,C21247,PR6596,102,1075,Honduras,5174
Rep75275,C21247,PR6229,178,1205,Angola,5175
Rep75276,C21247,PR6683,127,3820,Chad,5176
Rep75277,C21247,PR6596,102,1050,Somalia,5177
Rep75278,C21247,PR6675,195,10105,Azerbaijan,5178
Rep75279,C21247,PR6675,202,8710,Syria,5179
Rep75280,C21247,PR6679,163,5025,Angola,5180
Rep75281,C21247,PR6639,136,17735,Russia,5181
Rep75282,C21247,PR6229,137,2655,Turkmenistan,5182
Rep75283,C21247,PR6684,154,4195,Samoa ,5183
Rep75284,C21247,PR6596,115,1240,Ethiopia,5184
Rep75285,C21247,PR6229,153,1140,Kyrgyzstan,5185
Rep75286,C21247,PR6253,243,1795,Fiji,5186
Rep75287,C21247,PR6238,322,2415,Albania,5187
Rep75288,C21247,PR6253,104,1405,Hungary,5188
Rep75289,C21247,PR6679,671,39350,Lithuania,5189
Rep75290,C21247,PR6683,134,4625,Samoa ,5190
Rep75291,C21247,PR6675,292,23510,Vatican City,5191
Rep75292,C21247,PR6253,101,1035,Fiji,5192
Rep75293,C21247,PR6679,168,6050,East Timor,5193
Rep75294,C21247,PR6596,107,1155,Angola,5194
Rep75295,C21247,PR6684,184,8175,Azerbaijan,5195
Rep75296,C21247,PR6596,100,1030,Nigeria,5196
Rep75297,C21247,PR6229,209,1290,Cambodia,5197
Rep75298,C21247,PR6684,156,5635,Latvia,5198
Rep75299,C21247,PR6596,128,1330,Barbados,5199
Rep75300,C21247,PR6582,103,1080,Sweden,5200
Rep75301,C21247,PR6253,117,2450,Nepal,5201
Rep75302,C21247,PR6596,100,1045,Dominican Republic,5202
Rep75303,C21247,PR6229,200,1260,Algeria,5203
Rep75304,C21247,PR6675,137,3020,Denmark,5204
Rep75305,C21247,PR6639,105,2595,Antigua and Barbuda ,5205
Rep75306,C21247,PR6684,192,7925,Saint Vincent and the Grenadines,5206
Rep75307,C21247,PR6639,222,27765,Estonia,5207
Rep75308,C21247,PR6238,416,3335,Democratic Republic of the Congo,5208
Rep75309,C21247,PR6679,733,44800,Mali,5209
Rep75310,C21247,PR6229,102,1115,Samoa ,5210
Rep75311,C21247,PR6229,105,1500,Ukraine,5211
Rep75312,C21247,PR6639,115,5275,Myanmar,5212
Rep75313,C21247,PR6596,115,1285,United Arab Emirates,5213
Rep75314,C21247,PR6253,181,2510,Solomon Islands,5214
Rep75315,C21247,PR6229,100,1020,Nepal,5215
Rep75316,C21247,PR6596,100,1010,Namibia,5216
Rep75317,C21247,PR6596,111,1145,Croatia,5217
Rep75318,C21247,PR6639,104,2610,Laos,5218
Rep75319,C21247,PR6679,253,12010,Serbia,5219
Rep75320,C21247,PR6596,138,1480,Germany,5220
Rep75321,C21247,PR6229,106,1440,Italy,5221
Rep75322,C21247,PR6253,264,1825,Saint Kitts and Nevis ,5222
Rep75323,C21247,PR6582,103,1040,Myanmar,5223
Rep75324,C21253,PR6229,405,1585,Mongolia,5224
Rep75325,C21253,PR6596,125,1225,South Sudan,5225
Rep75326,C21253,PR6616,112,1030,Sri Lanka,5226
Rep75327,C21253,PR6229,168,1210,Bulgaria,5227
Rep75328,C21253,PR6596,125,1225,Liechtenstein,5228
Rep75329,C21253,PR6596,103,1285,Jordan,5229
Rep75330,C21253,PR6595,123,1865,South Sudan,5230
Rep75331,C21253,PR6616,122,1030,Barbados,5231
Rep75332,C21253,PR6229,143,1230,Cote d'Ivoire,5232
Rep75333,C21253,PR6399,108,1255,Djibouti,5233
Rep75334,C21253,PR6399,126,4240,Germany,5234
Rep75335,C21253,PR6596,113,1155,Tunisia ,5235
Rep75336,C21253,PR6616,106,1015,Poland,5236
Rep75337,C21253,PR6596,106,4655,Zimbabwe,5237
Rep75338,C21253,PR6616,121,1025,Federated States of Micronesia,5238
Rep75339,C21253,PR6678,131,3020,Guinea-Bissau,5239
Rep75340,C21253,PR6616,133,1075,Bhutan,5240
Rep75341,C21253,PR6253,1051,4655,Uzbekistan,5241
Rep75342,C21253,PR6596,107,1135,Kyrgyzstan,5242
Rep75343,C21253,PR6596,108,1170,United States of America,5243
Rep75344,C21253,PR6399,170,13920,Kenya,5244
Rep75345,C21253,PR6253,6824,4345,Mauritania,5245
Rep75346,C21253,PR6253,461,3370,Nepal,5246
Rep75347,C21253,PR6229,191,1330,Samoa ,5247
Rep75348,C21253,PR6229,171,3100,Iraq,5248
Rep75349,C21253,PR6616,101,1005,Finland,5249
Rep75350,C21253,PR6616,121,1030,Romania,5250
Rep75351,C21253,PR6253,295,2405,Portugal,5251
Rep75352,C21253,PR6229,241,1685,Honduras,5252
Rep75353,C21253,PR6229,193,1270,Turkmenistan,5253
Rep75354,C21254,PR6683,446,11070,Costa Rica,5254
Rep75355,C21254,PR6684,1375,57170,Lithuania,5255
Rep75356,C21254,PR6683,2958,128660,Spain,5256
Rep75357,C21254,PR6683,813,35545,Dominican Republic,5257
Rep75358,C21254,PR6238,133,1845,Mozambique,5258
Rep75359,C21254,PR6684,1790,71305,Qatar,5259
Rep75360,C21254,PR6229,458,1855,Qatar,5260
Rep75361,C21254,PR6238,255,4490,Thailand,5261
Rep75362,C21254,PR6684,276,10830,Nicaragua,5262
Rep75363,C21254,PR6692,113,1120,Czech Republic,5263
Rep75364,C21254,PR6683,192,6460,Libya,5264
Rep75365,C21254,PR6684,656,23230,Vietnam,5265
Rep75366,C21254,PR6683,671,21275,Kosovo,5266
Rep75367,C21254,PR6229,501,1940,Sri Lanka,5267
Rep75368,C21254,PR6683,605,19880,Sao Tome and Principe,5268
Rep75369,C21254,PR6238,188,3225,Japan,5269
Rep75370,C21254,PR6238,243,3840,Ukraine,5270
Rep75371,C21254,PR6683,697,557865,Tonga,5271
Rep75372,C21254,PR6684,392,17965,The Bahamas,5272
Rep75373,C21254,PR6692,144,2700,Saudi Arabia,5273
Rep75374,C21254,PR6683,882,50615,Lithuania,5274
Rep75375,C21254,PR6684,337,10560,Georgia,5275
Rep75376,C21254,PR6683,204,7145,Equatorial Guinea,5276
Rep75377,C21254,PR6684,1788,81035,Turkmenistan,5277
Rep75378,C21254,PR6238,238,4500,San Marino,5278
Rep75379,C21254,PR6229,374,1690,Jamaica,5279
Rep75380,C21254,PR6677,249,9960,Malawi,5280
Rep75381,C21254,PR6229,205,1250,Turkmenistan,5281
Rep75382,C21254,PR6692,101,1035,Turkmenistan,5282
Rep75383,C21254,PR6229,268,1395,Lebanon,5283
Rep75384,C21254,PR6229,437,1850,Afghanistan,5284
Rep75385,C21254,PR6684,1591,53910,Saint Kitts and Nevis ,5285
Rep75386,C21254,PR6238,160,2505,Guinea,5286
Rep75387,C21254,PR6229,522,2065,Spain,5287
Rep75388,C21254,PR6229,606,2190,Iraq,5288
Rep75389,C21254,PR6684,376,18455,Malaysia,5289
Rep75390,C21254,PR6692,116,1480,Mali,5290
Rep75391,C21254,PR6692,133,2350,Zimbabwe,5291
Rep75392,C21254,PR6683,798,29320,Croatia,5292
Rep75393,C21254,PR6682,419,18500,Namibia,5293
Rep75394,C21254,PR6678,2270,88470,Saint Lucia,5294
Rep75395,C21254,PR6238,216,3880,Seychelles ,5295
Rep75396,C21254,PR6238,275,5330,New Zealand,5296
Rep75397,C21254,PR6683,252,7140,Bulgaria,5297
Rep75398,C21254,PR6683,1043,46740,Cameroon,5298
Rep75399,C21254,PR6692,106,1270,Equatorial Guinea,5299
Rep75400,C21735,PR6623,101,1590,Switzerland,5300
Rep75401,C21735,PR6640,101,1360,Fiji,5301
Rep75402,C21735,PR6640,124,7305,Finland,5302
Rep75403,C21735,PR6623,100,1305,Nauru,5303
Rep75404,C21735,PR6643,117,4765,Iceland,5304
Rep75405,C21735,PR6640,165,15520,Philippines,5305
Rep75406,C21735,PR6640,108,3520,China,5306
Rep75407,C21735,PR6643,119,5270,Australia,5307
Rep75408,C21735,PR6643,129,6385,Palau,5308
Rep75409,C21735,PR6229,311,3310,Morocco,5309
Rep75410,C21735,PR6643,133,7480,Thailand,5310
Rep75411,C21735,PR6643,156,15970,Indonesia,5311
Rep75412,C21735,PR6645,101,1365,Burundi,5312
Rep75413,C21735,PR6643,115,4385,Burundi,5313
Rep75414,C21735,PR6640,130,8870,Kyrgyzstan,5314
Rep75415,C21735,PR6640,104,2525,Comoros,5315
Rep75416,C21735,PR6623,100,1270,Kiribati,5316
Rep75417,C21735,PR6623,113,1670,Zimbabwe,5317
Rep75418,C21735,PR6623,100,1380,Saudi Arabia,5318
Rep75419,C21735,PR6640,111,4995,Georgia,5319
Rep75420,C21735,PR6640,113,4780,Turkmenistan,5320
Rep75421,C21735,PR6640,117,6110,Cyprus,5321
Rep75422,C21735,PR6640,118,8950,North Korea,5322
Rep75423,C21735,PR6643,148,14465,Greece,5323
Rep75424,C21735,PR6643,143,13300,Burkina Faso,5324
Rep75425,C21735,PR6623,100,1125,Belarus,5325
Rep75426,C21735,PR6640,101,1410,Australia,5326
Rep75427,C21735,PR6640,108,3185,Algeria,5327
Rep75428,C21735,PR6643,138,7825,Samoa ,5328
Rep75429,C21735,PR6645,102,1595,Tunisia ,5329
Rep75430,C21735,PR6229,344,3545,Tunisia ,5330
Rep75431,C21735,PR6686,102,1405,Thailand,5331
Rep75432,C21735,PR6623,100,1345,Moldova ,5332
Rep75433,C21735,PR6640,103,1835,Dominican Republic,5333
Rep75434,C21735,PR6643,111,4045,Montenegro,5334
Rep75435,C21735,PR6623,100,1275,Cape Verde,5335
Rep75436,C21735,PR6640,109,3180,Poland,5336
Rep75437,C21735,PR6686,107,1680,Cote d'Ivoire,5337
Rep75438,C21735,PR6640,108,3440,Togo,5338
Rep75439,C21695,PR6702,267,2890,Tunisia ,5339
Rep75440,C21695,PR6229,107,1140,Norway,5340
Rep75441,C21695,PR6249,108,1110,Laos,5341
Rep75442,C21695,PR6596,112,1090,Japan,5342
Rep75443,C21695,PR6596,105,1075,Morocco,5343
Rep75444,C21287,PR6596,102,1065,Namibia,5344
Rep75445,C21287,PR6616,105,1250,Bhutan,5345
Rep75446,C21287,PR6671,410,8095,Turkey,5346
Rep75447,C21287,PR6661,269,8890,Tonga,5347
Rep75448,C21287,PR6253,437,3095,Tuvalu,5348
Rep75449,C21287,PR6661,247,7195,New Zealand,5349
Rep75450,C21287,PR6229,105,1005,Palau,5350
Rep75451,C21287,PR6670,1000,24575,Samoa ,5351
Rep75452,C21287,PR6229,103,1015,France,5352
Rep75453,C21287,PR6671,259,4955,Denmark,5353
Rep75454,C21287,PR6671,1861,36505,Barbados,5354
Rep75455,C21287,PR6671,1521,31495,Cuba,5355
Rep75456,C21287,PR6253,533,2790,Belgium,5356
Rep75457,C21287,PR6364,126,4225,Vatican City,5357
Rep75458,C21287,PR6249,114,1105,Romania,5358
Rep75459,C21287,PR6400,128,3435,Oman,5359
Rep75460,C21287,PR6596,103,1050,Turkey,5360
Rep75461,C21287,PR6595,101,1015,Nauru,5361
Rep75462,C21287,PR6671,1707,36250,Maldives,5362
Rep75463,C21287,PR6671,557,12215,Austria,5363
Rep75464,C21287,PR6596,110,1560,Honduras,5364
Rep75465,C21287,PR6616,100,1230,Cambodia,5365
Rep75466,C21287,PR6596,108,1340,Malawi,5366
Rep75467,C21287,PR6670,671,14335,Kuwait,5367
Rep75468,C21287,PR6596,105,1305,Malawi,5368
Rep75469,C21287,PR6595,100,1010,Tajikistan,5369
Rep75470,C21287,PR6671,2356,45040,Kazakhstan,5370
Rep75471,C21287,PR6670,2426,60845,Georgia,5371
Rep75472,C21287,PR6229,127,1145,Libya,5372
Rep75473,C21287,PR6253,713,3540,Burkina Faso,5373
Rep75474,C21287,PR6253,146,1290,Oman,5374
Rep75475,C21287,PR6253,229,1750,Azerbaijan,5375
Rep75476,C21287,PR6400,101,1090,Syria,5376
Rep75477,C21287,PR6661,1914,92930,Nepal,5377
Rep75478,C21287,PR6596,102,1040,Republic of the Congo,5378
Rep75479,C21287,PR6672,256,5650,India,5379
Rep75480,C21287,PR6253,174,1570,Croatia,5380
Rep75481,C21287,PR6253,215,1160,Ghana,5381
Rep75482,C21287,PR6229,100,1020,New Zealand,5382
Rep75483,C21287,PR6253,124,1130,Germany,5383
Rep75484,C21287,PR6596,103,1195,Mozambique,5384
Rep75485,C21287,PR6671,1602,30465,Sri Lanka,5385
Rep75486,C21287,PR6671,173,3310,Finland,5386
Rep75487,C21287,PR6671,727,17505,Barbados,5387
Rep75488,C21287,PR6400,104,1210,Israel,5388
Rep75489,C21287,PR6616,103,1495,Vatican City,5389
Rep75490,C21287,PR6596,107,1405,Andorra,5390
Rep75491,C21287,PR6253,108,1055,Kazakhstan,5391
Rep75492,C21287,PR6671,2398,59305,Malawi,5392
Rep75493,C21287,PR6252,130,1150,Malta,5393
Rep75494,C21287,PR6670,1016,20755,Iran,5394
Rep75495,C21287,PR6661,1985,84110,Libya,5395
Rep75496,C21287,PR6671,810,19750,Malaysia,5396
Rep75497,C21287,PR6229,155,1310,Libya,5397
Rep75498,C21287,PR6596,101,1030,Moldova ,5398
Rep75499,C21287,PR6596,100,1020,Portugal,5399
Rep75500,C21287,PR6253,523,3130,Macedonia,5400
Rep75501,C21287,PR6616,102,1250,Armenia,5401
Rep75502,C21287,PR6616,105,1020,Poland,5402
Rep75503,C21287,PR6667,563,22325,Oman,5403
Rep75504,C21287,PR6249,105,1310,Qatar,5404
Rep75505,C21287,PR6616,123,1170,Kyrgyzstan,5405
Rep75506,C21287,PR6253,171,1325,Angola,5406
Rep75507,C21287,PR6229,117,1030,South Africa,5407
Rep75508,C21287,PR6616,127,1135,Australia,5408
Rep75509,C21287,PR6229,177,1430,Marshall Islands,5409
Rep75510,C21287,PR6671,926,19950,Netherlands,5410
Rep75511,C21287,PR6616,117,1310,Niger,5411
Rep75512,C21287,PR6670,758,20660,Togo,5412
Rep75513,C21287,PR6616,115,1280,Estonia,5413
Rep75514,C21287,PR6253,478,2560,Oman,5414
Rep75515,C22095,PR6598,1277,1105,Switzerland,5415
Rep75516,C22095,PR6598,100,1010,Belize,5416
Rep75517,C22095,PR6598,108,1380,Saint Vincent and the Grenadines,5417
Rep75518,C22095,PR6253,1570,2195,Italy,5418
Rep75519,C22095,PR6661,101,1030,Bulgaria,5419
Rep75520,C22095,PR6518,101,1010,Finland,5420
Rep75521,C22095,PR6253,186,1645,Austria,5421
Rep75522,C22095,PR6616,125,1160,Germany,5422
Rep75523,C22095,PR6598,103,1080,Panama,5423
Rep75524,C22095,PR6598,103,1045,Haiti,5424
Rep75525,C22095,PR6253,186,1645,Trinidad and Tobago,5425
Rep75526,C22095,PR6595,102,1150,Canada,5426
Rep75527,C22095,PR6598,105,1155,Togo,5427
Rep75528,C22095,PR6404,58,1025,Madagascar,5428
Rep75529,C22095,PR6595,102,1150,Azerbaijan,5429
Rep75530,C22095,PR6598,105,1155,Cyprus,5430
Rep75531,C22095,PR6598,100,1010,Spain,5431
Rep75532,C22095,PR6229,143,1075,Belarus,5432
Rep75533,C22095,PR6229,237,1420,Libya,5433
Rep75534,C22095,PR6229,133,1180,Turkmenistan,5434
Rep75535,C22095,PR6595,101,1010,Rwanda,5435
Rep75536,C22095,PR6616,111,1075,Ukraine,5436
Rep75537,C22095,PR6595,105,1045,Libya,5437
Rep75538,C22095,PR6253,107,1055,Hungary,5438
Rep75539,C22095,PR6229,106,1030,France,5439
Rep75540,C22095,PR6615,103,1025,Sierra Leone,5440
Rep75541,C22095,PR6598,112,1830,The Bahamas,5441
Rep75542,C22095,PR6229,133,1180,Montenegro,5442
Rep75543,C22095,PR6598,103,1045,Liechtenstein,5443
Rep75544,C22095,PR6598,100,1010,Gabon,5444
Rep75545,C22095,PR6598,100,1015,Burkina Faso,5445
Rep75546,C22095,PR6253,186,1645,Eritrea,5446
Rep75547,C22095,PR6229,133,1180,Moldova ,5447
Rep75548,C22095,PR6404,62,1090,Cuba,5448
Rep75549,C22095,PR6595,101,1010,New Zealand,5449
Rep75550,C22095,PR6598,108,1380,Cape Verde,5450
Rep75551,C22095,PR6253,107,1055,Mozambique,5451
Rep75552,C22095,PR6598,105,1155,The Gambia,5452
Rep75553,C22095,PR6253,353,2580,Mauritius ,5453
Rep75554,C22095,PR6253,1570,2195,Central African Republic,5454
Rep75555,C22095,PR6253,1570,2195,Vanuatu,5455
Rep75556,C22095,PR6229,103,1080,Cameroon,5456
Rep75557,C22095,PR6229,103,1080,Trinidad and Tobago,5457
Rep75558,C22095,PR6595,102,1150,Azerbaijan,5458
Rep75559,C22095,PR6253,102,1360,Georgia,5459
Rep75560,C22095,PR6253,92,1025,Kenya,5460
Rep75561,C22095,PR6661,101,1030,Sudan,5461
Rep75562,C22095,PR6229,103,1080,Serbia,5462
Rep75563,C22095,PR6598,103,1045,Belgium,5463
Rep75564,C22095,PR6229,105,1015,Montenegro,5464
Rep75565,C22095,PR6595,101,1010,Togo,5465
Rep75566,C22095,PR6229,143,1075,Maldives,5466
Rep75567,C22095,PR6675,171,5830,Somalia,5467
Rep75568,C22095,PR6598,100,1010,Laos,5468
Rep75569,C22095,PR6616,111,1075,Tajikistan,5469
Rep75570,C22095,PR6229,143,1075,Finland,5470
Rep75571,C22095,PR6584,102,1090,Dominica,5471
Rep75572,C22095,PR6253,103,1030,Maldives,5472
Rep75573,C22095,PR6598,108,1380,Marshall Islands,5473
Rep75574,C22095,PR6661,101,1030,Cape Verde,5474
Rep75575,C22095,PR6616,111,1075,Eritrea,5475
Rep75576,C22095,PR6639,103,1735,South Africa,5476
Rep75577,C22095,PR6229,114,1060,Kenya,5477
Rep75578,C22095,PR6253,109,1055,Greenland,5478
Rep75579,C22095,PR6253,101,1070,Sri Lanka,5479
Rep75580,C22095,PR6229,107,1010,Seychelles ,5480
Rep75581,C22095,PR6253,101,1010,Indonesia,5481
Rep75582,C22095,PR6253,107,1055,Albania,5482
Rep75583,C21908,PR6582,258,6105,Philippines,5483
Rep75584,C21908,PR6548,113,1285,Netherlands,5484
Rep75585,C21908,PR6253,111,1530,Sri Lanka,5485
Rep75586,C21908,PR6229,134,6285,Bosnia and Herzegovina,5486
Rep75587,C21908,PR6253,229,3455,Tajikistan,5487
Rep75588,C21908,PR6627,104,1190,Indonesia,5488
Rep75589,C21908,PR6608,103,1180,Malta,5489
Rep75590,C21908,PR6628,110,1430,North Korea,5490
Rep75591,C21908,PR6629,125,1200,Belize,5491
Rep75592,C21908,PR6629,177,2000,Indonesia,5492
Rep75593,C21908,PR6548,100,1030,Hungary,5493
Rep75594,C21908,PR6629,251,8715,Uganda,5494
Rep75595,C21908,PR6561,101,1005,Seychelles ,5495
Rep75596,C21908,PR6582,111,1535,Sao Tome and Principe,5496
Rep75597,C21908,PR6629,267,11685,Germany,5497
Rep75598,C21908,PR6615,115,1840,Armenia,5498
Rep75599,C21908,PR6578,205,6160,Liechtenstein,5499
Rep75600,C21908,PR6394,349,12825,Swaziland,5500
Rep75601,C21908,PR6253,131,2455,Madagascar,5501
Rep75602,C21908,PR6615,285,5770,Dominica,5502
Rep75603,C21908,PR6615,161,1615,Dominican Republic,5503
Rep75604,C21908,PR6629,1383,28890,Antigua and Barbuda ,5504
Rep75605,C21908,PR6615,105,1385,Nepal,5505
Rep75606,C21908,PR6578,101,1080,Oman,5506
Rep75607,C21908,PR6582,105,1380,Rwanda,5507
Rep75608,C21908,PR6387,137,3420,Turkey,5508
Rep75609,C21908,PR6627,93,1030,Saint Vincent and the Grenadines,5509
Rep75610,C21908,PR6615,109,1385,Dominican Republic,5510
Rep75611,C21908,PR6615,108,1840,The Bahamas,5511
Rep75612,C21908,PR6389,100,1030,Liechtenstein,5512
Rep75613,C21908,PR6629,868,10340,South Africa,5513
Rep75614,C21908,PR6253,112,1705,Sri Lanka,5514
Rep75615,C21908,PR6382,103,1025,Vietnam,5515
Rep75616,C21908,PR6561,101,1040,Latvia,5516
Rep75617,C21908,PR6382,273,10635,Iran,5517
Rep75618,C21908,PR6629,105,1075,Iraq,5518
Rep75619,C21908,PR6518,844,1005,Bhutan,5519
Rep75620,C21908,PR6392,225,3640,Saint Kitts and Nevis ,5520
Rep75621,C21908,PR6394,89,1020,Nauru,5521
Rep75622,C21912,PR6628,105,2990,Libya,5522
Rep75623,C21912,PR6628,157,2445,The Bahamas,5523
Rep75624,C21912,PR6629,155,3295,United States of America,5524
Rep75625,C21912,PR6582,156,1385,Honduras,5525
Rep75626,C21912,PR6582,169,1385,El Salvador,5526
Rep75627,C21912,PR6628,107,4885,Kuwait,5527
Rep75628,C21912,PR6392,509,9175,United Kingdom,5528
Rep75629,C21912,PR6628,323,4105,Cuba,5529
Rep75630,C21912,PR6229,112,1320,The Gambia,5530
Rep75631,C21912,PR6628,118,2425,Denmark,5531
Rep75632,C21912,PR6628,197,1375,Papua New Guinea,5532
Rep75633,C21789,PR6696,2018,13145,Somalia,5533
Rep75634,C21789,PR6696,2018,13145,Nepal,5534
Rep75635,C21789,PR6703,3159,20020,Greece,5535
Rep75636,C21789,PR6229,156,1420,Belarus,5536
Rep75637,C21789,PR6701,3442,21255,Bhutan,5537
Rep75638,C21789,PR6596,166,2245,Bhutan,5538
Rep75639,C21789,PR6702,116,1395,Comoros,5539
Rep75640,C21789,PR6702,1498,10440,Zambia,5540
Rep75641,C21789,PR6596,118,1510,Armenia,5541
Rep75642,C21789,PR6596,108,1145,Zimbabwe,5542
Rep75643,C21789,PR6596,111,1190,Guinea-Bissau,5543
Rep75644,C22225,PR6253,1766,15500,Morocco,5544
Rep75645,C22225,PR6239,3730,29000,San Marino,5545
Rep75646,C22225,PR6253,544,13250,Oman,5546
Rep75647,C22225,PR6239,4250,39250,Nauru,5547
Rep75648,C22225,PR6363,183,7530,Haiti,5548
Rep75649,C22225,PR6240,211,11200,Bangladesh,5549
Rep75650,C22225,PR6239,3782,31500,Cyprus,5550
Rep75651,C22225,PR6231,377,3150,Benin,5551
Rep75652,C22225,PR6396,127,2310,Ukraine,5552
Rep75653,C22225,PR6253,933,6250,Tunisia ,5553
Rep75654,C22225,PR6253,488,11000,Nicaragua,5554
Rep75655,C22225,PR6239,3251,25500,Bulgaria,5555
Rep75656,C22225,PR6253,1979,24500,Denmark,5556
Rep75657,C22225,PR6253,322,4500,Saint Kitts and Nevis ,5557
Rep75658,C22225,PR6253,1211,12500,Antigua and Barbuda ,5558
Rep75659,C22225,PR6253,2266,32000,Belarus,5559
Rep75660,C22225,PR6253,1600,12700,Romania,5560
Rep75661,C22225,PR6253,1766,19500,Belize,5561
Rep75662,C22225,PR6253,2322,23000,Slovenia,5562
Rep75663,C22225,PR6240,266,11365,China,5563
Rep75664,C21263,PR6233,2044,9255,Cyprus,5564
Rep75665,C21263,PR6233,3155,17235,Norway,5565
Rep75666,C21263,PR6233,2044,10130,Seychelles ,5566
Rep75667,C21263,PR6233,2044,9570,Uganda,5567
Rep75668,C21263,PR6600,18900,5600,Bosnia and Herzegovina,5568
Rep75669,C21263,PR6600,2233,5600,Cameroon,5569
Rep75670,C21263,PR6233,2044,18360,Laos,5570
Rep75671,C21263,PR6233,3433,18425,France,5571
Rep75672,C21263,PR6600,2233,5600,Mozambique,5572
Rep75673,C21263,PR6233,2044,9255,Burundi,5573
Rep75674,C21263,PR6600,17647,6190,Sweden,5574
Rep75675,C21263,PR6233,2044,9255,Gabon,5575
Rep75676,C21263,PR6233,2044,9255,Armenia,5576
Rep75677,C21263,PR6600,2233,5600,Sao Tome and Principe,5577
Rep75678,C21263,PR6600,16100,5735,Dominican Republic,5578
Rep75679,C21263,PR6600,17685,6205,Canada,5579
Rep75680,C21263,PR6600,54445,17085,Nepal,5580
Rep75681,C21263,PR6600,41323,13205,Dominican Republic,5581
Rep75682,C21263,PR6600,38575,12400,Cote d'Ivoire,5582
Rep75683,C21263,PR6233,2044,9955,Mongolia,5583
Rep75684,C21270,PR6238,296,1910,Trinidad and Tobago,5584
Rep75685,C21270,PR6238,287,1695,Croatia,5585
Rep75686,C21270,PR6238,161,1205,Croatia,5586
Rep75687,C21270,PR6249,90,1015,Mozambique,5587
Rep75688,C21270,PR6616,157,1605,Ireland,5588
Rep75689,C21270,PR6616,219,2275,Malta,5589
Rep75690,C21270,PR6671,363,10105,Guinea-Bissau,5590
Rep75691,C21270,PR6238,237,1535,Algeria,5591
Rep75692,C21270,PR6238,366,2030,Botswana,5592
Rep75693,C21270,PR6616,222,2355,Cyprus,5593
Rep75694,C21270,PR6616,196,2020,Spain,5594
Rep75695,C21270,PR6253,178,1580,San Marino,5595
Rep75696,C21270,PR6616,186,2720,Fiji,5596
Rep75697,C21270,PR6238,187,1655,Malta,5597
Rep75698,C21270,PR6616,230,2390,Togo,5598
Rep75699,C21270,PR6238,286,2250,Libya,5599
Rep75700,C21270,PR6616,175,1800,Costa Rica,5600
Rep75701,C21270,PR6238,350,1990,Turkmenistan,5601
Rep75702,C21270,PR6616,211,2210,Italy,5602
Rep75703,C21683,PR6596,100,1035,Eritrea,5603
Rep75704,C21683,PR6238,244,1870,Bangladesh,5604
Rep75705,C21683,PR6596,100,1030,Sao Tome and Principe,5605
Rep75706,C21683,PR6675,126,3055,Germany,5606
Rep75707,C21683,PR6238,222,1470,Spain,5607
Rep75708,C21683,PR6659,195,4055,Jamaica,5608
Rep75709,C21683,PR6675,173,6195,Tonga,5609
Rep75710,C21683,PR6596,104,1575,Pakistan,5610
Rep75711,C21683,PR6596,105,1525,South Africa,5611
Rep75712,C21683,PR6670,307,5640,Nigeria,5612
Rep75713,C21683,PR6678,147,4500,Federated States of Micronesia,5613
Rep75714,C21683,PR6675,670,39360,Latvia,5614
Rep75715,C21683,PR6659,578,44105,Albania,5615
Rep75716,C21683,PR6659,2397,104725,Kyrgyzstan,5616
Rep75717,C21683,PR6595,106,1850,Vietnam,5617
Rep75718,C21683,PR6675,117,2370,Albania,5618
Rep75719,C21683,PR6675,119,2340,Singapore,5619
Rep75720,C21683,PR6659,165,4965,Cape Verde,5620
Rep75721,C21683,PR6596,103,1215,Papua New Guinea,5621
Rep75722,C21683,PR6678,238,9565,United Arab Emirates,5622
Rep75723,C21683,PR6615,188,2140,Kenya,5623
Rep75724,C21683,PR6678,111,1805,Vietnam,5624
Rep75725,C21683,PR6596,101,1055,Rwanda,5625
Rep75726,C21683,PR6596,101,1050,Guinea,5626
Rep75727,C21683,PR6675,198,9210,Chad,5627
Rep75728,C21683,PR6675,242,13225,Mauritania,5628
Rep75729,C21683,PR6682,373,14490,Bahrain,5629
Rep75730,C21683,PR6659,692,28735,Libya,5630
Rep75731,C21683,PR6678,293,13790,Andorra,5631
Rep75732,C21683,PR6675,415,15495,Taiwan,5632
Rep75733,C21683,PR6675,298,15895,Finland,5633
Rep75734,C21683,PR6675,1053,73720,Samoa ,5634
Rep75735,C21683,PR6675,318,17360,Zambia,5635
Rep75736,C21683,PR6596,101,1070,Norway,5636
Rep75737,C21683,PR6675,760,52645,Kenya,5637
Rep75738,C21683,PR6675,550,20115,San Marino,5638
Rep75739,C21683,PR6238,175,1335,Bhutan,5639
Rep75740,C21683,PR6675,136,3720,Qatar,5640
Rep75741,C21683,PR6678,101,1080,Swaziland,5641
Rep75742,C21683,PR6670,414,16540,Turkmenistan,5642
Rep75743,C21683,PR6596,100,1070,Samoa ,5643
Rep75744,C21683,PR6678,692,41190,Senegal,5644
Rep75745,C21683,PR6596,101,1275,Malaysia,5645
Rep75746,C21683,PR6659,2658,133555,Denmark,5646
Rep75747,C21972,PR6392,105,1225,Pakistan,5647
Rep75748,C21972,PR6586,108,1190,Djibouti,5648
Rep75749,C21972,PR6458,103,1095,Equatorial Guinea,5649
Rep75750,C21972,PR6470,249,2670,Slovakia,5650
Rep75751,C21972,PR6458,100,1005,Algeria,5651
Rep75752,C21972,PR6376,73,1005,Albania,5652
Rep75753,C21972,PR6239,211,3215,Armenia,5653
Rep75754,C21972,PR6389,103,1035,Brunei,5654
Rep75755,C21972,PR6471,108,1135,Iran,5655
Rep75756,C21972,PR6471,118,1150,Sudan,5656
Rep75757,C21972,PR6593,212,2810,Thailand,5657
Rep75758,C21972,PR6239,114,1425,Bosnia and Herzegovina,5658
Rep75759,C21972,PR6485,105,1030,Cape Verde,5659
Rep75760,C21972,PR6583,127,1095,New Zealand,5660
Rep75761,C21972,PR6483,272,2275,Botswana,5661
Rep75762,C21972,PR6458,105,1100,Guinea-Bissau,5662
Rep75763,C21972,PR6251,321,3615,Sri Lanka,5663
Rep75764,C21972,PR6241,198,2370,Australia,5664
Rep75765,C21972,PR6570,101,1030,Cyprus,5665
Rep75766,C21972,PR6471,126,1265,Mozambique,5666
Rep75767,C21972,PR6545,102,1075,Nigeria,5667
Rep75768,C21972,PR6587,103,1110,Bahrain,5668
Rep75769,C21972,PR6590,110,1150,San Marino,5669
Rep75770,C21972,PR6251,115,1255,Seychelles ,5670
Rep75771,C21972,PR6471,110,1115,Armenia,5671
Rep75772,C21972,PR6589,101,1040,Philippines,5672
Rep75773,C21972,PR6240,86,1040,The Bahamas,5673
Rep75774,C21972,PR6321,102,1015,Belgium,5674
Rep75775,C21972,PR6458,100,1015,Sao Tome and Principe,5675
Rep75776,C21972,PR6593,108,1160,Turkmenistan,5676
Rep75777,C21972,PR6241,101,1055,New Zealand,5677
Rep75778,C21972,PR6589,101,1050,Canada,5678
Rep75779,C21972,PR6241,115,1325,Marshall Islands,5679
Rep75780,C21972,PR6251,127,1510,Botswana,5680
Rep75781,C21972,PR6570,101,1030,Nepal,5681
Rep75782,C21972,PR6377,107,1095,Samoa ,5682
Rep75783,C21972,PR6458,100,1005,Papua New Guinea,5683
Rep75784,C21972,PR6251,127,1510,Tajikistan,5684
Rep75785,C21972,PR6470,185,1495,Greece,5685
Rep75786,C21972,PR6389,107,1075,India,5686
Rep75787,C21972,PR6584,136,1460,Estonia,5687
Rep75788,C21972,PR6471,103,1055,Sudan,5688
Rep75789,C21972,PR6392,101,1015,Iraq,5689
Rep75790,C21972,PR6375,100,1025,Singapore,5690
Rep75791,C21972,PR6483,148,1305,Netherlands,5691
Rep75792,C21972,PR6545,102,1050,Iceland,5692
Rep75793,C21972,PR6240,84,1020,Marshall Islands,5693
Rep75794,C21972,PR6251,144,1610,Guatemala,5694
Rep75795,C21972,PR6471,138,1555,Republic of the Congo,5695
Rep75796,C21972,PR6471,138,1555,Tuvalu,5696
Rep75797,C21972,PR6593,117,1205,Kyrgyzstan,5697
Rep75798,C21972,PR6458,100,1015,Marshall Islands,5698
Rep75799,C21972,PR6483,121,1160,Greenland,5699
Rep75800,C21972,PR6470,311,2565,Vietnam,5700
Rep75801,C21972,PR6239,365,5970,Marshall Islands,5701
Rep75802,C21972,PR6593,101,1020,Ukraine,5702
Rep75803,C21972,PR6586,110,1205,Czech Republic,5703
Rep75804,C21972,PR6590,111,1160,Saudi Arabia,5704
Rep75805,C21972,PR6241,110,1220,Tuvalu,5705
Rep75806,C21972,PR6584,130,1460,Djibouti,5706
Rep75807,C21972,PR6584,140,1440,Slovakia,5707
Rep75808,C21972,PR6483,323,2615,Burkina Faso,5708
Rep75809,C21972,PR6483,158,1455,Haiti,5709
Rep75810,C21972,PR6563,98,1030,Bangladesh,5710
Rep75811,C21972,PR6570,105,1095,Malta,5711
Rep75812,C21972,PR6377,104,1050,South Africa,5712
Rep75813,C21972,PR6377,102,1070,Oman,5713
Rep75814,C21972,PR6389,101,1020,Cote d'Ivoire,5714
Rep75815,C21972,PR6471,127,1310,United States of America,5715
Rep75816,C21972,PR6375,99,1020,Qatar,5716
Rep75817,C21972,PR6586,102,1060,Morocco,5717
Rep75818,C21972,PR6251,171,2205,Croatia,5718
Rep75819,C21972,PR6251,185,1810,United Arab Emirates,5719
Rep75820,C21972,PR6545,115,1205,Algeria,5720
Rep75821,C21972,PR6392,105,1225,Vanuatu,5721
Rep75822,C21972,PR6593,106,1090,Iran,5722
Rep75823,C21972,PR6583,168,1330,Papua New Guinea,5723
Rep75824,C21972,PR6458,112,1230,North Korea,5724
Rep75825,C21972,PR6470,127,1140,Solomon Islands,5725
Rep75826,C21972,PR6590,101,1030,Comoros,5726
Rep75827,C21972,PR6589,100,1025,Maldives,5727
Rep75828,C21972,PR6239,128,1480,Czech Republic,5728
Rep75829,C21972,PR6251,121,1305,Belize,5729
Rep75830,C21972,PR6377,115,1245,Czech Republic,5730
Rep75831,C21972,PR6239,128,1740,Vanuatu,5731
Rep75832,C21972,PR6251,117,1280,Italy,5732
Rep75833,C21972,PR6589,100,1025,Egypt,5733
Rep75834,C21972,PR6583,156,1130,Moldova ,5734
Rep75835,C21972,PR6470,119,1100,Turkmenistan,5735
Rep75836,C21972,PR6589,101,1040,Saint Kitts and Nevis ,5736
Rep75837,C21972,PR6587,103,1110,Jordan,5737
Rep75838,C21972,PR6381,103,1065,Moldova ,5738
Rep75839,C21972,PR6474,101,1025,Swaziland,5739
Rep75840,C21972,PR6251,185,1810,Slovakia,5740
Rep75841,C21972,PR6470,117,1105,Indonesia,5741
Rep75842,C21972,PR6470,219,2075,Djibouti,5742
Rep75843,C21972,PR6458,101,1020,Botswana,5743
Rep75844,C21972,PR6458,103,1095,Finland,5744
Rep75845,C21972,PR6583,122,1045,Sri Lanka,5745
Rep75846,C21972,PR6593,122,1325,Eritrea,5746
Rep75847,C21972,PR6584,185,1975,Tanzania,5747
Rep75848,C21972,PR6376,73,1005,Guatemala,5748
Rep75849,C21972,PR6241,116,1380,Mozambique,5749
Rep75850,C21972,PR6240,101,1035,Seychelles ,5750
Rep75851,C21972,PR6583,138,1170,Federated States of Micronesia,5751
Rep75852,C21972,PR6251,133,1620,Cameroon,5752
Rep75853,C21972,PR6375,99,1025,Costa Rica,5753
Rep75854,C21972,PR6590,101,1030,Sweden,5754
Rep75855,C21972,PR6241,189,2710,Turkey,5755
Rep75856,C21972,PR6471,103,1055,Tuvalu,5756
Rep75857,C21972,PR6590,103,1070,Kenya,5757
Rep75858,C21972,PR6385,102,1050,Malaysia,5758
Rep75859,C21972,PR6593,101,1030,Morocco,5759
Rep75860,C21972,PR6570,151,1720,East Timor,5760
Rep75861,C21972,PR6545,111,1095,Rwanda,5761
Rep75862,C21972,PR6485,103,1015,Samoa ,5762
Rep75863,C21972,PR6570,101,1015,Qatar,5763
Rep75864,C21972,PR6584,115,1170,Tanzania,5764
Rep75865,C21972,PR6458,101,1050,Bahrain,5765
Rep75866,C21972,PR6593,108,1115,Haiti,5766
Rep75867,C21972,PR6470,392,2405,Comoros,5767
Rep75868,C21972,PR6253,235,2835,Bosnia and Herzegovina,5768
Rep75869,C21972,PR6483,328,3560,Algeria,5769
Rep75870,C21972,PR6632,103,1045,Latvia,5770
Rep75871,C21972,PR6474,102,1025,Kyrgyzstan,5771
Rep75872,C21972,PR6586,101,1015,Barbados,5772
Rep75873,C21972,PR6570,101,1020,Oman,5773
Rep75874,C21972,PR6251,115,1250,Djibouti,5774
Rep75875,C21972,PR6253,288,3855,Cameroon,5775
Rep75876,C21972,PR6593,103,1035,Maldives,5776
Rep75877,C21972,PR6239,128,1480,Ghana,5777
Rep75878,C21972,PR6590,179,2070,China,5778
Rep75879,C21972,PR6586,102,1050,Bangladesh,5779
Rep75880,C21972,PR6616,115,1280,Tunisia ,5780
Rep75881,C21972,PR6483,148,1305,Kuwait,5781
Rep75882,C21972,PR6321,104,1040,Burkina Faso,5782
Rep75883,C21972,PR6241,108,1155,Lithuania,5783
Rep75884,C21972,PR6248,112,1230,Slovakia,5784
Rep75885,C21972,PR6240,101,1010,East Timor,5785
Rep75886,C21972,PR6483,121,1215,Singapore,5786
Rep75887,C21972,PR6570,109,1155,Bosnia and Herzegovina,5787
Rep75888,C21972,PR6485,102,1010,Lebanon,5788
Rep75889,C21972,PR6241,121,1375,France,5789
Rep75890,C21972,PR6251,172,2080,Chad,5790
Rep75891,C21972,PR6392,100,1030,Sri Lanka,5791
Rep75892,C21972,PR6593,150,1745,Liberia,5792
Rep75893,C21972,PR6239,117,1385,Sudan,5793
Rep75894,C21972,PR6470,140,1165,Swaziland,5794
Rep75895,C21972,PR6632,157,1850,Oman,5795
Rep75896,C21972,PR6392,101,1015,Botswana,5796
Rep75897,C21972,PR6375,100,1025,East Timor,5797
Rep75898,C21972,PR6253,151,1730,Kyrgyzstan,5798
Rep75899,C21972,PR6586,104,1055,Kazakhstan,5799
Rep75900,C21972,PR6483,160,1510,Somalia,5800
Rep75901,C21972,PR6593,105,1055,Swaziland,5801
Rep75902,C21972,PR6483,272,2275,Nicaragua,5802
Rep75903,C21972,PR6392,106,1385,Vanuatu,5803
Rep75904,C21972,PR6545,114,1150,Uganda,5804
Rep75905,C21972,PR6545,110,1135,Egypt,5805
Rep75906,C21972,PR6570,101,1015,Vanuatu,5806
Rep75907,C21972,PR6458,103,1095,Russia,5807
Rep75908,C21972,PR6458,100,1015,Maldives,5808
Rep75909,C21972,PR6470,123,1115,Israel,5809
Rep75910,C21972,PR6545,113,1175,Belize,5810
Rep75911,C21972,PR6587,129,1710,South Sudan,5811
Rep75912,C21972,PR6586,106,1105,Azerbaijan,5812
Rep75913,C21972,PR6470,133,1275,Finland,5813
Rep75914,C21972,PR6474,102,1045,The Gambia,5814
Rep75915,C21972,PR6483,182,1050,Nicaragua,5815
Rep75916,C21972,PR6253,286,2020,Antigua and Barbuda ,5816
Rep75917,C21972,PR6321,102,1010,Japan,5817
Rep75918,C21972,PR6483,115,1145,Papua New Guinea,5818
Rep75919,C21972,PR6616,176,1685,Thailand,5819
Rep75920,C21972,PR6632,102,1025,Burkina Faso,5820
Rep75921,C21972,PR6483,153,1350,Burundi,5821
Rep75922,C21972,PR6458,106,1150,Grenada,5822
Rep75923,C21972,PR6458,118,1435,Guinea,5823
Rep75924,C21972,PR6458,100,1015,East Timor,5824
Rep75925,C21972,PR6470,107,1055,Cameroon,5825
Rep75926,C21972,PR6584,111,1135,Laos,5826
Rep75927,C21972,PR6321,109,1065,Solomon Islands,5827
Rep75928,C21972,PR6485,101,1010,Comoros,5828
Rep75929,C21972,PR6321,112,1100,Norway,5829
Rep75930,C21972,PR6616,111,1100,Guinea-Bissau,5830
Rep75931,C21972,PR6485,100,1005,Algeria,5831
Rep75932,C21972,PR6586,106,1090,Montenegro,5832
Rep75933,C21972,PR6470,162,1555,Ireland,5833
Rep75934,C21972,PR6590,103,1065,Thailand,5834
Rep75935,C21972,PR6586,102,1020,Cape Verde,5835
Rep75936,C21972,PR6253,213,2420,Switzerland,5836
Rep75937,C21972,PR6570,104,1080,Swaziland,5837
Rep75938,C21972,PR6583,144,1230,Vatican City,5838
Rep75939,C21972,PR6570,115,1245,Cambodia,5839
Rep75940,C21972,PR6239,211,3215,Finland,5840
Rep75941,C21972,PR6586,108,1190,Iceland,5841
Rep75942,C21972,PR6458,106,1080,Italy,5842
Rep75943,C21972,PR6632,124,1370,United Kingdom,5843
Rep75944,C21972,PR6616,121,1140,Denmark,5844
Rep75945,C21972,PR6471,118,1150,Tunisia ,5845
Rep75946,C21972,PR6583,227,1540,Singapore,5846
Rep75947,C21972,PR6471,108,1135,Honduras,5847
Rep75948,C21972,PR6375,100,1025,Swaziland,5848
Rep75949,C21972,PR6375,100,1030,Zimbabwe,5849
Rep75950,C21972,PR6593,117,1205,Philippines,5850
Rep75951,C21972,PR6253,156,1770,Chad,5851
Rep75952,C21972,PR6458,152,2240,Luxembourg,5852
Rep75953,C21972,PR6570,120,1290,Lesotho,5853
Rep75954,C21972,PR6376,74,1010,Ghana,5854
Rep75955,C21972,PR6483,160,1650,Lebanon,5855
Rep75956,C21972,PR6474,192,1825,Cyprus,5856
Rep75957,C21972,PR6583,197,1295,Turkey,5857
Rep75958,C21972,PR6389,106,1035,Ukraine,5858
Rep75959,C21972,PR6239,128,1740,Sweden,5859
Rep75960,C21972,PR6586,100,1025,Cambodia,5860
Rep75961,C21972,PR6253,156,1770,Eritrea,5861
Rep75962,C21972,PR6253,156,1755,Gabon,5862
Rep75963,C21972,PR6239,102,1075,China,5863
Rep75964,C21972,PR6377,116,1220,Togo,5864
Rep75965,C21972,PR6253,998,2055,Saint Lucia,5865
Rep75966,C21972,PR6389,101,1035,Swaziland,5866
Rep75967,C21972,PR6251,127,1510,Azerbaijan,5867
Rep75968,C21972,PR6632,108,1090,Italy,5868
Rep75969,C21972,PR6616,120,1220,Hungary,5869
Rep75970,C21972,PR6622,134,1010,Cyprus,5870
Rep75971,C21972,PR6590,101,1030,Czech Republic,5871
Rep75972,C21972,PR6253,151,1730,South Africa,5872
Rep75973,C21972,PR6458,103,1095,Denmark,5873
Rep75974,C21972,PR6483,408,3765,Portugal,5874
Rep75975,C21972,PR6570,101,1015,East Timor,5875
Rep75976,C21972,PR6632,103,1020,Guinea,5876
Rep75977,C21972,PR6458,126,1525,East Timor,5877
Rep75978,C21972,PR6593,103,1050,Republic of the Congo,5878
Rep75979,C21972,PR6586,105,1150,Hungary,5879
Rep75980,C21972,PR6470,125,1190,Serbia,5880
Rep75981,C21972,PR6241,123,1445,Barbados,5881
Rep75982,C21972,PR6545,105,1080,Slovenia,5882
Rep75983,C21972,PR6586,102,1050,South Korea,5883
Rep75984,C21972,PR6241,191,2645,Macedonia,5884
Rep75985,C21972,PR6583,179,1455,Saint Vincent and the Grenadines,5885
Rep75986,C21972,PR6377,116,1220,Jordan,5886
Rep75987,C21972,PR6458,100,1005,Latvia,5887
Rep75988,C21972,PR6239,137,1790,Tonga,5888
Rep75989,C21972,PR6570,105,1060,Dominican Republic,5889
Rep75990,C21972,PR6545,113,1195,Qatar,5890
Rep75991,C21972,PR6632,103,1045,Liberia,5891
Rep75992,C21972,PR6474,139,1335,Dominican Republic,5892
Rep75993,C21972,PR6253,235,2835,Madagascar,5893
Rep75994,C21972,PR6593,103,1035,Vanuatu,5894
Rep75995,C21972,PR6376,73,1005,Trinidad and Tobago,5895
Rep75996,C21972,PR6385,102,1050,Panama,5896
Rep75997,C21972,PR6589,102,1060,Botswana,5897
Rep75998,C21972,PR6483,187,1735,Zimbabwe,5898
Rep75999,C21972,PR6483,134,1355,Kosovo,5899
Rep76000,C21972,PR6240,86,1040,United Kingdom,5900
Rep76001,C21972,PR6471,108,1135,Honduras,5901
Rep76002,C21972,PR6586,113,1190,Ireland,5902
Rep76003,C21972,PR6389,104,1030,Liechtenstein,5903
Rep76004,C21972,PR6389,102,1010,Benin,5904
Rep76005,C21972,PR6545,127,1470,North Korea,5905
Rep76006,C21972,PR6584,167,1805,Mali,5906
Rep76007,C21972,PR6589,101,1030,Philippines,5907
Rep76008,C21972,PR6589,101,1040,Russia,5908
Rep76009,C21972,PR6616,142,1475,Greece,5909
Rep76010,C21972,PR6545,122,1415,El Salvador,5910
Rep76011,C21972,PR6545,103,1070,Swaziland,5911
Rep76012,C21972,PR6474,102,1045,France,5912
Rep76013,C21972,PR6583,100,1010,Samoa ,5913
Rep76014,C21972,PR6483,152,1385,Algeria,5914
Rep76015,C21972,PR6586,100,1025,Egypt,5915
Rep76016,C21972,PR6321,102,1060,Cape Verde,5916
Rep76017,C21972,PR6632,102,1025,Armenia,5917
Rep76018,C21972,PR6251,133,1365,Swaziland,5918
Rep76019,C21972,PR6239,138,1895,Georgia,5919
Rep76020,C21972,PR6471,110,1115,Zimbabwe,5920
Rep76021,C21972,PR6545,115,1205,Cape Verde,5921
Rep76022,C21972,PR6589,100,1005,Lebanon,5922
Rep76023,C21972,PR6392,101,1060,Sao Tome and Principe,5923
Rep76024,C21972,PR6590,105,1080,Malta,5924
Rep76025,C21972,PR6563,101,1145,Honduras,5925
Rep76026,C21972,PR6377,106,1090,Switzerland,5926
Rep76027,C21972,PR6587,103,1110,South Korea,5927
Rep76028,C21972,PR6471,106,1065,Nicaragua,5928
Rep76029,C21972,PR6251,117,1280,Romania,5929
Rep76030,C21972,PR6470,133,1275,Libya,5930
Rep76031,C21972,PR6587,101,1045,Kosovo,5931
Rep76032,C21972,PR6616,106,1105,East Timor,5932
Rep76033,C21972,PR6253,176,1970,Panama,5933
Rep76034,C21972,PR6545,155,1650,Comoros,5934
Rep76035,C21972,PR6385,101,1030,Syria,5935
Rep76036,C21972,PR6251,101,1030,Djibouti,5936
Rep76037,C21972,PR6622,136,1020,Canada,5937
Rep76038,C21972,PR6485,104,1040,Macedonia,5938
Rep76039,C21972,PR6622,134,1010,Japan,5939
Rep76040,C21972,PR6474,100,1025,Netherlands,5940
Rep76041,C21972,PR6253,235,2835,Belize,5941
Rep76042,C21972,PR6616,167,1530,Equatorial Guinea,5942
Rep76043,C21972,PR6377,106,1090,Egypt,5943
Rep76044,C21972,PR6377,100,1020,San Marino,5944
Rep76045,C21972,PR6586,105,1080,Afghanistan,5945
Rep76046,C21972,PR6583,102,1105,Maldives,5946
Rep76047,C21972,PR6251,117,1280,North Korea,5947
Rep76048,C21972,PR6474,105,1085,Qatar,5948
Rep76049,C21972,PR6589,105,1125,Burkina Faso,5949
Rep76050,C21972,PR6471,105,1035,Rwanda,5950
Rep76051,C21972,PR6474,100,1025,Mongolia,5951
Rep76052,C21972,PR6392,126,1525,Sri Lanka,5952
Rep76053,C21972,PR6458,124,1375,Barbados,5953
Rep76054,C21972,PR6392,109,1510,Netherlands,5954
Rep76055,C21972,PR6632,103,1045,Botswana,5955
Rep76056,C21972,PR6251,115,1255,Canada,5956
Rep76057,C21972,PR6376,73,1005,Libya,5957
Rep76058,C21972,PR6474,115,1130,Armenia,5958
Rep76059,C21972,PR6458,236,3390,Pakistan,5959
Rep76060,C21972,PR6470,122,1200,Swaziland,5960
Rep76061,C21972,PR6622,134,1005,China,5961
Rep76062,C21972,PR6570,120,1290,Guinea,5962
Rep76063,C21972,PR6570,105,1095,Algeria,5963
Rep76064,C21972,PR6545,122,1415,El Salvador,5964
Rep76065,C21972,PR6474,100,1025,Luxembourg,5965
Rep76066,C21972,PR6377,96,1010,Belgium,5966
Rep76067,C21972,PR6376,74,1010,Senegal,5967
Rep76068,C21972,PR6375,100,1025,South Korea,5968
Rep76069,C21972,PR6248,112,1230,Kenya,5969
Rep76070,C21972,PR6474,101,1010,Belarus,5970
Rep76071,C21972,PR6325,100,1015,Eritrea,5971
Rep76072,C21972,PR6590,102,1040,Burundi,5972
Rep76073,C21972,PR6593,108,1115,Greenland,5973
Rep76074,C21972,PR6616,108,1160,Afghanistan,5974
Rep76075,C21972,PR6248,159,1935,Pakistan,5975
Rep76076,C21972,PR6470,111,1095,Sierra Leone,5976
Rep76077,C21972,PR6251,185,1810,Myanmar,5977
Rep76078,C21972,PR6593,103,1035,Albania,5978
Rep76079,C21972,PR6616,137,1410,Cape Verde,5979
Rep76080,C21972,PR6583,156,1130,India,5980
Rep76081,C21972,PR6632,101,1020,Nigeria,5981
Rep76082,C21972,PR6240,84,1020,Malaysia,5982
Rep76083,C21972,PR6593,106,1125,Belize,5983
Rep76084,C21972,PR6586,106,1090,Belize,5984
Rep76085,C21972,PR6584,135,1570,Kuwait,5985
Rep76086,C21972,PR6241,198,2370,Nauru,5986
Rep76087,C21972,PR6589,101,1045,Turkey,5987
Rep76088,C21972,PR6474,113,1295,Togo,5988
Rep76089,C21972,PR6474,102,1035,Barbados,5989
Rep76090,C21972,PR6474,139,1335,Czech Republic,5990
Rep76091,C21972,PR6616,107,1060,Azerbaijan,5991
Rep76092,C21972,PR6474,100,1025,Macedonia,5992
Rep76093,C21972,PR6632,157,1850,France,5993
Rep76094,C21972,PR6470,133,1375,Dominican Republic,5994
Rep76095,C21972,PR6253,267,3375,Burkina Faso,5995
Rep76096,C21972,PR6483,221,1860,Canada,5996
Rep76097,C21972,PR6474,101,1005,New Zealand,5997
Rep76098,C21972,PR6241,122,1430,Azerbaijan,5998
Rep76099,C21972,PR6248,110,1130,Qatar,5999
Rep76100,C21972,PR6570,105,1060,Saint Vincent and the Grenadines,6000
Rep76101,C21972,PR6545,105,1080,Madagascar,6001
Rep76102,C21972,PR6622,134,1010,Monaco,6002
Rep76103,C21972,PR6251,113,1280,Morocco,6003
Rep76104,C21972,PR6632,124,1370,Iraq,6004
Rep76105,C21972,PR6586,104,1120,Andorra,6005
Rep76106,C21972,PR6584,147,1540,Mozambique,6006
Rep76107,C21972,PR6377,100,1020,Indonesia,6007
Rep76108,C21972,PR6622,134,1005,Vatican City,6008
Rep76109,C21972,PR6458,100,1005,Madagascar,6009
Rep76110,C21972,PR6545,122,1415,Djibouti,6010
Rep76111,C21972,PR6590,100,1020,Singapore,6011
Rep76112,C21972,PR6474,157,1600,Philippines,6012
Rep76113,C21972,PR6583,122,1045,Guinea,6013
Rep76114,C21972,PR6248,100,1020,Barbados,6014
Rep76115,C21972,PR6593,105,1055,Namibia,6015
Rep76116,C21972,PR6471,102,1030,Belgium,6016
Rep76117,C21972,PR6251,115,1255,Dominican Republic,6017
Rep76118,C21972,PR6616,118,1195,Djibouti,6018
Rep76119,C21972,PR6248,129,1440,Haiti,6019
Rep76120,C21972,PR6248,142,1625,Canada,6020
Rep76121,C21972,PR6483,158,1455,Burundi,6021
Rep76122,C21972,PR6583,122,1045,Panama,6022
Rep76123,C21972,PR6389,113,1110,Senegal,6023
Rep76124,C21972,PR6616,111,1100,Libya,6024
Rep76125,C21972,PR6616,142,1475,Montenegro,6025
Rep76126,C21972,PR6474,163,1885,Burundi,6026
Rep76127,C21972,PR6253,507,4670,Samoa ,6027
Rep76128,C21972,PR6239,214,3230,Djibouti,6028
Rep76129,C21972,PR6251,114,1385,Yemen,6029
Rep76130,C21972,PR6458,111,1150,Armenia,6030
Rep76131,C21972,PR6590,103,1070,Hungary,6031
Rep76132,C21972,PR6376,101,1050,Switzerland,6032
Rep76133,C21972,PR6251,171,2205,Cuba,6033
Rep76134,C21972,PR6483,203,1930,Nigeria,6034
Rep76135,C21972,PR6545,115,1205,Norway,6035
Rep76136,C21972,PR6392,102,1055,Federated States of Micronesia,6036
Rep76137,C21972,PR6239,128,1740,Kenya,6037
Rep76138,C21972,PR6458,129,1650,Ghana,6038
Rep76139,C21972,PR6545,155,1650,Honduras,6039
Rep76140,C21972,PR6392,105,1225,Poland,6040
Rep76141,C21972,PR6545,102,1075,Yemen,6041
Rep76142,C21972,PR6545,122,1415,Norway,6042
Rep76143,C21972,PR6392,102,1175,Armenia,6043
Rep76144,C21972,PR6474,104,1030,Monaco,6044
Rep76145,C21972,PR6239,111,1200,Portugal,6045
Rep76146,C21972,PR6593,119,1335,Cyprus,6046
Rep76147,C21972,PR6583,100,1010,Sao Tome and Principe,6047
Rep76148,C21972,PR6622,136,1020,Austria,6048
Rep76149,C21972,PR6622,134,1010,The Gambia,6049
Rep76150,C21972,PR6584,176,1740,Guinea,6050
Rep76151,C21972,PR6241,191,2645,Cote d'Ivoire,6051
Rep76152,C21972,PR6545,105,1080,Monaco,6052
Rep76153,C21972,PR6622,134,1005,Barbados,6053
Rep76154,C21972,PR6470,185,1495,Libya,6054
Rep76155,C21972,PR6632,103,1045,Cyprus,6055
Rep76156,C21972,PR6251,172,2550,Yemen,6056
Rep76157,C21972,PR6240,101,1025,Belarus,6057
Rep76158,C21972,PR6583,102,1085,Japan,6058
Rep76159,C21972,PR6616,107,1060,Indonesia,6059
Rep76160,C21972,PR6589,103,1050,Kuwait,6060
Rep76161,C21972,PR6586,180,2390,Finland,6061
Rep76162,C21972,PR6632,103,1045,Botswana,6062
Rep76163,C21972,PR6377,106,1090,Andorra,6063
Rep76164,C21972,PR6377,100,1020,Panama,6064
Rep76165,C21972,PR6545,111,1105,Thailand,6065
Rep76166,C21972,PR6471,108,1135,Ukraine,6066
Rep76167,C21972,PR6471,118,1150,Norway,6067
Rep76168,C21972,PR6381,102,1035,Solomon Islands,6068
Rep76169,C21972,PR6584,102,1065,Kazakhstan,6069
Rep76170,C21972,PR6485,103,1045,Papua New Guinea,6070
Rep76171,C21972,PR6589,101,1040,Palau,6071
Rep76172,C21972,PR6470,113,1045,Saint Lucia,6072
Rep76173,C21972,PR6392,102,1065,Switzerland,6073
Rep76174,C21972,PR6563,101,1080,Montenegro,6074
Rep76175,C21972,PR6583,100,1010,Pakistan,6075
Rep76176,C21972,PR6483,255,2260,India,6076
Rep76177,C21972,PR6563,101,1035,Australia,6077
Rep76178,C21972,PR6253,140,1480,Finland,6078
Rep76179,C21972,PR6251,135,1815,Saint Kitts and Nevis ,6079
Rep76180,C21972,PR6586,108,1190,United States of America,6080
Rep76181,C21972,PR6593,126,1375,Cameroon,6081
Rep76182,C21972,PR6470,137,1225,Malaysia,6082
Rep76183,C21972,PR6570,115,1245,Haiti,6083
Rep76184,C21972,PR6545,112,1230,El Salvador,6084
Rep76185,C21972,PR6377,100,1045,Oman,6085
Rep76186,C21972,PR6570,145,1550,Kazakhstan,6086
Rep76187,C21972,PR6470,133,1375,United States of America,6087
Rep76188,C21972,PR6616,115,1280,Dominican Republic,6088
Rep76189,C21972,PR6485,101,1020,Zimbabwe,6089
Rep76190,C21972,PR6593,128,1480,Angola,6090
Rep76191,C21972,PR6239,211,3215,Seychelles ,6091
Rep76192,C21972,PR6584,118,1260,Fiji,6092
Rep76193,C21972,PR6470,133,1275,Israel,6093
Rep76194,C21972,PR6474,105,1085,Czech Republic,6094
Rep76195,C21972,PR6485,103,1015,Federated States of Micronesia,6095
Rep76196,C21972,PR6584,102,1065,China,6096
Rep76197,C21972,PR6593,122,1325,Montenegro,6097
Rep76198,C21972,PR6589,104,1060,Norway,6098
Rep76199,C21972,PR6253,156,1770,Oman,6099
Rep76200,C21972,PR6253,151,1730,Andorra,6100
Rep76201,C21972,PR6248,108,1125,Maldives,6101
Rep76202,C21972,PR6375,98,1010,Montenegro,6102
Rep76203,C21972,PR6593,106,1125,Maldives,6103
Rep76204,C21972,PR6483,407,4090,Philippines,6104
Rep76205,C21972,PR6616,106,1105,Switzerland,6105
Rep76206,C21972,PR6241,115,1325,Cape Verde,6106
Rep76207,C21972,PR6587,101,1045,Fiji,6107
Rep76208,C21972,PR6251,185,1810,Tanzania,6108
Rep76209,C21972,PR6584,105,1080,Vietnam,6109
Rep76210,C21972,PR6251,121,1305,Nicaragua,6110
Rep76211,C21972,PR6570,105,1060,Jordan,6111
Rep76212,C21972,PR6589,101,1050,Malaysia,6112
Rep76213,C21972,PR6589,100,1025,Ireland,6113
Rep76214,C21972,PR6483,112,1080,Saint Lucia,6114
Rep76215,C21972,PR6586,102,1020,United Arab Emirates,6115
Rep76216,C21972,PR6458,101,1050,India,6116
Rep76217,C21972,PR6587,105,1140,Panama,6117
Rep76218,C21972,PR6590,101,1030,Afghanistan,6118
Rep76219,C21972,PR6458,101,1030,United States of America,6119
Rep76220,C21972,PR6474,102,1045,Iraq,6120
Rep76221,C21972,PR6616,120,1120,Belgium,6121
Rep76222,C21972,PR6458,104,1090,United States of America,6122
Rep76223,C21972,PR6590,105,1065,Norway,6123
Rep76224,C21972,PR6376,73,1005,East Timor,6124
Rep76225,C21972,PR6376,73,1005,Liberia,6125
Rep76226,C21972,PR6570,101,1015,Syria,6126
Rep76227,C21972,PR6583,156,1130,Ireland,6127
Rep76228,C21972,PR6239,191,3120,Burundi,6128
Rep76229,C21972,PR6385,103,1070,Ukraine,6129
Rep76230,C21972,PR6248,111,1180,Trinidad and Tobago,6130
Rep76231,C21972,PR6590,100,1010,Ethiopia,6131
Rep76232,C21972,PR6583,151,1360,Rwanda,6132
Rep76233,C21972,PR6248,107,1175,South Sudan,6133
Rep76234,C21972,PR6241,121,1375,Iran,6134
Rep76235,C21972,PR6321,104,1030,Nauru,6135
Rep76236,C21972,PR6458,113,1340,Mozambique,6136
Rep76237,C21972,PR6253,151,1730,Armenia,6137
Rep76238,C21972,PR6586,102,1060,Oman,6138
Rep76239,C21972,PR6321,102,1060,Lithuania,6139
Rep76240,C21972,PR6248,110,1150,India,6140
Rep76241,C21972,PR6248,103,1055,Uzbekistan,6141
Rep76242,C21972,PR6593,105,1055,Iraq,6142
Rep76243,C21972,PR6586,117,1320,Ukraine,6143
Rep76244,C21972,PR6385,106,1160,Seychelles ,6144
Rep76245,C21972,PR6392,101,1060,Rwanda,6145
Rep76246,C21972,PR6632,218,2165,Serbia,6146
Rep76247,C21972,PR6483,160,1510,Burkina Faso,6147
Rep76248,C21972,PR6240,84,1020,Cote d'Ivoire,6148
Rep76249,C21972,PR6474,157,1600,Mauritania,6149
Rep76250,C21972,PR6240,101,1035,United Kingdom,6150
Rep76251,C21972,PR6474,101,1010,Bosnia and Herzegovina,6151
Rep76252,C21972,PR6584,110,1190,Indonesia,6152
Rep76253,C21972,PR6545,110,1105,Poland,6153
Rep76254,C21972,PR6241,226,3560,Central African Republic,6154
Rep76255,C21972,PR6545,102,1075,Mali,6155
Rep76256,C21972,PR6474,139,1335,Jordan,6156
Rep76257,C21972,PR6622,101,1020,Egypt,6157
Rep76258,C21972,PR6632,106,1065,Monaco,6158
Rep76259,C21972,PR6587,103,1090,Dominica,6159
Rep76260,C21972,PR6545,103,1070,Grenada,6160
Rep76261,C21972,PR6474,102,1015,Germany,6161
Rep76262,C21972,PR6376,73,1005,Thailand,6162
Rep76263,C21972,PR6458,100,1010,Kazakhstan,6163
Rep76264,C21972,PR6586,106,1090,Botswana,6164
Rep76265,C21972,PR6471,103,1055,Montenegro,6165
Rep76266,C21972,PR6616,278,2065,Iraq,6166
Rep76267,C21972,PR6616,130,1215,El Salvador,6167
Rep76268,C21972,PR6563,101,1035,Mauritania,6168
Rep76269,C21972,PR6593,104,1100,Mauritius ,6169
Rep76270,C21972,PR6253,138,1570,Bangladesh,6170
Rep76271,C21972,PR6389,101,1020,Saint Lucia,6171
Rep76272,C21972,PR6593,117,1205,Malta,6172
Rep76273,C21972,PR6470,133,1375,Swaziland,6173
Rep76274,C21972,PR6239,128,1740,Bangladesh,6174
Rep76275,C21972,PR6470,311,2565,El Salvador,6175
Rep76276,C21972,PR6470,122,1200,Zimbabwe,6176
Rep76277,C21972,PR6622,101,1005,Malaysia,6177
Rep76278,C21972,PR6251,130,1535,Dominica,6178
Rep76279,C21972,PR6241,111,1355,Senegal,6179
Rep76280,C21972,PR6251,171,2205,Cameroon,6180
Rep76281,C21972,PR6632,104,1050,Ghana,6181
Rep76282,C21972,PR6589,101,1035,Algeria,6182
Rep76283,C21972,PR6563,100,1125,Niger,6183
Rep76284,C21972,PR6545,312,3850,Algeria,6184
Rep76285,C21972,PR6376,101,1070,Hungary,6185
Rep76286,C21972,PR6241,123,1445,Tajikistan,6186
Rep76287,C21972,PR6377,107,1125,East Timor,6187
Rep76288,C21972,PR6241,198,2370,Democratic Republic of the Congo,6188
Rep76289,C21972,PR6240,86,1040,Bosnia and Herzegovina,6189
Rep76290,C21972,PR6586,106,1090,Sudan,6190
Rep76291,C21972,PR6485,101,1005,Antigua and Barbuda ,6191
Rep76292,C21972,PR6458,152,2240,Liberia,6192
Rep76293,C21972,PR6474,133,1440,Papua New Guinea,6193
Rep76294,C21972,PR6376,102,1135,Seychelles ,6194
Rep76295,C21972,PR6616,111,1100,Sri Lanka,6195
Rep76296,C21972,PR6483,146,1255,Guinea,6196
Rep76297,C21972,PR6545,116,1235,Guinea-Bissau,6197
Rep76298,C21972,PR6485,100,1005,Netherlands,6198
Rep76299,C21972,PR6375,122,1530,Bhutan,6199
Rep76300,C21972,PR6248,106,1085,Laos,6200
Rep76301,C21972,PR6375,105,1080,Taiwan,6201
Rep76302,C21972,PR6586,102,1050,North Korea,6202
Rep76303,C21972,PR6622,134,1010,Saint Vincent and the Grenadines,6203
Rep76304,C21972,PR6470,186,1605,Mongolia,6204
Rep76305,C21972,PR6470,149,1410,Luxembourg,6205
Rep76306,C21972,PR6622,134,1005,Myanmar,6206
Rep76307,C21972,PR6253,156,1755,Norway,6207
Rep76308,C21972,PR6563,101,1080,Saudi Arabia,6208
Rep76309,C21972,PR6240,101,1035,Kyrgyzstan,6209
Rep76310,C21972,PR6381,103,1065,Nauru,6210
Rep76311,C21972,PR6251,127,1510,Malawi,6211
Rep76312,C21972,PR6583,151,1135,Zimbabwe,6212
Rep76313,C21972,PR6474,102,1045,Russia,6213
Rep76314,C21972,PR6584,107,1100,South Korea,6214
Rep76315,C21972,PR6241,123,1445,Thailand,6215
Rep76316,C21972,PR6471,106,1070,Mexico,6216
Rep76317,C21972,PR6485,105,1030,South Korea,6217
Rep76318,C21972,PR6584,135,1570,Malawi,6218
Rep76319,C21972,PR6471,106,1080,Mauritius ,6219
Rep76320,C21972,PR6545,115,1180,Ukraine,6220
Rep76321,C21972,PR6584,107,1100,Libya,6221
Rep76322,C21972,PR6583,122,1045,Grenada,6222
Rep76323,C21972,PR6593,122,1325,Austria,6223
Rep76324,C21972,PR6239,125,1445,Somalia,6224
Rep76325,C21972,PR6240,101,1010,France,6225
Rep76326,C21972,PR6485,100,1005,Seychelles ,6226
Rep76327,C21972,PR6485,102,1010,Kiribati,6227
Rep76328,C21972,PR6392,105,1225,Turkmenistan,6228
Rep76329,C21972,PR6392,101,1015,Sierra Leone,6229
Rep76330,C21972,PR6392,102,1175,Solomon Islands,6230
Rep76331,C21972,PR6586,102,1020,Iraq,6231
Rep76332,C21972,PR6485,105,1030,Dominica,6232
Rep76333,C21972,PR6392,120,1380,Israel,6233
Rep76334,C21972,PR6616,183,1500,Hungary,6234
Rep76335,C21972,PR6616,142,1475,Malta,6235
Rep76336,C21972,PR6583,202,1335,Brunei,6236
Rep76337,C21972,PR6471,130,1350,Central African Republic,6237
Rep76338,C21972,PR6483,328,3560,Monaco,6238
Rep76339,C21972,PR6583,102,1085,Laos,6239
Rep76340,C21972,PR6474,107,1095,Mauritius ,6240
Rep76341,C21972,PR6584,108,1100,Mauritius ,6241
Rep76342,C21972,PR6325,100,1015,Dominica,6242
Rep76343,C21972,PR6240,105,1205,Ukraine,6243
Rep76344,C21972,PR6586,100,1025,Luxembourg,6244
Rep76345,C21972,PR6375,113,1270,Nauru,6245
Rep76346,C21972,PR6471,108,1095,Pakistan,6246
Rep76347,C21972,PR6590,101,1030,Iraq,6247
Rep76348,C21972,PR6321,102,1060,Jordan,6248
Rep76349,C21972,PR6590,102,1035,Sweden,6249
Rep76350,C21972,PR6589,100,1005,Gabon,6250
Rep76351,C21972,PR6616,115,1280,Russia,6251
Rep76352,C21972,PR6377,107,1085,Costa Rica,6252
Rep76353,C21972,PR6563,98,1030,South Sudan,6253
Rep76354,C21972,PR6376,74,1010,Dominica,6254
Rep76355,C21972,PR6586,101,1030,Lesotho,6255
Rep76356,C21972,PR6622,102,1025,New Zealand,6256
Rep76357,C21972,PR6248,129,1440,Slovakia,6257
Rep76358,C21972,PR6458,124,1585,Thailand,6258
Rep76359,C21972,PR6253,235,2835,Canada,6259
Rep76360,C21972,PR6253,156,1770,The Gambia,6260
Rep76361,C21972,PR6545,103,1055,Djibouti,6261
Rep76362,C21972,PR6589,107,1015,Kenya,6262
Rep76363,C21972,PR6485,103,1015,Tajikistan,6263
Rep76364,C21972,PR6583,102,1085,Hungary,6264
Rep76365,C21972,PR6248,107,1105,Cambodia,6265
Rep76366,C21972,PR6483,112,1185,Nauru,6266
Rep76367,C21972,PR6563,100,1015,New Zealand,6267
Rep76368,C21972,PR6248,113,1195,Libya,6268
Rep76369,C21972,PR6632,108,1090,Gabon,6269
Rep76370,C21972,PR6377,108,1125,North Korea,6270
Rep76371,C21972,PR6632,157,1850,Netherlands,6271
Rep76372,C21972,PR6458,113,1340,Botswana,6272
Rep76373,C21972,PR6616,107,1060,Finland,6273
Rep76374,C21972,PR6241,185,2300,Serbia,6274
Rep76375,C21972,PR6563,101,1080,Tuvalu,6275
Rep76376,C21972,PR6470,125,1190,Egypt,6276
Rep76377,C21972,PR6376,101,1070,Kuwait,6277
Rep76378,C21972,PR6584,105,1125,Trinidad and Tobago,6278
Rep76379,C21972,PR6589,100,1020,Bhutan,6279
Rep76380,C21972,PR6389,102,1010,Sri Lanka,6280
Rep76381,C21972,PR6632,106,1065,Democratic Republic of the Congo,6281
Rep76382,C21972,PR6570,105,1095,Papua New Guinea,6282
Rep76383,C21972,PR6251,565,6505,Swaziland,6283
Rep76384,C21972,PR6622,136,1020,Togo,6284
Rep76385,C21972,PR6570,115,1245,Croatia,6285
Rep76386,C21972,PR6570,104,1080,Niger,6286
Rep76387,C21972,PR6583,156,1130,North Korea,6287
Rep76388,C21972,PR6570,115,1245,Marshall Islands,6288
Rep76389,C21972,PR6563,101,1115,Kosovo,6289
Rep76390,C21972,PR6377,111,1135,Trinidad and Tobago,6290
Rep76391,C21972,PR6616,147,1315,Tanzania,6291
Rep76392,C21972,PR6240,101,1035,Saint Vincent and the Grenadines,6292
Rep76393,C21972,PR6593,108,1115,Germany,6293
Rep76394,C21972,PR6240,84,1015,Rwanda,6294
Rep76395,C21972,PR6239,128,1480,Namibia,6295
Rep76396,C21972,PR6563,101,1145,Macedonia,6296
Rep76397,C21972,PR6590,100,1015,Haiti,6297
Rep76398,C21972,PR6474,126,1200,Malawi,6298
Rep76399,C21972,PR6241,101,1035,United Arab Emirates,6299
Rep76400,C21972,PR6375,100,1050,Angola,6300
Rep76401,C21972,PR6474,206,1760,Belize,6301
Rep76402,C21972,PR6595,103,2200,Fiji,6302
Rep76403,C21972,PR6593,122,1325,El Salvador,6303
Rep76404,C21972,PR6583,100,1010,Lesotho,6304
Rep76405,C21972,PR6474,310,3440,Panama,6305
Rep76406,C21972,PR6583,144,1230,Saint Vincent and the Grenadines,6306
Rep76407,C21972,PR6253,945,13305,Saudi Arabia,6307
Rep76408,C21972,PR6392,101,1015,Kuwait,6308
Rep76409,C21972,PR6483,140,1265,Libya,6309
Rep76410,C21972,PR6251,115,1255,Georgia,6310
Rep76411,C21972,PR6392,106,1060,El Salvador,6311
Rep76412,C21972,PR6377,104,1050,Belarus,6312
Rep76413,C21972,PR6563,101,1035,Central African Republic,6313
Rep76414,C21972,PR6470,122,1200,Norway,6314
Rep76415,C21972,PR6563,101,1145,Malaysia,6315
Rep76416,C21972,PR6616,125,1215,Slovenia,6316
Rep76417,C21972,PR6251,113,1325,Ukraine,6317
Rep76418,C21972,PR6392,101,1060,France,6318
Rep76419,C21972,PR6377,113,1145,Maldives,6319
Rep76420,C21972,PR6584,100,1005,Kuwait,6320
Rep76421,C21972,PR6622,134,1010,Laos,6321
Rep76422,C21972,PR6622,102,1065,Poland,6322
Rep76423,C21972,PR6570,104,1080,Cambodia,6323
Rep76424,C21972,PR6241,110,1220,Mali,6324
Rep76425,C21972,PR6240,85,1030,Ethiopia,6325
Rep76426,C21972,PR6471,110,1125,Iran,6326
Rep76427,C21972,PR6239,251,4665,Belgium,6327
Rep76428,C21972,PR6458,124,1585,Equatorial Guinea,6328
Rep76429,C21972,PR6251,121,1305,Samoa ,6329
Rep76430,C21972,PR6375,102,1060,Zimbabwe,6330
Rep76431,C21972,PR6545,101,1025,Czech Republic,6331
Rep76432,C21972,PR6593,109,1185,Italy,6332
Rep76433,C21972,PR6584,100,1005,Algeria,6333
Rep76434,C21972,PR6241,115,1325,Mongolia,6334
Rep76435,C21972,PR6241,198,2370,Switzerland,6335
Rep76436,C21972,PR6248,113,1195,Egypt,6336
Rep76437,C21972,PR6389,102,1025,Cameroon,6337
Rep76438,C21972,PR6584,126,1630,Maldives,6338
Rep76439,C21972,PR6584,105,1125,Syria,6339
Rep76440,C21972,PR6583,188,1285,Serbia,6340
Rep76441,C21972,PR6583,144,1230,Solomon Islands,6341
Rep76442,C21972,PR6251,108,1145,Croatia,6342
Rep76443,C21972,PR6485,100,1005,Federated States of Micronesia,6343
Rep76444,C21972,PR6239,453,7975,Eritrea,6344
Rep76445,C21972,PR6584,126,1630,Netherlands,6345
Rep76446,C21972,PR6616,106,1105,Kuwait,6346
Rep76447,C21972,PR6471,118,1150,China,6347
Rep76448,C21972,PR6590,103,1055,France,6348
Rep76449,C21972,PR6483,160,1650,Serbia,6349
Rep76450,C21972,PR6392,106,1205,Thailand,6350
Rep76451,C21972,PR6251,165,1900,South Sudan,6351
Rep76452,C21972,PR6377,107,1075,Comoros,6352
Rep76453,C21972,PR6626,199,1810,Sweden,6353
Rep76454,C21972,PR6593,105,1055,Ukraine,6354
Rep76455,C21972,PR6485,102,1010,Zambia,6355
Rep76456,C21972,PR6593,108,1115,Qatar,6356
Rep76457,C21972,PR6470,116,1170,Zambia,6357
Rep76458,C21972,PR6381,103,1065,Guinea,6358
Rep76459,C21972,PR6241,123,1445,Greenland,6359
Rep76460,C21972,PR6248,112,1230,Croatia,6360
Rep76461,C21972,PR6616,108,1160,Singapore,6361
Rep76462,C21972,PR6584,142,1445,Belarus,6362
Rep76463,C21972,PR6632,105,1050,Azerbaijan,6363
Rep76464,C21972,PR6485,102,1010,Iceland,6364
Rep76465,C21972,PR6584,138,1430,Sweden,6365
Rep76466,C21972,PR6545,102,1075,Slovenia,6366
Rep76467,C21972,PR6471,132,1235,Israel,6367
Rep76468,C21972,PR6483,272,2275,Mauritius ,6368
Rep76469,C21972,PR6485,101,1005,Switzerland,6369
Rep76470,C21972,PR6616,108,1160,Guinea-Bissau,6370
Rep76471,C21972,PR6545,102,1085,Cambodia,6371
Rep76472,C21972,PR6616,107,1060,Japan,6372
Rep76473,C21972,PR6545,108,1155,Vatican City,6373
Rep76474,C21972,PR6253,137,1595,Mexico,6374
Rep76475,C21972,PR6240,101,1125,Laos,6375
Rep76476,C21972,PR6248,113,1195,Poland,6376
Rep76477,C21972,PR6632,124,1370,New Zealand,6377
Rep76478,C21972,PR6545,113,1175,Libya,6378
Rep76479,C21972,PR6589,101,1050,Eritrea,6379
Rep76480,C21972,PR6470,125,1190,Russia,6380
Rep76481,C21972,PR6583,107,1155,Oman,6381
Rep76482,C21972,PR6632,108,1090,Iran,6382
Rep76483,C21972,PR6616,133,1280,Montenegro,6383
Rep76484,C21972,PR6593,105,1065,Slovakia,6384
Rep76485,C21972,PR6253,159,1775,Chad,6385
Rep76486,C21972,PR6570,106,1080,Rwanda,6386
Rep76487,C21972,PR6377,100,1020,Belize,6387
Rep76488,C21972,PR6471,239,2810,Australia,6388
Rep76489,C21972,PR6392,101,1060,Namibia,6389
Rep76490,C21972,PR6570,104,1080,Panama,6390
Rep76491,C21972,PR6474,105,1085,Mexico,6391
Rep76492,C21972,PR6470,185,1495,Bahrain,6392
Rep76493,C21972,PR6241,128,1475,Bangladesh,6393
Rep76494,C21972,PR6471,138,1555,Kiribati,6394
Rep76495,C21972,PR6586,102,1020,The Gambia,6395
Rep76496,C21972,PR6474,157,1600,Panama,6396
Rep76497,C21972,PR6586,109,1160,Honduras,6397
Rep76498,C21972,PR6584,102,1065,Egypt,6398
Rep76499,C21972,PR6485,102,1025,Nicaragua,6399
Rep76500,C21972,PR6483,272,2275,Djibouti,6400
Rep76501,C21972,PR6470,122,1200,Nepal,6401
Rep76502,C21972,PR6587,103,1110,Equatorial Guinea,6402
Rep76503,C21972,PR6563,101,1145,The Bahamas,6403
Rep76504,C21972,PR6485,100,1005,Seychelles ,6404
Rep76505,C21972,PR6241,141,1555,Namibia,6405
Rep76506,C21972,PR6545,115,1205,Japan,6406
Rep76507,C21972,PR6240,102,1080,Nauru,6407
Rep76508,C21972,PR6325,101,1040,Montenegro,6408
Rep76509,C21972,PR6239,138,1750,Saudi Arabia,6409
Rep76510,C21972,PR6570,105,1095,Slovakia,6410
Rep76511,C21972,PR6253,180,2200,Pakistan,6411
Rep76512,C21972,PR6474,115,1110,Seychelles ,6412
Rep76513,C21972,PR6616,111,1100,Republic of the Congo,6413
Rep76514,C21972,PR6470,122,1095,Serbia,6414
Rep76515,C21972,PR6483,328,3560,Ghana,6415
Rep76516,C21972,PR6389,106,1030,Greenland,6416
Rep76517,C21972,PR6375,100,1025,Botswana,6417
Rep76518,C21972,PR6589,107,1155,Montenegro,6418
Rep76519,C21972,PR6584,102,1040,Tuvalu,6419
Rep76520,C21972,PR6583,336,3470,South Africa,6420
Rep76521,C21972,PR6248,112,1200,United Kingdom,6421
Rep76522,C21972,PR6584,108,1070,The Gambia,6422
Rep76523,C21972,PR6241,151,2115,Bulgaria,6423
Rep76524,C21972,PR6483,160,1650,Andorra,6424
Rep76525,C21972,PR6616,142,1475,Angola,6425
Rep76526,C21972,PR6253,421,6425,Sao Tome and Principe,6426
Rep76527,C21972,PR6471,102,1025,Thailand,6427
Rep76528,C21972,PR6389,106,1035,Algeria,6428
Rep76529,C21972,PR6239,138,1895,Spain,6429
Rep76530,C21972,PR6239,126,1560,Taiwan,6430
Rep76531,C21972,PR6389,103,1030,Nigeria,6431
Rep76532,C21972,PR6377,111,1150,Zambia,6432
Rep76533,C21972,PR6563,101,1060,Netherlands,6433
Rep76534,C21972,PR6632,124,1370,Palau,6434
Rep76535,C21972,PR6584,597,7055,Sierra Leone,6435
Rep76536,C21972,PR6392,108,1185,Nauru,6436
Rep76537,C21972,PR6632,157,1850,Uganda,6437
Rep76538,C21972,PR6470,125,1190,Madagascar,6438
Rep76539,C21972,PR6485,103,1040,Guatemala,6439
Rep76540,C21972,PR6590,103,1070,Burundi,6440
Rep76541,C21972,PR6583,151,1360,Andorra,6441
Rep76542,C21972,PR6589,101,1015,India,6442
Rep76543,C21972,PR6470,311,2565,Romania,6443
Rep76544,C21972,PR6241,115,1325,Ukraine,6444
Rep76545,C21972,PR6389,106,1035,Solomon Islands,6445
Rep76546,C21972,PR6470,185,1495,Kyrgyzstan,6446
Rep76547,C21972,PR6248,103,1055,Senegal,6447
Rep76548,C21972,PR6385,102,1065,Sao Tome and Principe,6448
Rep76549,C21972,PR6474,101,1010,Lithuania,6449
Rep76550,C21972,PR6392,107,1175,Belgium,6450
Rep76551,C21972,PR6632,113,1130,Iraq,6451
Rep76552,C21972,PR6632,112,1095,Nepal,6452
Rep76553,C21972,PR6583,100,1010,Samoa ,6453
Rep76554,C21972,PR6583,101,1050,Algeria,6454
Rep76555,C21972,PR6483,158,1455,Rwanda,6455
Rep76556,C21972,PR6389,103,1035,Trinidad and Tobago,6456
Rep76557,C21972,PR6392,100,1025,Myanmar,6457
Rep76558,C21972,PR6545,155,1650,India,6458
Rep76559,C21972,PR6251,131,1550,Turkey,6459
Rep76560,C21972,PR6389,103,1035,Marshall Islands,6460
Rep76561,C21972,PR6239,138,1750,Afghanistan,6461
Rep76562,C21972,PR6239,135,1760,Czech Republic,6462
Rep76563,C21972,PR6392,102,1175,Mauritius ,6463
Rep76564,C21972,PR6586,119,1280,Georgia,6464
Rep76565,C21972,PR6474,139,1335,Barbados,6465
Rep76566,C21972,PR6239,211,3215,Poland,6466
Rep76567,C21972,PR6470,177,1770,Kiribati,6467
Rep76568,C21972,PR6471,110,1115,Bosnia and Herzegovina,6468
Rep76569,C21972,PR6377,106,1090,Eritrea,6469
Rep76570,C21972,PR6593,102,1020,Mozambique,6470
Rep76571,C21972,PR6389,106,1035,China,6471
Rep76572,C21972,PR6595,89,1015,Kuwait,6472
Rep76573,C21972,PR6253,507,4670,Myanmar,6473
Rep76574,C21972,PR6584,126,1630,Nigeria,6474
Rep76575,C21972,PR6376,74,1010,Serbia,6475
Rep76576,C21972,PR6616,133,1180,Monaco,6476
Rep76577,C21972,PR6570,120,1290,Bhutan,6477
Rep76578,C21972,PR6321,106,1055,Uganda,6478
Rep76579,C21972,PR6616,133,1230,Republic of the Congo,6479
Rep76580,C21972,PR6616,138,1240,Moldova ,6480
Rep76581,C21972,PR6583,151,1360,Zambia,6481
Rep76582,C21972,PR6583,102,1085,Moldova ,6482
Rep76583,C21972,PR6595,90,1030,Uzbekistan,6483
Rep76584,C21972,PR6593,106,1105,Cuba,6484
Rep76585,C21972,PR6584,107,1100,Kuwait,6485
Rep76586,C21972,PR6377,116,1220,Mauritania,6486
Rep76587,C21972,PR6584,105,1125,Vietnam,6487
Rep76588,C21972,PR6458,152,2240,Belgium,6488
Rep76589,C21972,PR6586,108,1145,Andorra,6489
Rep76590,C21972,PR6483,158,1455,Romania,6490
Rep76591,C21972,PR6590,145,1720,Afghanistan,6491
Rep76592,C21972,PR6458,124,1585,Tuvalu,6492
Rep76593,C21972,PR6471,103,1055,The Bahamas,6493
Rep76594,C21972,PR6584,105,1125,Malawi,6494
Rep76595,C21972,PR6483,160,1510,The Bahamas,6495
Rep76596,C21972,PR6584,100,1005,Laos,6496
Rep76597,C21972,PR6253,998,2055,Netherlands,6497
Rep76598,C21972,PR6485,104,1060,Morocco,6498
Rep76599,C21972,PR6474,119,1095,Guinea-Bissau,6499
Rep76600,C21972,PR6583,122,1045,Australia,6500
Rep76601,C21972,PR6375,100,1025,Finland,6501
Rep76602,C21972,PR6458,113,1340,Taiwan,6502
Rep76603,C21972,PR6584,100,1005,Libya,6503
Rep76604,C21972,PR6593,102,1020,Papua New Guinea,6504
Rep76605,C21972,PR6239,128,1480,Angola,6505
Rep76606,C21972,PR6545,113,1175,Zimbabwe,6506
Rep76607,C21972,PR6375,101,1020,United Arab Emirates,6507
Rep76608,C21972,PR6583,225,1490,Honduras,6508
Rep76609,C21972,PR6584,126,1630,Malawi,6509
Rep76610,C21972,PR6392,102,1115,Brunei,6510
Rep76611,C21972,PR6483,148,1305,Finland,6511
Rep76612,C21972,PR6389,101,1020,Albania,6512
Rep76613,C21972,PR6251,103,1080,Iran,6513
Rep76614,C21972,PR6483,148,1305,Mauritius ,6514
Rep76615,C21972,PR6595,89,1015,Senegal,6515
Rep76616,C21972,PR6632,108,1090,Denmark,6516
Rep76617,C21972,PR6239,251,4665,Israel,6517
Rep76618,C21972,PR6616,392,4195,Equatorial Guinea,6518
Rep76619,C21972,PR6583,134,1100,Libya,6519
Rep76620,C21972,PR6616,122,1145,Libya,6520
Rep76621,C21972,PR6584,135,1570,Saudi Arabia,6521
Rep76622,C21276,PR6241,108,1270,Iran,6522
Rep76623,C21276,PR6474,102,1065,Mauritania,6523
Rep76624,C21276,PR6239,158,5435,Bulgaria,6524
Rep76625,C21276,PR6239,158,5435,Equatorial Guinea,6525
Rep76626,C21276,PR6322,105,1200,Mexico,6526
Rep76627,C21276,PR6239,158,5435,Laos,6527
Rep76628,C21276,PR6473,106,2720,Japan,6528
Rep76629,C21276,PR6239,158,5435,Nepal,6529
Rep76630,C21276,PR6473,105,1175,Somalia,6530
Rep76631,C21276,PR6241,101,1280,Iceland,6531
Rep76632,C21857,PR6474,1043,12385,Mali,6532
Rep76633,C21857,PR6239,266,2370,Republic of the Congo,6533
Rep76634,C21857,PR6474,1043,12385,Botswana,6534
Rep76635,C21857,PR6474,364,4585,Algeria,6535
Rep76636,C21857,PR6253,166,2210,Brunei,6536
Rep76637,C21857,PR6253,166,2210,Bangladesh,6537
Rep76638,C21857,PR6474,336,4130,Turkey,6538
Rep76639,C21857,PR6474,1043,12385,Malawi,6539
Rep76640,C22158,PR6241,111,1040,Malaysia,6540
Rep76641,C22158,PR6241,116,1065,Greece,6541
Rep76642,C22158,PR6241,102,1040,Italy,6542
Rep76643,C22158,PR6241,116,1065,Djibouti,6543
Rep76644,C21280,PR6242,283,8845,Ireland,6544
Rep76645,C21280,PR6334,120,1530,Libya,6545
Rep76646,C21280,PR6253,108,1195,Russia,6546
Rep76647,C21280,PR6253,141,1885,Finland,6547
Rep76648,C21280,PR6253,183,2055,France,6548
Rep76649,C21280,PR6242,386,3425,Kiribati,6549
Rep76650,C21280,PR6241,500,6510,East Timor,6550
Rep76651,C21280,PR6253,152,2555,Japan,6551
Rep76652,C21280,PR6334,130,2930,Italy,6552
Rep76653,C21280,PR6241,278,4045,New Zealand,6553
Rep76654,C21280,PR6334,127,1190,Afghanistan,6554
Rep76655,C21280,PR6334,158,1140,Somalia,6555
Rep76656,C21280,PR6334,120,1530,Tanzania,6556
Rep76657,C21280,PR6334,117,1300,Burundi,6557
Rep76658,C21280,PR6242,1722,4150,United States of America,6558
Rep76659,C21280,PR6334,105,1040,Estonia,6559
Rep76660,C21280,PR6334,133,2430,Armenia,6560
Rep76661,C21280,PR6253,352,4605,Switzerland,6561
Rep76662,C21280,PR6242,330,9835,Vatican City,6562
Rep76663,C21280,PR6334,127,2035,Ethiopia,6563
Rep76664,C21280,PR6241,362,5035,New Zealand,6564
Rep76665,C21280,PR6242,363,2955,Sao Tome and Principe,6565
Rep76666,C21280,PR6242,490,4640,Spain,6566
Rep76667,C21280,PR6242,228,3205,Sierra Leone,6567
Rep76668,C21280,PR6334,155,2100,Cyprus,6568
Rep76669,C21280,PR6253,109,1245,Singapore,6569
Rep76670,C21280,PR6242,279,5175,Seychelles ,6570
Rep76671,C21280,PR6253,183,2085,Taiwan,6571
Rep76672,C21280,PR6253,1606,29520,Lesotho,6572
Rep76673,C21280,PR6242,228,3205,Cameroon,6573
Rep76674,C21280,PR6253,301,1845,China,6574
Rep76675,C21280,PR6334,120,1530,Sudan,6575
Rep76676,C21280,PR6242,228,3205,Gabon,6576
Rep76677,C21280,PR6241,108,1095,Bangladesh,6577
Rep76678,C21280,PR6253,2425,31640,Latvia,6578
Rep76679,C21280,PR6253,137,2400,Dominican Republic,6579
Rep76680,C21280,PR6334,179,1255,Nicaragua,6580
Rep76681,C21280,PR6253,840,13330,Norway,6581
Rep76682,C21279,PR6242,10516,71395,Ireland,6582
Rep76683,C21279,PR6242,3988,31045,Saint Kitts and Nevis ,6583
Rep76684,C21279,PR6242,3433,61920,Mozambique,6584
Rep76685,C21279,PR6242,4572,50665,Netherlands,6585
Rep76686,C21279,PR6242,8711,140980,Italy,6586
Rep76687,C21279,PR6242,5100,68275,Moldova ,6587
Rep76688,C21279,PR6242,4544,116155,Eritrea,6588
Rep76689,C21281,PR6242,766,4120,Kosovo,6589
Rep76690,C21281,PR6242,101,4480,Mauritius ,6590
Rep76691,C21281,PR6242,900,4570,Iceland,6591
Rep76692,C21281,PR6242,580,3020,Liberia,6592
Rep76693,C21281,PR6242,766,4120,Cameroon,6593
Rep76694,C21281,PR6242,100,4120,Mongolia,6594
Rep76695,C21281,PR6242,580,3020,South Sudan,6595
Rep76696,C21282,PR6244,115,1215,Iceland,6596
Rep76697,C21282,PR6244,1839,17270,Ethiopia,6597
Rep76698,C21282,PR6244,582,4265,Dominica,6598
Rep76699,C21282,PR6244,171,5615,France,6599
Rep76700,C21282,PR6244,919,12170,Tanzania,6600
Rep76701,C21282,PR6244,213,5465,Solomon Islands,6601
Rep76702,C21282,PR6244,595,9945,Djibouti,6602
Rep76703,C21282,PR6244,206,6935,Jordan,6603
Rep76704,C21282,PR6244,108,2200,Guinea,6604
Rep76705,C21282,PR6244,3716,33760,Kenya,6605
Rep76706,C21282,PR6244,551,5595,Fiji,6606
Rep76707,C21282,PR6244,498,6605,Mali,6607
Rep76708,C21282,PR6244,154,2880,Kosovo,6608
Rep76709,C21282,PR6244,4488,55665,Barbados,6609
Rep76710,C21282,PR6244,5582,76025,Dominica,6610
Rep76711,C21282,PR6244,306,7775,Guatemala,6611
Rep76712,C21282,PR6244,6160,58755,Iraq,6612
Rep76713,C21282,PR6244,3150,4720,Equatorial Guinea,6613
Rep76714,C21282,PR6244,117,1675,Singapore,6614
Rep76715,C21282,PR6244,1716,24215,Bangladesh,6615
Rep76716,C21282,PR6244,1822,25755,Canada,6616
Rep76717,C21282,PR6244,226,2305,Central African Republic,6617
Rep76718,C21282,PR6244,1797,19815,Tanzania,6618
Rep76719,C21282,PR6244,1877,86715,Italy,6619
Rep76720,C21282,PR6244,4168,35290,Senegal,6620
Rep76721,C21282,PR6244,116,2480,Sierra Leone,6621
Rep76722,C21282,PR6244,102,1120,Germany,6622
Rep76723,C22003,PR6246,3261,9915,Iraq,6623
Rep76724,C22003,PR6246,3476,11095,Barbados,6624
Rep76725,C22003,PR6246,3142,6840,Panama,6625
Rep76726,C22003,PR6246,5153,18485,Uganda,6626
Rep76727,C22003,PR6246,1173,3295,Kenya,6627
Rep76728,C21285,PR6248,106,1785,South Korea,6628
Rep76729,C21285,PR6471,169,5665,Luxembourg,6629
Rep76730,C21285,PR6248,160,2860,Kiribati,6630
Rep76731,C21285,PR6474,104,1065,Dominican Republic,6631
Rep76732,C21285,PR6248,149,2360,Equatorial Guinea,6632
Rep76733,C21285,PR6474,116,1570,Haiti,6633
Rep76734,C21285,PR6248,106,3660,Sierra Leone,6634
Rep76735,C21285,PR6383,126,2120,India,6635
Rep76736,C21285,PR6474,150,2310,Cambodia,6636
Rep76737,C21285,PR6471,145,2540,Saint Kitts and Nevis ,6637
Rep76738,C21285,PR6474,116,1570,Philippines,6638
Rep76739,C21285,PR6474,146,1680,Slovenia,6639
Rep76740,C21285,PR6383,108,1375,Belgium,6640
Rep76741,C21285,PR6471,117,1540,Tanzania,6641
Rep76742,C21285,PR6383,138,2360,Japan,6642
Rep76743,C21285,PR6383,120,2060,Kosovo,6643
Rep76744,C21285,PR6248,128,1915,Vanuatu,6644
Rep76745,C21674,PR6529,238,1570,Lesotho,6645
Rep76746,C21674,PR6514,516,3720,Myanmar,6646
Rep76747,C21674,PR6561,3266,5300,Thailand,6647
Rep76748,C21674,PR6529,1600,8270,Sweden,6648
Rep76749,C21674,PR6370,172,3805,Democratic Republic of the Congo,6649
Rep76750,C21674,PR6561,12155,15115,Angola,6650
Rep76751,C21674,PR6381,108,1355,Sri Lanka,6651
Rep76752,C21674,PR6529,516,5075,Somalia,6652
Rep76753,C21674,PR6561,12356,25600,Singapore,6653
Rep76754,C21674,PR6248,150,2950,Azerbaijan,6654
Rep76755,C21674,PR6537,522,3490,Ethiopia,6655
Rep76756,C21674,PR6537,1348,9605,Grenada,6656
Rep76757,C21674,PR6529,1323,7910,Finland,6657
Rep76758,C21674,PR6562,200,2765,Tuvalu,6658
Rep76759,C21674,PR6561,11427,24050,Netherlands,6659
Rep76760,C21674,PR6381,177,6000,Bangladesh,6660
Rep76761,C21674,PR6561,4895,9100,Rwanda,6661
Rep76762,C21674,PR6371,275,7985,The Bahamas,6662
Rep76763,C21674,PR6561,9822,11505,Grenada,6663
Rep76764,C21674,PR6371,183,3000,Nigeria,6664
Rep76765,C21674,PR6514,581,4715,Cambodia,6665
Rep76766,C21674,PR6371,555,9655,Albania,6666
Rep76767,C21674,PR6561,16488,28705,Panama,6667
Rep76768,C21293,PR6253,152,22100,Vatican City,6668
Rep76769,C21293,PR6253,113,3345,United Arab Emirates,6669
Rep76770,C21293,PR6249,275,7680,Greenland,6670
Rep76771,C21293,PR6579,138,1285,Federated States of Micronesia,6671
Rep76772,C21293,PR6253,201,8980,Russia,6672
Rep76773,C21293,PR6249,215,4655,Tonga,6673
Rep76774,C21293,PR6249,191,4185,The Gambia,6674
Rep76775,C21293,PR6253,163,4565,Kiribati,6675
Rep76776,C21293,PR6249,143,1900,Malaysia,6676
Rep76777,C21293,PR6249,209,4945,Grenada,6677
Rep76778,C21293,PR6579,103,1135,Finland,6678
Rep76779,C21293,PR6249,214,6010,China,6679
Rep76780,C21293,PR6249,491,11495,Eritrea,6680
Rep76781,C21293,PR6253,220,3665,Sweden,6681
Rep76782,C21293,PR6249,245,8025,Central African Republic,6682
Rep76783,C21293,PR6249,147,2895,Grenada,6683
Rep76784,C21297,PR6399,86,1245,Sudan,6684
Rep76785,C21297,PR6381,102,1250,Sri Lanka,6685
Rep76786,C21297,PR6249,93,1045,Qatar,6686
Rep76787,C21297,PR6582,157,1785,Mongolia,6687
Rep76788,C21297,PR6249,99,1115,Uganda,6688
Rep76789,C21297,PR6596,100,1050,Mozambique,6689
Rep76790,C21297,PR6378,103,1560,Finland,6690
Rep76791,C21297,PR6582,110,1430,South Africa,6691
Rep76792,C21297,PR6249,94,1065,Morocco,6692
Rep76793,C21297,PR6399,72,1050,Kazakhstan,6693
Rep76794,C21297,PR6386,100,1020,Netherlands,6694
Rep76795,C21297,PR6381,101,1175,Ireland,6695
Rep76796,C21297,PR6249,101,1130,Morocco,6696
Rep76797,C21297,PR6379,103,1465,Israel,6697
Rep76798,C21297,PR6378,103,1485,Marshall Islands,6698
Rep76799,C21297,PR6383,103,1205,Bhutan,6699
Rep76800,C21297,PR6378,111,1630,Bulgaria,6700
Rep76801,C21297,PR6381,106,1750,Saint Vincent and the Grenadines,6701
Rep76802,C21297,PR6379,101,1465,Somalia,6702
Rep76803,C21297,PR6376,96,1325,Bahrain,6703
Rep76804,C21297,PR6376,77,1055,Zambia,6704
Rep76805,C21297,PR6407,103,3685,Rwanda,6705
Rep76806,C21297,PR6381,115,1375,Eritrea,6706
Rep76807,C21297,PR6382,101,1225,Tunisia ,6707
Rep76808,C21297,PR6376,84,1150,Macedonia,6708
Rep76809,C21297,PR6399,101,1990,Iraq,6709
Rep76810,C21302,PR6684,107,1200,Seychelles ,6710
Rep76811,C21302,PR6249,132,1155,Burundi,6711
Rep76812,C21302,PR6678,386,16515,Syria,6712
Rep76813,C21302,PR6249,212,1545,South Korea,6713
Rep76814,C21302,PR6678,169,4730,Bangladesh,6714
Rep76815,C21302,PR6249,236,1665,Senegal,6715
Rep76816,C21302,PR6249,175,1445,Madagascar,6716
Rep76817,C21302,PR6400,109,1696,Sudan,6717
Rep76818,C21302,PR6616,134,1205,Barbados,6718
Rep76819,C21302,PR6616,102,1020,Israel,6719
Rep76820,C21302,PR6675,571,21720,San Marino,6720
Rep76821,C21302,PR6616,108,1050,Kyrgyzstan,6721
Rep76822,C21302,PR6249,109,1045,New Zealand,6722
Rep76823,C21302,PR6400,101,1135,Malaysia,6723
Rep76824,C21302,PR6400,102,1275,Cape Verde,6724
Rep76825,C21302,PR6249,165,1320,Bhutan,6725
Rep76826,C21302,PR6616,142,1235,El Salvador,6726
Rep76827,C21302,PR6400,103,1425,Australia,6727
Rep76828,C21302,PR6400,103,1555,Rwanda,6728
Rep76829,C21302,PR6678,303,11020,Tajikistan,6729
Rep76830,C22237,PR6392,100,1015,South Africa,6730
Rep76831,C22237,PR6385,100,1015,Afghanistan,6731
Rep76832,C22237,PR6392,100,1150,Georgia,6732
Rep76833,C22237,PR6253,102,1270,Mali,6733
Rep76834,C22237,PR6389,100,1035,Libya,6734
Rep76835,C22237,PR6249,103,1660,Afghanistan,6735
Rep76836,C22237,PR6392,101,1245,Haiti,6736
Rep76837,C22237,PR6392,102,1265,Russia,6737
Rep76838,C22237,PR6395,101,1240,Tuvalu,6738
Rep76839,C22237,PR6253,102,1275,Denmark,6739
Rep76840,C22237,PR6392,101,1250,India,6740
Rep76841,C22237,PR6249,106,1465,Vatican City,6741
Rep76842,C22237,PR6253,107,1720,Saint Lucia,6742
Rep76843,C22237,PR6385,100,1070,Singapore,6743
Rep76844,C22237,PR6249,102,1360,Cambodia,6744
Rep76845,C22237,PR6253,116,3320,Iceland,6745
Rep76846,C22237,PR6253,102,1540,Barbados,6746
Rep76847,C22237,PR6395,123,2070,South Sudan,6747
Rep76848,C21606,PR6253,146,1505,Samoa ,6748
Rep76849,C21606,PR6629,105,1220,Macedonia,6749
Rep76850,C21606,PR6629,105,1220,Bahrain,6750
Rep76851,C21606,PR6396,123,4850,North Korea,6751
Rep76852,C21606,PR6249,103,1285,Bulgaria,6752
Rep76853,C21606,PR6395,112,4350,Malaysia,6753
Rep76854,C21606,PR6396,105,2415,Rwanda,6754
Rep76855,C21606,PR6249,100,1025,Indonesia,6755
Rep76856,C21606,PR6249,100,1025,Monaco,6756
Rep76857,C21606,PR6249,101,1080,Equatorial Guinea,6757
Rep76858,C21606,PR6396,106,3790,Brunei,6758
Rep76859,C21606,PR6396,104,2040,Qatar,6759
Rep76860,C21606,PR6628,122,1225,Ethiopia,6760
Rep76861,C21606,PR6396,104,2040,Mauritius ,6761
Rep76862,C21606,PR6396,123,4850,Malaysia,6762
Rep76863,C21606,PR6396,105,2415,North Korea,6763
Rep76864,C21606,PR6396,105,2415,Angola,6764
Rep76865,C21606,PR6395,118,5915,Cote d'Ivoire,6765
Rep76866,C21606,PR6395,171,13500,Montenegro,6766
Rep76867,C21606,PR6395,171,13500,Tanzania,6767
Rep76868,C21606,PR6396,62,1035,Cuba,6768
Rep76869,C21606,PR6395,171,13500,Seychelles ,6769
Rep76870,C21606,PR6396,104,2040,Switzerland,6770
Rep76871,C21606,PR6396,123,4850,Iran,6771
Rep76872,C21606,PR6628,122,1225,Uganda,6772
Rep76873,C21606,PR6395,160,2175,Panama,6773
Rep76874,C21606,PR6249,100,1025,Cape Verde,6774
Rep76875,C21606,PR6628,102,1105,Belarus,6775
Rep76876,C21606,PR6395,160,2175,North Korea,6776
Rep76877,C21606,PR6395,160,2175,Poland,6777
Rep76878,C21606,PR6249,101,1080,Latvia,6778
Rep76879,C21606,PR6628,122,1225,Angola,6779
Rep76880,C21606,PR6396,107,3130,Macedonia,6780
Rep76881,C21606,PR6628,102,1165,Democratic Republic of the Congo,6781
Rep76882,C21606,PR6249,101,1080,India,6782
Rep76883,C22183,PR6253,205,2585,Burundi,6783
Rep76884,C22183,PR6253,129,1795,Luxembourg,6784
Rep76885,C22183,PR6597,118,1325,Rwanda,6785
Rep76886,C22183,PR6253,165,4805,Tuvalu,6786
Rep76887,C22183,PR6253,100,1005,The Gambia,6787
Rep76888,C22183,PR6253,140,1890,Netherlands,6788
Rep76889,C22183,PR6629,98,1065,Qatar,6789
Rep76890,C22183,PR6249,105,1070,Cape Verde,6790
Rep76891,C22183,PR6629,108,2235,Bosnia and Herzegovina,6791
Rep76892,C22183,PR6253,102,1300,Zimbabwe,6792
Rep76893,C22183,PR6597,103,1080,Armenia,6793
Rep76894,C22183,PR6253,236,1705,Mexico,6794
Rep76895,C22183,PR6253,105,1030,Democratic Republic of the Congo,6795
Rep76896,C22183,PR6253,106,1730,Somalia,6796
Rep76897,C22183,PR6249,100,1160,Luxembourg,6797
Rep76898,C22183,PR6253,120,1665,Kiribati,6798
Rep76899,C22183,PR6253,681,17665,Luxembourg,6799
Rep76900,C22183,PR6253,816,29955,Mauritania,6800
Rep76901,C22183,PR6249,368,7645,Cambodia,6801
Rep76902,C22183,PR6253,258,15795,Belarus,6802
Rep76903,C22183,PR6597,158,2515,Lesotho,6803
Rep76904,C22183,PR6629,105,1145,North Korea,6804
Rep76905,C22183,PR6253,166,4130,Ukraine,6805
Rep76906,C21684,PR6400,212,5885,Bhutan,6806
Rep76907,C21684,PR6595,122,1930,Tunisia ,6807
Rep76908,C21684,PR6595,106,1255,Georgia,6808
Rep76909,C21684,PR6596,111,1380,Bosnia and Herzegovina,6809
Rep76910,C21684,PR6596,113,1435,Spain,6810
Rep76911,C21684,PR6595,105,1205,Morocco,6811
Rep76912,C21684,PR6596,104,1130,Thailand,6812
Rep76913,C21684,PR6596,111,1390,Liberia,6813
Rep76914,C21684,PR6249,100,1030,Azerbaijan,6814
Rep76915,C21684,PR6595,103,1130,Maldives,6815
Rep76916,C21684,PR6596,103,1150,Kenya,6816
Rep76917,C21936,PR6395,148,7695,Italy,6817
Rep76918,C21936,PR6395,140,8005,Lithuania,6818
Rep76919,C21936,PR6249,92,1040,Turkey,6819
Rep76920,C21936,PR6384,67,1010,Democratic Republic of the Congo,6820
Rep76921,C21936,PR6407,100,1045,Slovakia,6821
Rep76922,C21936,PR6375,100,1040,Saint Kitts and Nevis ,6822
Rep76923,C21936,PR6379,127,1995,Vietnam,6823
Rep76924,C21936,PR6249,90,1015,France,6824
Rep76925,C21936,PR6399,101,1230,Ukraine,6825
Rep76926,C21936,PR6395,100,1185,Albania,6826
Rep76927,C21936,PR6385,102,1250,Algeria,6827
Rep76928,C21936,PR6389,116,1575,Maldives,6828
Rep76929,C21936,PR6381,107,1595,Seychelles ,6829
Rep76930,C21936,PR6385,102,1200,Central African Republic,6830
Rep76931,C21936,PR6392,105,1220,Cameroon,6831
Rep76932,C21936,PR6409,76,1015,Bulgaria,6832
Rep76933,C21936,PR6385,101,1110,Marshall Islands,6833
Rep76934,C21936,PR6385,104,1305,Estonia,6834
Rep76935,C21936,PR6381,113,1910,Bahrain,6835
Rep76936,C21936,PR6392,106,1185,Poland,6836
Rep76937,C21936,PR6389,126,1860,Azerbaijan,6837
Rep76938,C21936,PR6391,100,1015,Dominican Republic,6838
Rep76939,C21936,PR6379,114,1515,Samoa ,6839
Rep76940,C21936,PR6392,102,1105,Zimbabwe,6840
Rep76941,C21936,PR6382,101,1175,Zimbabwe,6841
Rep76942,C21936,PR6379,127,1960,Seychelles ,6842
Rep76943,C21936,PR6399,103,1595,Canada,6843
Rep76944,C21936,PR6394,101,1050,Philippines,6844
Rep76945,C21936,PR6393,103,1140,Jamaica,6845
Rep76946,C21936,PR6381,124,2170,The Bahamas,6846
Rep76947,C21936,PR6379,108,1300,Syria,6847
Rep76948,C21936,PR6384,101,1175,Luxembourg,6848
Rep76949,C21936,PR6409,76,1015,Cameroon,6849
Rep76950,C21936,PR6389,124,1890,Myanmar,6850
Rep76951,C21936,PR6379,109,1320,Switzerland,6851
Rep76952,C21936,PR6392,110,1385,United Arab Emirates,6852
Rep76953,C21936,PR6249,90,1015,Ukraine,6853
Rep76954,C21936,PR6381,117,1840,Senegal,6854
Rep76955,C21936,PR6395,100,1090,Ethiopia,6855
Rep76956,C21936,PR6384,103,1400,North Korea,6856
Rep76957,C21936,PR6393,101,1055,Switzerland,6857
Rep76958,C21936,PR6384,101,1155,Yemen,6858
Rep76959,C21936,PR6394,101,1060,Georgia,6859
Rep76960,C21936,PR6395,150,8495,Israel,6860
Rep76961,C21936,PR6409,78,1045,Maldives,6861
Rep76962,C21936,PR6407,101,1065,Djibouti,6862
Rep76963,C21936,PR6393,102,1130,Equatorial Guinea,6863
Rep76964,C21936,PR6375,100,1035,Maldives,6864
Rep76965,C21936,PR6389,116,1575,Nicaragua,6865
Rep76966,C21936,PR6385,101,1130,Saint Vincent and the Grenadines,6866
Rep76967,C21936,PR6399,100,1115,Bosnia and Herzegovina,6867
Rep76968,C21936,PR6382,102,1210,Turkmenistan,6868
Rep76969,C21936,PR6399,101,1170,Barbados,6869
Rep76970,C21936,PR6382,100,1030,Monaco,6870
Rep76971,C21936,PR6587,90,1015,Portugal,6871
Rep76972,C21936,PR6382,100,1050,Ethiopia,6872
Rep76973,C21936,PR6394,101,1050,Belarus,6873
Rep76974,C21936,PR6395,160,9090,Slovakia,6874
Rep76975,C21936,PR6379,113,1425,Honduras,6875
Rep76976,C21936,PR6385,100,1115,Estonia,6876
Rep76977,C21936,PR6382,107,1400,Pakistan,6877
Rep76978,C21936,PR6384,100,1070,Pakistan,6878
Rep76979,C21936,PR6381,111,1515,Egypt,6879
Rep76980,C21936,PR6386,80,1005,Bulgaria,6880
Rep76981,C21936,PR6399,102,1275,The Gambia,6881
Rep76982,C21936,PR6407,135,4170,Indonesia,6882
Rep76983,C21936,PR6249,92,1040,Greenland,6883
Rep76984,C21936,PR6249,90,1015,Laos,6884
Rep76985,C21936,PR6393,101,1075,Bosnia and Herzegovina,6885
Rep76986,C21936,PR6382,60,1015,Denmark,6886
Rep76987,C21936,PR6375,102,1080,Taiwan,6887
Rep76988,C21936,PR6376,74,1015,Brunei,6888
Rep76989,C21936,PR6381,128,2175,Albania,6889
Rep76990,C21936,PR6393,101,1060,Canada,6890
Rep76991,C21936,PR6381,128,2205,Cyprus,6891
Rep76992,C21936,PR6384,105,1600,The Bahamas,6892
Rep76993,C21936,PR6407,132,4185,Kyrgyzstan,6893
Rep76994,C21936,PR6382,103,1295,India,6894
Rep76995,C21936,PR6399,100,1085,United States of America,6895
Rep76996,C21936,PR6384,103,1335,Sri Lanka,6896
Rep76997,C21936,PR6381,113,1635,Mongolia,6897
Rep76998,C21936,PR6375,123,1785,Qatar,6898
Rep76999,C21936,PR6389,108,1470,Morocco,6899
Rep77000,C21936,PR6399,101,1160,Laos,6900
Rep77001,C21936,PR6385,100,1055,Equatorial Guinea,6901
Rep77002,C21936,PR6399,103,1560,United States of America,6902
Rep77003,C21936,PR6375,111,1410,Republic of the Congo,6903
Rep77004,C21936,PR6375,110,1385,Rwanda,6904
Rep77005,C21936,PR6393,107,1335,Montenegro,6905
Rep77006,C21936,PR6379,118,1670,Italy,6906
Rep77007,C21936,PR6381,134,2290,Romania,6907
Rep77008,C21936,PR6385,103,1325,Rwanda,6908
Rep77009,C21936,PR6409,108,2090,Dominican Republic,6909
Rep77010,C21936,PR6392,113,1625,Afghanistan,6910
Rep77011,C21936,PR6392,108,1390,Sierra Leone,6911
Rep77012,C21936,PR6376,100,1025,Russia,6912
Rep77013,C21936,PR6393,101,1060,El Salvador,6913
Rep77014,C21936,PR6379,118,1610,Syria,6914
Rep77015,C21936,PR6394,100,1035,Czech Republic,6915
Rep77016,C21936,PR6391,100,1015,Uzbekistan,6916
Rep77017,C21936,PR6385,101,1110,Seychelles ,6917
Rep77018,C21936,PR6384,103,1335,Maldives,6918
Rep77019,C21936,PR6375,110,1385,Tunisia ,6919
Rep77020,C21936,PR6379,105,1325,Syria,6920
Rep77021,C21936,PR6379,101,1095,Madagascar,6921
Rep77022,C21936,PR6389,106,1365,South Korea,6922
Rep77023,C21936,PR6384,102,1255,North Korea,6923
Rep77024,C21936,PR6381,128,2175,Kuwait,6924
Rep77025,C21936,PR6587,90,1015,Mali,6925
Rep77026,C21936,PR6389,118,1635,Dominica,6926
Rep77027,C21936,PR6392,113,1580,Thailand,6927
Rep77028,C21936,PR6399,103,1470,Lithuania,6928
Rep77029,C21936,PR6384,103,1290,Belgium,6929
Rep77030,C21936,PR6392,113,1580,Maldives,6930
Rep77031,C21936,PR6394,100,1090,Sudan,6931
Rep77032,C21936,PR6381,113,1680,Albania,6932
Rep77033,C21936,PR6391,100,1015,Burkina Faso,6933
Rep77034,C21936,PR6389,114,1420,East Timor,6934
Rep77035,C21936,PR6399,103,1505,Djibouti,6935
Rep77036,C21936,PR6385,104,1305,Libya,6936
Rep77037,C21936,PR6395,102,1480,France,6937
Rep77038,C21936,PR6375,105,1170,United States of America,6938
Rep77039,C21936,PR6395,137,7235,Maldives,6939
Rep77040,C21936,PR6381,107,1395,Honduras,6940
Rep77041,C21936,PR6393,101,1090,Democratic Republic of the Congo,6941
Rep77042,C21936,PR6376,100,1025,Finland,6942
Rep77043,C21936,PR6392,113,1600,Czech Republic,6943
Rep77044,C21936,PR6409,111,2505,Uganda,6944
Rep77045,C21936,PR6375,105,1205,Kuwait,6945
Rep77046,C21936,PR6382,101,1105,Democratic Republic of the Congo,6946
Rep77047,C21936,PR6407,100,1035,Sudan,6947
Rep77048,C21936,PR6384,102,1265,San Marino,6948
Rep77049,C21936,PR6393,101,1080,Israel,6949
Rep77050,C21936,PR6395,140,8005,Myanmar,6950
Rep77051,C21936,PR6375,120,1760,Algeria,6951
Rep77052,C21936,PR6385,103,1215,Equatorial Guinea,6952
Rep77053,C21936,PR6379,118,1610,Nepal,6953
Rep77054,C21936,PR6385,100,1055,Sao Tome and Principe,6954
Rep77055,C21936,PR6399,104,1600,United States of America,6955
Rep77056,C21936,PR6384,105,1595,Philippines,6956
Rep77057,C21936,PR6395,103,1560,Cyprus,6957
Rep77058,C21936,PR6379,129,2085,Luxembourg,6958
Rep77059,C21936,PR6389,108,1270,Romania,6959
Rep77060,C21936,PR6393,101,1075,Papua New Guinea,6960
Rep77061,C21936,PR6392,113,1515,Armenia,6961
Rep77062,C21936,PR6393,101,1075,Israel,6962
Rep77063,C21936,PR6399,104,1600,Cyprus,6963
Rep77064,C21936,PR6392,103,1220,Eritrea,6964
Rep77065,C21936,PR6389,107,1370,Italy,6965
Rep77066,C21936,PR6393,101,1065,Belize,6966
Rep77067,C21936,PR6392,105,1405,Ukraine,6967
Rep77068,C22187,PR6399,103,1665,Niger,6968
Rep77069,C22187,PR6399,71,1030,China,6969
Rep77070,C22187,PR6399,170,12890,Samoa ,6970
Rep77071,C22187,PR6395,102,1285,Poland,6971
Rep77072,C22187,PR6395,208,10415,Saint Vincent and the Grenadines,6972
Rep77073,C22187,PR6395,103,1230,Honduras,6973
Rep77074,C22187,PR6383,106,1335,Malawi,6974
Rep77075,C22187,PR6249,102,1720,Antigua and Barbuda ,6975
Rep77076,C22187,PR6383,101,1105,El Salvador,6976
Rep77077,C22187,PR6394,123,2845,Barbados,6977
Rep77078,C22187,PR6395,117,5980,Romania,6978
Rep77079,C22187,PR6370,71,1355,Lebanon,6979
Rep77080,C22187,PR6251,183,4285,Maldives,6980
Rep77081,C22187,PR6249,100,1200,Albania,6981
Rep77082,C22187,PR6400,100,1085,Greece,6982
Rep77083,C22187,PR6389,108,1955,Mozambique,6983
Rep77084,C22187,PR6389,108,2505,Spain,6984
Rep77085,C22187,PR6395,105,2180,Algeria,6985
Rep77086,C22187,PR6395,101,1195,Zambia,6986
Rep77087,C22187,PR6400,108,1685,Mauritania,6987
Rep77088,C22187,PR6399,102,1680,Albania,6988
Rep77089,C22187,PR6398,100,1080,Grenada,6989
Rep77090,C22187,PR6399,71,1025,Sweden,6990
Rep77091,C22187,PR6399,112,2240,Costa Rica,6991
Rep77092,C22187,PR6381,101,1165,Madagascar,6992
Rep77093,C22187,PR6395,182,17100,Indonesia,6993
Rep77094,C22187,PR6379,68,1035,The Bahamas,6994
Rep77095,C22187,PR6399,111,3450,Vatican City,6995
Rep77096,C22187,PR6399,70,1015,San Marino,6996
Rep77097,C22187,PR6381,71,1050,Senegal,6997
Rep77098,C22187,PR6395,101,1540,San Marino,6998
Rep77099,C22187,PR6399,103,1455,Laos,6999
Rep77100,C22187,PR6395,172,20975,Djibouti,7000
Rep77101,C22187,PR6381,105,1335,Romania,7001
Rep77102,C22187,PR6381,116,3735,Benin,7002
Rep77103,C22187,PR6382,101,1145,Grenada,7003
Rep77104,C22187,PR6381,111,2710,Nauru,7004
Rep77105,C22187,PR6251,243,2165,Andorra,7005
Rep77106,C22187,PR6378,100,1110,Vatican City,7006
Rep77107,C22187,PR6399,132,6265,Mexico,7007
Rep77108,C21685,PR6652,111,1365,The Bahamas,7008
Rep77109,C21685,PR6596,115,1390,Central African Republic,7009
Rep77110,C21685,PR6596,153,5440,Russia,7010
Rep77111,C21685,PR6654,2310,36445,Belarus,7011
Rep77112,C21685,PR6648,116,4380,Federated States of Micronesia,7012
Rep77113,C21685,PR6654,1517,24880,Thailand,7013
Rep77114,C21685,PR6654,1386,20070,Uganda,7014
Rep77115,C21685,PR6656,127,1400,Turkey,7015
Rep77116,C21685,PR6652,531,14595,Vatican City,7016
Rep77117,C21685,PR6648,116,1475,Samoa ,7017
Rep77118,C21685,PR6596,121,1960,Saudi Arabia,7018
Rep77119,C21685,PR6697,355,7485,Nigeria,7019
Rep77120,C21685,PR6596,103,1260,Chad,7020
Rep77121,C21685,PR6652,987,28855,Saint Lucia,7021
Rep77122,C21685,PR6596,111,1420,Sierra Leone,7022
Rep77123,C21685,PR6596,108,1350,Norway,7023
Rep77124,C21685,PR6596,100,1065,Swaziland,7024
Rep77125,C21685,PR6702,117,1280,Antigua and Barbuda ,7025
Rep77126,C21685,PR6596,107,1405,Lebanon,7026
Rep77127,C21685,PR6654,770,10935,Spain,7027
Rep77128,C21685,PR6697,232,4360,Serbia,7028
Rep77129,C21685,PR6697,102,1035,Myanmar,7029
Rep77130,C21685,PR6596,164,6300,Saint Vincent and the Grenadines,7030
Rep77131,C21685,PR6650,116,1355,Ireland,7031
Rep77132,C21685,PR6596,102,1090,Swaziland,7032
Rep77133,C21685,PR6650,348,5095,Botswana,7033
Rep77134,C21685,PR6654,480,7365,Jamaica,7034
Rep77135,C21685,PR6652,175,3210,Ukraine,7035
Rep77136,C21685,PR6697,117,1330,United Kingdom,7036
Rep77137,C21685,PR6656,177,2430,Chad,7037
Rep77138,C21685,PR6652,262,6260,United Kingdom,7038
Rep77139,C21685,PR6596,140,4150,Belgium,7039
Rep77140,C21685,PR6596,116,2165,Lesotho,7040
Rep77141,C21685,PR6596,104,1625,El Salvador,7041
Rep77142,C21685,PR6650,162,1935,Ethiopia,7042
Rep77143,C21685,PR6654,685,10390,Vietnam,7043
Rep77144,C21685,PR6697,105,1095,Mongolia,7044
Rep77145,C21685,PR6596,101,1100,Ethiopia,7045
Rep77146,C21685,PR6697,110,1215,Republic of the Congo,7046
Rep77147,C21685,PR6656,106,1490,Norway,7047
Rep77148,C21685,PR6654,651,9625,Mauritius ,7048
Rep77149,C21685,PR6697,146,2155,Barbados,7049
Rep77150,C21685,PR6650,135,1740,Mozambique,7050
Rep77151,C21685,PR6654,778,9540,Panama,7051
Rep77152,C21685,PR6654,124,1600,Lithuania,7052
Rep77153,C21685,PR6697,1008,12715,Poland,7053
Rep77154,C21685,PR6654,1011,15020,Slovakia,7054
Rep77155,C21685,PR6596,200,4185,Myanmar,7055
Rep77156,C21685,PR6654,348,5375,Syria,7056
Rep77157,C21685,PR6654,983,16795,Niger,7057
Rep77158,C21685,PR6697,818,19140,Sri Lanka,7058
Rep77159,C21685,PR6650,153,1890,Saudi Arabia,7059
Rep77160,C21685,PR6656,175,2375,Ethiopia,7060
Rep77161,C21685,PR6702,153,2055,Nepal,7061
Rep77162,C21685,PR6652,102,1060,Nepal,7062
Rep77163,C21685,PR6652,105,1170,Portugal,7063
Rep77164,C21685,PR6656,160,2155,Croatia,7064
Rep77165,C21685,PR6596,190,5800,Saint Lucia,7065
Rep77166,C21685,PR6596,202,5385,Rwanda,7066
Rep77167,C21685,PR6650,121,1550,Jordan,7067
Rep77168,C21685,PR6650,1530,29820,Germany,7068
Rep77169,C21685,PR6652,104,1135,Togo,7069
Rep77170,C21685,PR6596,166,6630,Guinea-Bissau,7070
Rep77171,C21685,PR6596,105,1185,Mozambique,7071
Rep77172,C21685,PR6249,102,1030,Andorra,7072
Rep77173,C21685,PR6650,278,3895,United Arab Emirates,7073
Rep77174,C21685,PR6650,543,8915,Austria,7074
Rep77175,C21685,PR6596,132,2400,Ghana,7075
Rep77176,C21685,PR6697,105,1205,Serbia,7076
Rep77177,C21685,PR6650,102,1065,Turkmenistan,7077
Rep77178,C21685,PR6596,146,2870,Lesotho,7078
Rep77179,C21685,PR6652,262,6260,Macedonia,7079
Rep77180,C22236,PR6251,104,1195,Ireland,7080
Rep77181,C22236,PR6633,102,1115,Australia,7081
Rep77182,C22236,PR6582,100,1135,Burundi,7082
Rep77183,C22236,PR6633,101,1080,Jordan,7083
Rep77184,C22236,PR6633,105,1230,Iceland,7084
Rep77185,C22236,PR6253,103,1165,Indonesia,7085
Rep77186,C22236,PR6253,185,5625,Ireland,7086
Rep77187,C22236,PR6633,102,1050,Slovenia,7087
Rep77188,C22236,PR6633,102,1040,South Africa,7088
Rep77189,C22236,PR6633,116,1360,South Sudan,7089
Rep77190,C22236,PR6633,101,1075,Armenia,7090
Rep77191,C22236,PR6633,101,1035,Djibouti,7091
Rep77192,C22236,PR6253,114,1385,Armenia,7092
Rep77193,C22236,PR6582,103,1170,Seychelles ,7093
Rep77194,C22236,PR6253,200,3395,Madagascar,7094
Rep77195,C22236,PR6628,102,1115,Bulgaria,7095
Rep77196,C22236,PR6633,103,1135,Bhutan,7096
Rep77197,C22236,PR6633,104,1115,Italy,7097
Rep77198,C22236,PR6633,101,1020,Estonia,7098
Rep77199,C22236,PR6582,102,1095,Panama,7099
Rep77200,C22236,PR6253,137,3005,Poland,7100
Rep77201,C22236,PR6633,104,1080,Seychelles ,7101
Rep77202,C22236,PR6633,90,1080,Belgium,7102
Rep77203,C21924,PR6681,102,1285,Sri Lanka,7103
Rep77204,C21924,PR6404,100,1070,Indonesia,7104
Rep77205,C21924,PR6383,101,1090,Cameroon,7105
Rep77206,C21924,PR6378,107,5295,Nepal,7106
Rep77207,C21924,PR6582,112,1235,Afghanistan,7107
Rep77208,C21924,PR6389,100,1090,Afghanistan,7108
Rep77209,C21924,PR6578,100,1100,Armenia,7109
Rep77210,C21924,PR6628,111,1040,Thailand,7110
Rep77211,C21924,PR6383,102,1425,Afghanistan,7111
Rep77212,C21924,PR6587,100,1075,Lebanon,7112
Rep77213,C21924,PR6252,100,1015,Japan,7113
Rep77214,C21924,PR6404,102,1260,Malawi,7114
Rep77215,C21924,PR6372,100,1055,Ukraine,7115
Rep77216,C21924,PR6393,100,1040,Guatemala,7116
Rep77217,C21924,PR6389,100,1090,Iceland,7117
Rep77218,C21924,PR6373,103,1525,Canada,7118
Rep77219,C21924,PR6471,101,1070,Benin,7119
Rep77220,C21924,PR6381,102,1705,Ghana,7120
Rep77221,C21924,PR6587,108,1485,Cape Verde,7121
Rep77222,C21924,PR6627,94,1040,Democratic Republic of the Congo,7122
Rep77223,C21924,PR6404,58,1020,Bangladesh,7123
Rep77224,C21924,PR6404,117,3785,Maldives,7124
Rep77225,C21924,PR6483,100,1195,Kosovo,7125
Rep77226,C21924,PR6681,100,1060,Guinea,7126
Rep77227,C21924,PR6378,107,4420,Australia,7127
Rep77228,C21924,PR6641,107,5315,Palau,7128
Rep77229,C21924,PR6586,100,1040,Swaziland,7129
Rep77230,C21924,PR6384,101,1270,Myanmar,7130
Rep77231,C21924,PR6370,101,1465,Rwanda,7131
Rep77232,C21924,PR6378,101,1820,Mauritius ,7132
Rep77233,C21924,PR6370,101,1230,Dominica,7133
Rep77234,C21924,PR6379,101,1670,Mongolia,7134
Rep77235,C21924,PR6372,101,1310,Bahrain,7135
Rep77236,C21924,PR6373,101,1295,South Korea,7136
Rep77237,C21924,PR6582,105,1240,Sudan,7137
Rep77238,C21924,PR6557,111,1375,Bahrain,7138
Rep77239,C21924,PR6399,104,2115,Belarus,7139
Rep77240,C21924,PR6628,105,1075,Maldives,7140
Rep77241,C21924,PR6641,39,1110,Kuwait,7141
Rep77242,C21924,PR6578,101,1140,Djibouti,7142
Rep77243,C21924,PR6383,107,3095,Saint Kitts and Nevis ,7143
Rep77244,C21924,PR6483,102,1135,Belarus,7144
Rep77245,C21924,PR6404,111,2970,East Timor,7145
Rep77246,C21924,PR6471,100,1040,Jordan,7146
Rep77247,C21924,PR6399,105,2180,Guatemala,7147
Rep77248,C21924,PR6629,100,1025,Singapore,7148
Rep77249,C21924,PR6379,103,1555,Serbia,7149
Rep77250,C21924,PR6596,102,1050,Nauru,7150
Rep77251,C21924,PR6587,101,1175,Grenada,7151
Rep77252,C21924,PR6557,100,1040,Zimbabwe,7152
Rep77253,C21924,PR6387,102,1295,Albania,7153
Rep77254,C21924,PR6379,107,2305,Malta,7154
Rep77255,C22189,PR6478,2075,91655,Indonesia,7155
Rep77256,C22189,PR6478,1940,99845,Vietnam,7156
Rep77257,C22189,PR6478,766,36800,Cape Verde,7157
Rep77258,C22189,PR6252,211,1660,Bhutan,7158
Rep77259,C22189,PR6478,2362,96265,Belgium,7159
Rep77260,C22189,PR6478,1686,86165,Israel,7160
Rep77261,C22189,PR6478,100,56745,Azerbaijan,7161
Rep77262,C21306,PR6701,9980,65090,Sri Lanka,7162
Rep77263,C21306,PR6701,3647,23990,Mauritius ,7163
Rep77264,C21306,PR6253,126,1200,Norway,7164
Rep77265,C21306,PR6701,3309,22160,Malaysia,7165
Rep77266,C21306,PR6595,100,1065,Uzbekistan,7166
Rep77267,C21306,PR6625,101,1300,Tonga,7167
Rep77268,C21306,PR6595,108,2010,France,7168
Rep77269,C21306,PR6595,101,1070,Rwanda,7169
Rep77270,C21306,PR6702,5621,37775,Spain,7170
Rep77271,C21306,PR6596,112,1810,Morocco,7171
Rep77272,C21306,PR6595,101,1110,Andorra,7172
Rep77273,C21306,PR6595,101,1110,South Sudan,7173
Rep77274,C21306,PR6702,8662,58800,El Salvador,7174
Rep77275,C21306,PR6701,8606,53060,Uganda,7175
Rep77276,C21306,PR6701,131,1420,Saint Lucia,7176
Rep77277,C21306,PR6701,8722,54670,Cuba,7177
Rep77278,C21306,PR6595,100,2925,Rwanda,7178
Rep77279,C21306,PR6595,106,1270,Romania,7179
Rep77280,C21306,PR6697,6942,44110,Sierra Leone,7180
Rep77281,C21306,PR6596,107,2670,Germany,7181
Rep77282,C21306,PR6701,4260,28465,Saint Kitts and Nevis ,7182
Rep77283,C21306,PR6697,125,4560,Bosnia and Herzegovina,7183
Rep77284,C21306,PR6703,8328,53700,Estonia,7184
Rep77285,C21306,PR6595,105,1305,Haiti,7185
Rep77286,C21306,PR6701,108,1120,Kosovo,7186
Rep77287,C21306,PR6701,1242,8535,Namibia,7187
Rep77288,C21306,PR6701,130,1410,Russia,7188
Rep77289,C21306,PR6595,107,1945,The Gambia,7189
Rep77290,C21306,PR6595,97,1110,Switzerland,7190
Rep77291,C21306,PR6703,122,1470,Netherlands,7191
Rep77292,C21306,PR6595,101,1100,Botswana,7192
Rep77293,C21306,PR6701,151,3805,Kuwait,7193
Rep77294,C21312,PR6253,120,1625,Latvia,7194
Rep77295,C21312,PR6652,191,4515,Antigua and Barbuda ,7195
Rep77296,C21312,PR6656,725,19235,France,7196
Rep77297,C21312,PR6652,206,5085,Denmark,7197
Rep77298,C21312,PR6656,159,2890,Poland,7198
Rep77299,C21312,PR6652,100,1075,Belize,7199
Rep77300,C21312,PR6656,120,1695,Togo,7200
Rep77301,C21312,PR6652,277,7855,Costa Rica,7201
Rep77302,C21312,PR6656,200,3720,Philippines,7202
Rep77303,C21312,PR6656,233,4910,Tanzania,7203
Rep77304,C21312,PR6596,493,12110,Equatorial Guinea,7204
Rep77305,C21312,PR6652,102,1100,Czech Republic,7205
Rep77306,C21312,PR6253,352,2635,Equatorial Guinea,7206
Rep77307,C21312,PR6253,152,11205,East Timor,7207
Rep77308,C21312,PR6702,517,8825,Yemen,7208
Rep77309,C21312,PR6253,110,1335,Vanuatu,7209
Rep77310,C21312,PR6596,405,10275,Ghana,7210
Rep77311,C21312,PR6702,214,3140,Myanmar,7211
Rep77312,C21319,PR6702,447,4665,Tanzania,7212
Rep77313,C21319,PR6253,119,1680,Vanuatu,7213
Rep77314,C21319,PR6253,150,1880,Dominican Republic,7214
Rep77315,C21319,PR6596,105,1965,Guinea-Bissau,7215
Rep77316,C21319,PR6253,186,1645,India,7216
Rep77317,C21319,PR6596,212,4030,Democratic Republic of the Congo,7217
Rep77318,C21319,PR6253,455,9535,Nicaragua,7218
Rep77319,C21319,PR6253,214,4600,Latvia,7219
Rep77320,C21319,PR6253,104,1460,Laos,7220
Rep77321,C21319,PR6253,133,2075,Dominica,7221
Rep77322,C22311,PR6253,266,1730,Andorra,7222
Rep77323,C22311,PR6253,266,1730,Georgia,7223
Rep77324,C22311,PR6253,972,5740,Moldova ,7224
Rep77325,C22311,PR6253,200,2560,Vanuatu,7225
Rep77326,C22311,PR6253,135,1315,Federated States of Micronesia,7226
Rep77327,C22311,PR6253,266,1730,Kyrgyzstan,7227
Rep77328,C22311,PR6253,224,1375,Switzerland,7228
Rep77329,C21330,PR6253,92,1025,Georgia,7229
Rep77330,C21339,PR6326,108,1600,Japan,7230
Rep77331,C21339,PR6253,100,1075,Australia,7231
Rep77332,C21339,PR6287,338,7815,Democratic Republic of the Congo,7232
Rep77333,C21339,PR6253,100,1080,Laos,7233
Rep77334,C21339,PR6253,111,1135,Papua New Guinea,7234
Rep77335,C21339,PR6287,266,6685,Estonia,7235
Rep77336,C21339,PR6253,100,1045,Romania,7236
Rep77337,C21339,PR6253,120,1270,Greenland,7237
Rep77338,C21339,PR6286,246,5905,Uzbekistan,7238
Rep77339,C21339,PR6326,111,2765,Democratic Republic of the Congo,7239
Rep77340,C21339,PR6253,101,1535,Algeria,7240
Rep77341,C21339,PR6287,400,11385,Iraq,7241
Rep77342,C21339,PR6287,102,1120,Federated States of Micronesia,7242
Rep77343,C21339,PR6287,256,5405,San Marino,7243
Rep77344,C21339,PR6326,111,2610,Jordan,7244
Rep77345,C21339,PR6326,129,2315,Liechtenstein,7245
Rep77346,C21339,PR6326,111,1785,Mali,7246
Rep77347,C21339,PR6253,178,6965,Bhutan,7247
Rep77348,C21339,PR6287,463,11920,Solomon Islands,7248
Rep77349,C21374,PR6367,150,1595,El Salvador,7249
Rep77350,C21374,PR6367,148,1520,Thailand,7250
Rep77351,C21374,PR6253,175,5715,Democratic Republic of the Congo,7251
Rep77352,C21374,PR6253,332,7220,Fiji,7252
Rep77353,C21374,PR6253,211,4515,Israel,7253
Rep77354,C21374,PR6367,350,3515,Bulgaria,7254
Rep77355,C21374,PR6367,502,2440,India,7255
Rep77356,C21374,PR6253,125,2585,Netherlands,7256
Rep77357,C21375,PR6253,228,4585,Barbados,7257
Rep77358,C21375,PR6253,105,1185,Ghana,7258
Rep77359,C21380,PR6253,652,2545,Denmark,7259
Rep77360,C21380,PR6253,1552,6165,Kiribati,7260
Rep77361,C21380,PR6253,1762,6895,Uzbekistan,7261
Rep77362,C21386,PR6351,10018,224400,Tanzania,7262
Rep77363,C21386,PR6351,21181,465705,Indonesia,7263
Rep77364,C21386,PR6351,11360,228030,Mali,7264
Rep77365,C21386,PR6365,141,1955,Cyprus,7265
Rep77366,C21386,PR6351,1622,30640,Singapore,7266
Rep77367,C21386,PR6351,11830,240840,United States of America,7267
Rep77368,C21386,PR6253,102,1050,Portugal,7268
Rep77369,C21386,PR6253,103,1020,Ukraine,7269
Rep77370,C21386,PR6351,11707,229390,Malawi,7270
Rep77371,C21386,PR6351,6043,182840,Andorra,7271
Rep77372,C21386,PR6353,113,1735,Bosnia and Herzegovina,7272
Rep77373,C21386,PR6253,103,1080,Turkmenistan,7273
Rep77374,C21406,PR6364,133,4030,Latvia,7274
Rep77375,C21406,PR6352,103,1505,Nicaragua,7275
Rep77376,C21406,PR6344,102,1515,Ethiopia,7276
Rep77377,C21406,PR6357,120,3380,Belize,7277
Rep77378,C21406,PR6353,103,1340,Belarus,7278
Rep77379,C21406,PR6352,110,2260,Bhutan,7279
Rep77380,C21406,PR6364,148,5035,Kuwait,7280
Rep77381,C21406,PR6253,114,1870,Somalia,7281
Rep77382,C21406,PR6253,117,1895,Tanzania,7282
Rep77383,C21406,PR6364,133,5505,Mauritius ,7283
Rep77384,C21406,PR6253,110,1245,South Korea,7284
Rep77385,C21406,PR6351,101,1705,Mexico,7285
Rep77386,C21406,PR6357,102,1230,Guatemala,7286
Rep77387,C21406,PR6365,142,3430,Romania,7287
Rep77388,C21406,PR6351,101,1190,Djibouti,7288
Rep77389,C21406,PR6365,110,2900,Tanzania,7289
Rep77390,C21406,PR6364,102,1285,Rwanda,7290
Rep77391,C21406,PR6353,103,1290,Hungary,7291
Rep77392,C21406,PR6365,103,1310,Nicaragua,7292
Rep77393,C21406,PR6351,120,2465,Cape Verde,7293
Rep77394,C21406,PR6364,118,3530,Bhutan,7294
Rep77395,C21406,PR6364,125,4570,Zimbabwe,7295
Rep77396,C21406,PR6365,118,4295,Azerbaijan,7296
Rep77397,C21406,PR6253,103,1135,France,7297
Rep77398,C21406,PR6352,119,3500,Spain,7298
Rep77399,C21406,PR6357,223,5010,Vatican City,7299
Rep77400,C21406,PR6364,135,3450,Democratic Republic of the Congo,7300
Rep77401,C21406,PR6364,103,1515,United Arab Emirates,7301
Rep77402,C21406,PR6348,437,5825,Djibouti,7302
Rep77403,C21406,PR6364,155,7450,Grenada,7303
Rep77404,C21406,PR6365,116,2630,Democratic Republic of the Congo,7304
Rep77405,C21406,PR6353,101,1200,Rwanda,7305
Rep77406,C21406,PR6353,172,6535,Sri Lanka,7306
Rep77407,C21406,PR6364,102,1400,United States of America,7307
Rep77408,C21406,PR6364,131,3935,Costa Rica,7308
Rep77409,C21406,PR6357,121,2735,Sweden,7309
Rep77410,C21406,PR6365,101,1245,Japan,7310
Rep77411,C21406,PR6356,121,2320,Guinea,7311
Rep77412,C21406,PR6352,122,2945,Burundi,7312
Rep77413,C21406,PR6357,116,2380,Saint Lucia,7313
Rep77414,C21406,PR6356,102,1195,East Timor,7314
Rep77415,C21406,PR6357,104,2010,Burkina Faso,7315
Rep77416,C21406,PR6365,103,1400,Norway,7316
Rep77417,C21406,PR6357,102,1270,Botswana,7317
Rep77418,C21406,PR6353,111,2295,Iran,7318
Rep77419,C21406,PR6344,101,1100,Burkina Faso,7319
Rep77420,C21406,PR6353,131,4355,Armenia,7320
Rep77421,C21406,PR6364,101,1170,Tuvalu,7321
Rep77422,C21406,PR6357,131,4490,Kuwait,7322
Rep77423,C21406,PR6364,104,1620,Egypt,7323
Rep77424,C21406,PR6364,311,6225,Dominica,7324
Rep77425,C21406,PR6404,100,1050,Brunei,7325
Rep77426,C21406,PR6348,557,7545,Kosovo,7326
Rep77427,C21406,PR6353,102,1170,Barbados,7327
Rep77428,C21406,PR6365,102,1470,Guinea-Bissau,7328
Rep77429,C21406,PR6357,106,3035,Uzbekistan,7329
Rep77430,C21804,PR6253,211,2580,Bahrain,7330
Rep77431,C21804,PR6570,487,2465,Albania,7331
Rep77432,C21804,PR6253,822,7990,Syria,7332
Rep77433,C21804,PR6570,322,1735,Guinea,7333
Rep77434,C21804,PR6253,904,7325,Fiji,7334
Rep77435,C21804,PR6570,487,2465,Cameroon,7335
Rep77436,C21804,PR6570,487,2465,Lithuania,7336
Rep77437,C21804,PR6587,112,1400,Czech Republic,7337
Rep77438,C21804,PR6570,377,2045,Nepal,7338
Rep77439,C21804,PR6570,377,2045,Saudi Arabia,7339
Rep77440,C21804,PR6570,233,1530,Benin,7340
Rep77441,C21804,PR6253,266,3830,Libya,7341
Rep77442,C21804,PR6253,544,8450,South Korea,7342
Rep77443,C21804,PR6570,233,1530,Belgium,7343
Rep77444,C21804,PR6570,233,1530,Moldova ,7344
Rep77445,C21804,PR6570,322,1530,Mauritius ,7345
Rep77446,C21804,PR6253,904,7325,Pakistan,7346
Rep77447,C21416,PR6387,131,1505,Bosnia and Herzegovina,7347
Rep77448,C21416,PR6579,163,3805,Singapore,7348
Rep77449,C21416,PR6388,137,2670,Barbados,7349
Rep77450,C21416,PR6394,119,2585,Bhutan,7350
Rep77451,C21416,PR6387,105,1255,Saint Lucia,7351
Rep77452,C21416,PR6394,203,5715,Philippines,7352
Rep77453,C21416,PR6381,110,1330,Senegal,7353
Rep77454,C21416,PR6582,128,2370,Mali,7354
Rep77455,C21416,PR6579,110,1495,Equatorial Guinea,7355
Rep77456,C21416,PR6394,257,8155,Mauritania,7356
Rep77457,C21416,PR6253,138,3565,Nepal,7357
Rep77458,C21416,PR6381,102,1765,Indonesia,7358
Rep77459,C21416,PR6582,103,1155,Solomon Islands,7359
Rep77460,C21416,PR6394,195,5360,Trinidad and Tobago,7360
Rep77461,C21416,PR6579,105,1210,Cameroon,7361
Rep77462,C21416,PR6253,185,4675,Nepal,7362
Rep77463,C21416,PR6253,138,4840,Kenya,7363
Rep77464,C21416,PR6394,195,5580,Indonesia,7364
Rep77465,C21416,PR6597,112,1055,Kazakhstan,7365
Rep77466,C21416,PR6393,102,1125,Latvia,7366
Rep77467,C21416,PR6579,138,2255,United States of America,7367
Rep77468,C21416,PR6381,108,1545,Georgia,7368
Rep77469,C21416,PR6381,111,1415,Costa Rica,7369
Rep77470,C21416,PR6582,150,2345,Estonia,7370
Rep77471,C21416,PR6394,294,5070,Burundi,7371
Rep77472,C21416,PR6388,111,1315,China,7372
Rep77473,C21416,PR6582,122,1770,Botswana,7373
Rep77474,C21416,PR6582,105,1290,Denmark,7374
Rep77475,C21416,PR6381,163,3250,El Salvador,7375
Rep77476,C21416,PR6253,136,2745,Netherlands,7376
Rep77477,C21416,PR6582,161,4655,Gabon,7377
Rep77478,C21416,PR6394,172,5530,Lesotho,7378
Rep77479,C21416,PR6579,105,1195,Cape Verde,7379
Rep77480,C21416,PR6253,143,2435,India,7380
Rep77481,C21416,PR6582,129,2365,Pakistan,7381
Rep77482,C21416,PR6253,105,1100,Philippines,7382
Rep77483,C21417,PR6351,121,1505,Italy,7383
Rep77484,C21417,PR6351,127,1510,Iraq,7384
Rep77485,C21417,PR6404,768,31170,Serbia,7385
Rep77486,C21417,PR6253,211,2510,Cameroon,7386
Rep77487,C21417,PR6351,300,4780,Malaysia,7387
Rep77488,C21417,PR6364,101,1025,Belgium,7388
Rep77489,C21417,PR6253,100,1035,Marshall Islands,7389
Rep77490,C21417,PR6404,214,6550,Federated States of Micronesia,7390
Rep77491,C21417,PR6351,108,1275,Azerbaijan,7391
Rep77492,C21417,PR6253,211,2515,Malawi,7392
Rep77493,C21687,PR6696,106,1065,Brunei,7393
Rep77494,C21687,PR6696,4014,26810,Belarus,7394
Rep77495,C21687,PR6253,113,1075,South Korea,7395
Rep77496,C21687,PR6696,4310,29350,Myanmar,7396
Rep77497,C21687,PR6696,11343,61855,Myanmar,7397
Rep77498,C21687,PR6696,667,6005,Thailand,7398
Rep77499,C21687,PR6701,689,4915,Bahrain,7399
Rep77500,C21687,PR6596,104,1400,Belize,7400
Rep77501,C21687,PR6678,105,1450,Dominica,7401
Rep77502,C21687,PR6696,12137,78755,Sao Tome and Principe,7402
Rep77503,C21687,PR6253,121,1955,Togo,7403
Rep77504,C21687,PR6696,162973,110615,Saint Lucia,7404
Rep77505,C21687,PR6701,1236,8135,Uganda,7405
Rep77506,C21687,PR6596,89,1055,South Sudan,7406
Rep77507,C21687,PR6596,100,1120,Angola,7407
Rep77508,C21687,PR6696,12806,85200,Cote d'Ivoire,7408
Rep77509,C21687,PR6696,4550,30995,Poland,7409
Rep77510,C21687,PR6696,8869,49015,Haiti,7410
Rep77511,C21687,PR6596,100,1120,Senegal,7411
Rep77512,C21796,PR6598,378,17990,Oman,7412
Rep77513,C21796,PR6253,2135,18460,Saint Lucia,7413
Rep77514,C21796,PR6253,2868,13125,Portugal,7414
Rep77515,C21796,PR6598,250,8695,Swaziland,7415
Rep77516,C21796,PR6598,137,3800,Vatican City,7416
Rep77517,C21796,PR6253,559,6130,South Sudan,7417
Rep77518,C21796,PR6598,262,15475,Niger,7418
Rep77519,C21796,PR6596,146,6580,Egypt,7419
Rep77520,C21796,PR6598,190,8400,South Korea,7420
Rep77521,C21796,PR6598,330,33995,The Bahamas,7421
Rep77522,C21574,PR6378,227,3540,Thailand,7422
Rep77523,C21574,PR6622,2867,18400,Philippines,7423
Rep77524,C21574,PR6622,2668,12705,Oman,7424
Rep77525,C21574,PR6458,1057,4790,Nepal,7425
Rep77526,C21574,PR6622,2992,18415,Gabon,7426
Rep77527,C21574,PR6618,100,1020,Nepal,7427
Rep77528,C21574,PR6458,748,5035,Luxembourg,7428
Rep77529,C21574,PR6253,111,1425,Tanzania,7429
Rep77530,C21574,PR6458,572,4270,Tajikistan,7430
Rep77531,C21574,PR6378,362,5580,Antigua and Barbuda ,7431
Rep77532,C21574,PR6458,790,5040,North Korea,7432
Rep77533,C21574,PR6622,2615,15540,Greece,7433
Rep77534,C21574,PR6378,108,1170,Nicaragua,7434
Rep77535,C21574,PR6622,2516,17765,South Sudan,7435
Rep77536,C21574,PR6458,197,1445,Greenland,7436
Rep77537,C21574,PR6458,244,1760,Uganda,7437
Rep77538,C21574,PR6474,105,1045,Cameroon,7438
Rep77539,C21574,PR6378,194,4120,Slovakia,7439
Rep77540,C21574,PR6533,101,1245,Albania,7440
Rep77541,C21574,PR6391,103,1125,East Timor,7441
Rep77542,C21574,PR6622,2400,10105,Comoros,7442
Rep77543,C21574,PR6458,246,1285,Guinea-Bissau,7443
Rep77544,C21574,PR6622,1786,8775,Botswana,7444
Rep77545,C21574,PR6378,172,1605,Niger,7445
Rep77546,C21574,PR6378,112,1200,Nepal,7446
Rep77547,C21574,PR6628,108,1070,Azerbaijan,7447
Rep77548,C21574,PR6458,362,2515,Uzbekistan,7448
Rep77549,C21574,PR6378,100,1045,Japan,7449
Rep77550,C21574,PR6622,2733,14885,Syria,7450
Rep77551,C21574,PR6593,105,1330,Indonesia,7451
Rep77552,C22283,PR6409,1335,25215,Maldives,7452
Rep77553,C22283,PR6253,238,1675,Marshall Islands,7453
Rep77554,C22283,PR6253,133,2505,Belize,7454
Rep77555,C22283,PR6279,829,8510,Mauritania,7455
Rep77556,C22283,PR6409,522,8780,Tanzania,7456
Rep77557,C22283,PR6409,378,4580,Federated States of Micronesia,7457
Rep77558,C22283,PR6253,133,1230,Serbia,7458
Rep77559,C22283,PR6364,102,1045,Togo,7459
Rep77560,C22283,PR6409,362,6715,Bangladesh,7460
Rep77561,C22283,PR6353,118,2095,Romania,7461
Rep77562,C22016,PR6253,22322,3095,Ireland,7462
Rep77563,C22016,PR6399,100,1250,Chad,7463
Rep77564,C22016,PR6253,122,3095,Madagascar,7464
Rep77565,C22016,PR6253,122,3095,Uganda,7465
Rep77566,C21942,PR6474,161,2175,Botswana,7466
Rep77567,C21942,PR6474,812,6175,Nicaragua,7467
Rep77568,C21942,PR6253,867,11710,Cameroon,7468
Rep77569,C21942,PR6474,590,8890,Benin,7469
Rep77570,C21942,PR6253,375,1925,Guinea,7470
Rep77571,C21669,PR6552,611,2215,Maldives,7471
Rep77572,C21669,PR6552,11688,40365,Myanmar,7472
Rep77573,C21669,PR6552,394,2440,Azerbaijan,7473
Rep77574,C21669,PR6552,4163,15305,Laos,7474
Rep77575,C21669,PR6552,437,2060,Romania,7475
Rep77576,C21669,PR6519,13950,20495,Kosovo,7476
Rep77577,C21669,PR6256,233,1475,Liberia,7477
Rep77578,C21669,PR6256,233,1475,Tonga,7478
Rep77579,C21669,PR6552,1939,6735,Jordan,7479
Rep77580,C21669,PR6552,13657,47975,Cambodia,7480
Rep77581,C21669,PR6552,394,2440,Palau,7481
Rep77582,C21669,PR6552,13433,19730,Australia,7482
Rep77583,C21669,PR6256,255,1555,Angola,7483
Rep77584,C21669,PR6256,266,1595,Greece,7484
Rep77585,C21669,PR6552,13483,19825,Myanmar,7485
Rep77586,C21669,PR6552,13483,19825,Armenia,7486
Rep77587,C21669,PR6552,440,2160,Austria,7487
Rep77588,C21669,PR6552,440,2160,Nigeria,7488
Rep77589,C21669,PR6552,14038,41460,Barbados,7489
Rep77590,C21669,PR6552,1211,4285,Russia,7490
Rep77591,C21669,PR6552,801,1890,Russia,7491
Rep77592,C21669,PR6552,13988,17475,Sao Tome and Principe,7492
Rep77593,C21669,PR6552,110,1090,Mali,7493
Rep77594,C21669,PR6552,2051,7805,Uganda,7494
Rep77595,C21669,PR6253,133,2010,Honduras,7495
Rep77596,C21669,PR6552,169,2490,Mali,7496
Rep77597,C21669,PR6552,5591,14165,Morocco,7497
Rep77598,C21431,PR6404,155,3570,Solomon Islands,7498
Rep77599,C21431,PR6360,861,25610,Vietnam,7499
Rep77600,C21431,PR6360,138,2050,Sri Lanka,7500
Rep77601,C21431,PR6615,128,1215,Kuwait,7501
Rep77602,C21431,PR6404,376,13815,Sri Lanka,7502
Rep77603,C21431,PR6278,1730,6580,Montenegro,7503
Rep77604,C21431,PR6278,1682,16870,Bahrain,7504
Rep77605,C21431,PR6404,224,6685,Azerbaijan,7505
Rep77606,C21431,PR6352,260,7920,Cape Verde,7506
Rep77607,C21431,PR6352,141,2730,Australia,7507
Rep77608,C21431,PR6278,1557,15515,Ireland,7508
Rep77609,C21431,PR6615,111,1050,Switzerland,7509
Rep77610,C21431,PR6278,283,3250,Vietnam,7510
Rep77611,C21431,PR6278,197,2545,Tuvalu,7511
Rep77612,C21431,PR6253,164,4000,Bahrain,7512
Rep77613,C21431,PR6579,198,1325,Trinidad and Tobago,7513
Rep77614,C21431,PR6352,1013,32790,Seychelles ,7514
Rep77615,C21431,PR6278,2331,25745,South Korea,7515
Rep77616,C21431,PR6278,111,1095,Zimbabwe,7516
Rep77617,C21431,PR6596,110,1510,Vanuatu,7517
Rep77618,C21431,PR6352,580,23895,Turkey,7518
Rep77619,C21431,PR6352,110,1330,Vatican City,7519
Rep77620,C21431,PR6404,142,2995,North Korea,7520
Rep77621,C21431,PR6615,138,1545,Federated States of Micronesia,7521
Rep77622,C21431,PR6278,532,5290,Djibouti,7522
Rep77623,C21431,PR6352,2019,66435,Mali,7523
Rep77624,C21431,PR6550,1581,11465,Papua New Guinea,7524
Rep77625,C21431,PR6404,206,6395,Zambia,7525
Rep77626,C21431,PR6404,211,6440,Central African Republic,7526
Rep77627,C21431,PR6360,333,8535,Bosnia and Herzegovina,7527
Rep77628,C21431,PR6352,128,1130,Mongolia,7528
Rep77629,C21431,PR6404,173,4840,Austria,7529
Rep77630,C21431,PR6352,263,9320,The Bahamas,7530
Rep77631,C21431,PR6404,107,1550,Macedonia,7531
Rep77632,C21431,PR6352,103,1285,Liberia,7532
Rep77633,C21431,PR6404,220,3025,Slovenia,7533
Rep77634,C21431,PR6360,338,8260,Republic of the Congo,7534
Rep77635,C21431,PR6360,169,2310,Barbados,7535
Rep77636,C21431,PR6278,356,2630,Sweden,7536
Rep77637,C21431,PR6360,638,18285,East Timor,7537
Rep77638,C21431,PR6278,735,7960,Dominica,7538
Rep77639,C21431,PR6360,398,6210,Uzbekistan,7539
Rep77640,C21431,PR6352,211,6525,Nicaragua,7540
Rep77641,C21431,PR6404,346,11580,Vanuatu,7541
Rep77642,C21431,PR6404,112,1525,Belize,7542
Rep77643,C21858,PR6253,544,3795,The Bahamas,7543
Rep77644,C21858,PR6474,133,2245,Belize,7544
Rep77645,C21858,PR6474,105,1170,Taiwan,7545
Rep77646,C21858,PR6474,1895,8300,Laos,7546
Rep77647,C22039,PR6385,145,4970,Oman,7547
Rep77648,C22039,PR6253,105,1085,Equatorial Guinea,7548
Rep77649,C22039,PR6385,110,4040,Burkina Faso,7549
Rep77650,C22039,PR6392,370,8740,Slovenia,7550
Rep77651,C21831,PR6625,200,3070,Greenland,7551
Rep77652,C21831,PR6625,341,5845,Vatican City,7552
Rep77653,C21831,PR6625,112,1765,Philippines,7553
Rep77654,C21831,PR6596,296,1585,Turkey,7554
Rep77655,C21831,PR6625,138,1630,Zambia,7555
Rep77656,C21831,PR6625,107,1205,Germany,7556
Rep77657,C21831,PR6616,116,6345,Kenya,7557
Rep77658,C21831,PR6633,126,2430,Gabon,7558
Rep77659,C21831,PR6625,238,3925,Gabon,7559
Rep77660,C21831,PR6624,102,2500,Jamaica,7560
Rep77661,C21831,PR6596,127,1625,Thailand,7561
Rep77662,C21831,PR6624,125,11140,Latvia,7562
Rep77663,C21831,PR6625,256,8135,Portugal,7563
Rep77664,C21831,PR6404,174,8540,Eritrea,7564
Rep77665,C21831,PR6253,101,1110,Antigua and Barbuda ,7565
Rep77666,C21831,PR6404,174,8540,Dominican Republic,7566
Rep77667,C21831,PR6624,103,2105,Norway,7567
Rep77668,C21831,PR6596,238,10155,Taiwan,7568
Rep77669,C21831,PR6404,151,6825,Poland,7569
Rep77670,C21831,PR6625,183,2250,Eritrea,7570
Rep77671,C21831,PR6404,174,8540,Thailand,7571
Rep77672,C21831,PR6404,112,6060,Afghanistan,7572
Rep77673,C21831,PR6544,194,1700,Tunisia ,7573
Rep77674,C21517,PR6352,1125,16780,Turkey,7574
Rep77675,C21517,PR6395,105,1135,Swaziland,7575
Rep77676,C21517,PR6352,103,1095,Syria,7576
Rep77677,C21517,PR6352,766,10755,Estonia,7577
Rep77678,C21517,PR6360,4301,55415,Mexico,7578
Rep77679,C21517,PR6360,127,1885,Afghanistan,7579
Rep77680,C21517,PR6367,3044,12500,Mauritius ,7580
Rep77681,C21517,PR6254,332,1935,Tajikistan,7581
Rep77682,C21517,PR6352,3758,47690,Bangladesh,7582
Rep77683,C21517,PR6360,4301,55415,Bulgaria,7583
Rep77684,C21517,PR6360,127,1885,Albania,7584
Rep77685,C21420,PR6256,251,1570,Brunei,7585
Rep77686,C21420,PR6282,32587,88675,Kazakhstan,7586
Rep77687,C21420,PR6353,115,1225,Kenya,7587
Rep77688,C21420,PR6444,31350,31345,Bhutan,7588
Rep77689,C21420,PR6278,6096,36615,Luxembourg,7589
Rep77690,C21420,PR6519,34851,46625,Maldives,7590
Rep77691,C21420,PR6350,9591,126335,Palau,7591
Rep77692,C21420,PR6282,31500,80850,Monaco,7592
Rep77693,C21420,PR6282,32587,88675,Djibouti,7593
Rep77694,C21420,PR6256,783,3145,Sweden,7594
Rep77695,C21420,PR6256,4566,15425,Albania,7595
Rep77696,C21420,PR6278,5362,30885,New Zealand,7596
Rep77697,C21420,PR6278,4111,19100,Ireland,7597
Rep77698,C21420,PR6278,518,3715,Djibouti,7598
Rep77699,C21420,PR6444,13766,9395,Singapore,7599
Rep77700,C21420,PR6256,2875,9345,Tuvalu,7600
Rep77701,C21420,PR6444,13766,11935,Gabon,7601
Rep77702,C21420,PR6278,6096,36615,Bahrain,7602
Rep77703,C21420,PR6278,6096,36615,South Sudan,7603
Rep77704,C21420,PR6278,518,3715,Fiji,7604
Rep77705,C21420,PR6278,551,3155,Yemen,7605
Rep77706,C21420,PR6278,518,3715,Morocco,7606
Rep77707,C21420,PR6282,132,88675,Tonga,7607
Rep77708,C21420,PR6282,12141,35265,Israel,7608
Rep77709,C21420,PR6278,1068,5755,Czech Republic,7609
Rep77710,C21420,PR6350,162,1945,Armenia,7610
Rep77711,C21420,PR6282,6218,16555,Nigeria,7611
Rep77712,C21420,PR6350,162,1945,Egypt,7612
Rep77713,C21420,PR6278,6096,36615,Denmark,7613
Rep77714,C21420,PR6444,14133,14275,Guinea-Bissau,7614
Rep77715,C21420,PR6282,16463,46000,Rwanda,7615
Rep77716,C21420,PR6353,115,1225,Andorra,7616
Rep77717,C21420,PR6278,6480,39190,Cameroon,7617
Rep77718,C21420,PR6256,4392,14550,Philippines,7618
Rep77719,C21420,PR6519,21752,28970,Luxembourg,7619
Rep77720,C21420,PR6278,11672,64625,Australia,7620
Rep77721,C21420,PR6350,9591,126335,Mauritania,7621
Rep77722,C21420,PR6256,4566,15425,Benin,7622
Rep77723,C21420,PR6519,16886,22100,Marshall Islands,7623
Rep77724,C21420,PR6444,13766,9395,Switzerland,7624
Rep77725,C21420,PR6278,455,2870,Singapore,7625
Rep77726,C21420,PR6278,2501,18530,South Sudan,7626
Rep77727,C21420,PR6278,842,5735,Rwanda,7627
Rep77728,C21420,PR6256,1668,6220,Montenegro,7628
Rep77729,C21420,PR6256,166,1230,Papua New Guinea,7629
Rep77730,C21420,PR6549,466,3180,Uzbekistan,7630
Rep77731,C21420,PR6350,162,1945,Vatican City,7631
Rep77732,C21420,PR6519,25174,34160,Turkmenistan,7632
Rep77733,C21420,PR6444,13766,9395,Mauritius ,7633
Rep77734,C21420,PR6282,31793,85620,Sao Tome and Principe,7634
Rep77735,C21420,PR6353,527,7815,Kosovo,7635
Rep77736,C21420,PR6353,115,1225,Solomon Islands,7636
Rep77737,C21420,PR6353,115,1225,North Korea,7637
Rep77738,C21420,PR6256,4566,15425,Monaco,7638
Rep77739,C21420,PR6278,3777,20420,Rwanda,7639
Rep77740,C21420,PR6350,162,1945,Latvia,7640
Rep77741,C21420,PR6278,736,4845,Maldives,7641
Rep77742,C21420,PR6444,3611,3795,Armenia,7642
Rep77743,C21420,PR6519,34851,46625,Belgium,7643
Rep77744,C21420,PR6282,32400,90880,Kenya,7644
Rep77745,C21420,PR6519,34851,46625,Bosnia and Herzegovina,7645
Rep77746,C21420,PR6279,1367,9075,Mauritania,7646
Rep77747,C21420,PR6519,26264,35920,Afghanistan,7647
Rep77748,C21420,PR6282,32587,88675,United States of America,7648
Rep77749,C21420,PR6367,1932,6675,Uzbekistan,7649
Rep77750,C21420,PR6282,32204,85130,Malta,7650
Rep77751,C21420,PR6519,16717,23635,Mauritania,7651
Rep77752,C21420,PR6278,4437,23525,Singapore,7652
Rep77753,C21420,PR6444,14088,13570,Solomon Islands,7653
Rep77754,C21420,PR6350,9591,126335,United Kingdom,7654
Rep77755,C21420,PR6367,3997,13440,Cameroon,7655
Rep77756,C21420,PR6444,13766,9395,Rwanda,7656
Rep77757,C21420,PR6519,34851,46625,Somalia,7657
Rep77758,C21420,PR6350,9591,126335,Switzerland,7658
Rep77759,C21420,PR6278,516,3625,Israel,7659
Rep77760,C21420,PR6256,4566,15425,Jordan,7660
Rep77761,C21420,PR6278,1060,6975,Czech Republic,7661
Rep77762,C21420,PR6519,16827,21995,Mali,7662
Rep77763,C21420,PR6278,518,3715,Republic of the Congo,7663
Rep77764,C22057,PR6280,3058,8065,Greenland,7664
Rep77765,C22057,PR6653,1790,3495,Saint Lucia,7665
Rep77766,C22057,PR6577,211,1560,Mali,7666
Rep77767,C22057,PR6653,1276,3510,Botswana,7667
Rep77768,C22057,PR6653,1276,3510,Belarus,7668
Rep77769,C22057,PR6653,2322,4850,Grenada,7669
Rep77770,C22057,PR6653,1204,3815,Australia,7670
Rep77771,C22057,PR6653,1790,3495,Russia,7671
Rep77772,C22057,PR6258,1212,3425,Sierra Leone,7672
Rep77773,C22057,PR6412,650,2850,El Salvador,7673
Rep77774,C22057,PR6258,1128,3345,Antigua and Barbuda ,7674
Rep77775,C22057,PR6653,1276,3510,United Kingdom,7675
Rep77776,C22057,PR6577,211,1560,Angola,7676
Rep77777,C22057,PR6258,1212,3425,Kazakhstan,7677
Rep77778,C22057,PR6412,650,2850,Taiwan,7678
Rep77779,C22057,PR6258,1398,4635,Oman,7679
Rep77780,C22057,PR6412,650,2850,Myanmar,7680
Rep77781,C22057,PR6577,155,1295,France,7681
Rep77782,C22057,PR6258,1212,3425,Bhutan,7682
Rep77783,C22057,PR6653,1790,3495,Samoa ,7683
Rep77784,C22057,PR6280,3058,8065,United States of America,7684
Rep77785,C22057,PR6423,1233,4680,Zambia,7685
Rep77786,C22057,PR6258,1212,3425,Saint Kitts and Nevis ,7686
Rep77787,C22057,PR6653,1838,3485,Lebanon,7687
Rep77788,C22057,PR6510,433,2620,Norway,7688
Rep77789,C22057,PR6577,211,1560,Vietnam,7689
Rep77790,C22057,PR6258,1212,3425,Luxembourg,7690
Rep77791,C22057,PR6258,1212,3425,Belarus,7691
Rep77792,C21543,PR6353,127,1335,Lebanon,7692
Rep77793,C21543,PR6365,600,13685,Norway,7693
Rep77794,C21543,PR6270,305,4045,Eritrea,7694
Rep77795,C21543,PR6365,1200,16960,Benin,7695
Rep77796,C21543,PR6353,847,11680,Libya,7696
Rep77797,C21543,PR6270,661,7140,Somalia,7697
Rep77798,C21543,PR6270,163,2010,China,7698
Rep77799,C21543,PR6365,821,19625,Democratic Republic of the Congo,7699
Rep77800,C21543,PR6353,135,1880,South Africa,7700
Rep77801,C21543,PR6353,1260,22585,Zimbabwe,7701
Rep77802,C21543,PR6353,1220,22180,Botswana,7702
Rep77803,C21543,PR6353,244,3795,Sierra Leone,7703
Rep77804,C21543,PR6353,101,1045,Guatemala,7704
Rep77805,C21543,PR6353,805,11895,Sudan,7705
Rep77806,C21543,PR6353,383,6695,Nepal,7706
Rep77807,C21455,PR6331,1883,59340,Switzerland,7707
Rep77808,C21455,PR6298,5600,28250,Mali,7708
Rep77809,C21455,PR6331,1006,42005,United States of America,7709
Rep77810,C21455,PR6628,103,1015,Burundi,7710
Rep77811,C21455,PR6331,1175,35495,South Korea,7711
Rep77812,C21455,PR6331,516,9985,Tanzania,7712
Rep77813,C21455,PR6298,5312,30865,Czech Republic,7713
Rep77814,C21455,PR6298,52123,262175,Seychelles ,7714
Rep77815,C21455,PR6628,102,1070,Zambia,7715
Rep77816,C21455,PR6331,229,2575,United Arab Emirates,7716
Rep77817,C21455,PR6298,17436,88455,Guatemala,7717
Rep77818,C21455,PR6331,2249,34985,China,7718
Rep77819,C21455,PR6329,786,8150,San Marino,7719
Rep77820,C21455,PR6276,127,2185,Cyprus,7720
Rep77821,C21455,PR6628,100,1030,Mauritania,7721
Rep77822,C21455,PR6298,5532,32720,Dominica,7722
Rep77823,C21455,PR6623,113,1210,Egypt,7723
Rep77824,C21455,PR6628,108,1080,Serbia,7724
Rep77825,C21455,PR6618,144,5195,Finland,7725
Rep77826,C21455,PR6329,901,9515,Marshall Islands,7726
Rep77827,C21455,PR6298,2435,15100,Italy,7727
Rep77828,C21455,PR6329,1183,15930,Vietnam,7728
Rep77829,C21455,PR6628,138,1350,El Salvador,7729
Rep77830,C21455,PR6298,28971,157795,Switzerland,7730
Rep77831,C21434,PR6350,160,1625,Greenland,7731
Rep77832,C21434,PR6353,1797,21825,Democratic Republic of the Congo,7732
Rep77833,C21434,PR6282,2277,11590,Vanuatu,7733
Rep77834,C21434,PR6352,221,2455,Cape Verde,7734
Rep77835,C21434,PR6282,2928,14080,India,7735
Rep77836,C21434,PR6282,411,1870,Guatemala,7736
Rep77837,C21434,PR6350,1776,22120,Fiji,7737
Rep77838,C21434,PR6278,1477,6750,Tanzania,7738
Rep77839,C21434,PR6278,1477,6750,Yemen,7739
Rep77840,C21434,PR6350,1776,22120,Pakistan,7740
Rep77841,C21434,PR6282,2090,9755,Mozambique,7741
Rep77842,C21434,PR6350,160,1625,United Kingdom,7742
Rep77843,C21434,PR6278,1477,6750,Trinidad and Tobago,7743
Rep77844,C21434,PR6282,238,1755,Palau,7744
Rep77845,C21434,PR6282,880,3465,Laos,7745
Rep77846,C21434,PR6350,160,1625,Solomon Islands,7746
Rep77847,C21434,PR6282,2826,12145,Grenada,7747
Rep77848,C21434,PR6350,1776,22120,Somalia,7748
Rep77849,C22162,PR6278,464,2515,Malaysia,7749
Rep77850,C22162,PR6405,363,18465,Burkina Faso,7750
Rep77851,C22162,PR6364,146,1700,United Kingdom,7751
Rep77852,C22162,PR6353,273,8445,Portugal,7752
Rep77853,C22162,PR6278,897,10420,Syria,7753
Rep77854,C22162,PR6405,616,33055,Cambodia,7754
Rep77855,C22162,PR6278,440,3510,Malawi,7755
Rep77856,C22162,PR6278,131,1125,India,7756
Rep77857,C22162,PR6345,119,1755,Vanuatu,7757
Rep77858,C22162,PR6278,1311,14060,Luxembourg,7758
Rep77859,C22162,PR6278,257,2760,Sierra Leone,7759
Rep77860,C22162,PR6278,112,1060,France,7760
Rep77861,C22162,PR6405,591,33520,Cote d'Ivoire,7761
Rep77862,C22162,PR6405,255,7070,United Arab Emirates,7762
Rep77863,C22162,PR6278,794,5645,Taiwan,7763
Rep77864,C22162,PR6405,502,12565,Namibia,7764
Rep77865,C22162,PR6405,1098,30860,Nigeria,7765
Rep77866,C22162,PR6405,214,8900,Samoa ,7766
Rep77867,C22162,PR6405,372,18265,Nauru,7767
Rep77868,C22162,PR6405,194,7330,South Sudan,7768
Rep77869,C22162,PR6405,391,18585,Ethiopia,7769
Rep77870,C22162,PR6353,205,5625,New Zealand,7770
Rep77871,C22162,PR6278,112,1185,Lesotho,7771
Rep77872,C22162,PR6278,118,1090,Togo,7772
Rep77873,C22162,PR6405,467,28335,Seychelles ,7773
Rep77874,C22162,PR6278,3485,11360,Honduras,7774
Rep77875,C22162,PR6405,750,4470,China,7775
Rep77876,C22171,PR6279,101,1020,Belgium,7776
Rep77877,C22171,PR6629,101,1125,Costa Rica,7777
Rep77878,C22060,PR6358,228,1975,Greece,7778
Rep77879,C22060,PR6510,410,5270,Laos,7779
Rep77880,C22060,PR6380,170,1405,Serbia,7780
Rep77881,C22060,PR6358,756,3180,Belgium,7781
Rep77882,C22060,PR6358,633,4105,Dominican Republic,7782
Rep77883,C22060,PR6488,655,4540,Czech Republic,7783
Rep77884,C22060,PR6280,1244,4500,Seychelles ,7784
Rep77885,C22060,PR6698,3662,16055,Netherlands,7785
Rep77886,C22060,PR6698,650,3490,Republic of the Congo,7786
Rep77887,C22060,PR6358,1211,5420,Libya,7787
Rep77888,C22060,PR6423,2793,12430,Niger,7788
Rep77889,C22060,PR6610,430,2795,Luxembourg,7789
Rep77890,C22060,PR6380,603,3555,Vietnam,7790
Rep77891,C22060,PR6698,1258,5020,Taiwan,7791
Rep77892,C22060,PR6280,521,3980,Mauritius ,7792
Rep77893,C22060,PR6358,217,1415,Haiti,7793
Rep77894,C22060,PR6698,7080,15440,Andorra,7794
Rep77895,C22060,PR6610,656,3385,Portugal,7795
Rep77896,C22060,PR6610,380,2600,Libya,7796
Rep77897,C22060,PR6280,7689,19720,Norway,7797
Rep77898,C22060,PR6280,118,1045,Vatican City,7798
Rep77899,C22060,PR6358,253,1485,Saint Lucia,7799
Rep77900,C22060,PR6543,233,2435,Luxembourg,7800
Rep77901,C22060,PR6280,5735,30350,Denmark,7801
Rep77902,C22060,PR6543,377,2680,Belarus,7802
Rep77903,C22060,PR6380,895,5100,Malaysia,7803
Rep77904,C22060,PR6380,618,3305,Nigeria,7804
Rep77905,C22060,PR6488,366,2625,Angola,7805
Rep77906,C22060,PR6412,5667,24555,Tonga,7806
Rep77907,C22060,PR6280,4386,13915,Algeria,7807
Rep77908,C22060,PR6380,662,3845,Togo,7808
Rep77909,C22060,PR6280,3610,10560,Rwanda,7809
Rep77910,C21552,PR6360,181,4445,Brunei,7810
Rep77911,C21552,PR6360,266,3815,Belarus,7811
Rep77912,C21552,PR6351,102,1070,Tuvalu,7812
Rep77913,C21552,PR6352,145,2650,Belarus,7813
Rep77914,C21552,PR6360,112,1220,Guinea-Bissau,7814
Rep77915,C21552,PR6352,133,2845,Togo,7815
Rep77916,C21552,PR6282,333,2090,Canada,7816
Rep77917,C21552,PR6352,121,2100,Luxembourg,7817
Rep77918,C21552,PR6360,136,2155,Burundi,7818
Rep77919,C21552,PR6352,103,1195,Iceland,7819
Rep77920,C21552,PR6360,201,3975,Zambia,7820
Rep77921,C21552,PR6360,150,1925,Grenada,7821
Rep77922,C21929,PR6285,101,1045,Vietnam,7822
Rep77923,C21929,PR6298,203,3620,Turkmenistan,7823
Rep77924,C21929,PR6298,231,4370,United States of America,7824
Rep77925,C21929,PR6329,100,1050,Albania,7825
Rep77926,C21929,PR6298,487,11550,The Bahamas,7826
Rep77927,C21929,PR6298,150,2250,Belize,7827
Rep77928,C22282,PR6326,117,1585,Sao Tome and Principe,7828
Rep77929,C22282,PR6326,100,1375,Namibia,7829
Rep77930,C22282,PR6326,106,1695,Finland,7830
Rep77931,C22282,PR6326,72,1020,Philippines,7831
Rep77932,C22282,PR6628,103,1110,Morocco,7832
Rep77933,C22282,PR6326,100,1145,Burkina Faso,7833
Rep77934,C22282,PR6326,110,2060,Swaziland,7834
Rep77935,C22282,PR6326,111,1425,Thailand,7835
Rep77936,C22282,PR6326,106,1695,North Korea,7836
Rep77937,C22282,PR6326,102,1275,Qatar,7837
Rep77938,C22282,PR6326,113,1535,Honduras,7838
Rep77939,C22282,PR6326,106,1695,North Korea,7839
Rep77940,C22282,PR6326,101,1485,Ghana,7840
Rep77941,C22282,PR6326,111,3010,Swaziland,7841
Rep77942,C22282,PR6326,100,1375,East Timor,7842
Rep77943,C22282,PR6326,74,1055,Austria,7843
Rep77944,C22282,PR6326,101,1230,Guinea,7844
Rep77945,C22282,PR6326,111,1905,South Korea,7845
Rep77946,C22282,PR6628,103,1110,Pakistan,7846
Rep77947,C22282,PR6326,105,1515,Somalia,7847
Rep77948,C22282,PR6326,100,1375,Portugal,7848
Rep77949,C22282,PR6326,101,1165,Vietnam,7849
Rep77950,C22282,PR6326,100,1105,Zimbabwe,7850
Rep77951,C22282,PR6326,100,1120,Bulgaria,7851
Rep77952,C22282,PR6628,117,1200,Turkey,7852
Rep77953,C22282,PR6326,104,1120,Antigua and Barbuda ,7853
Rep77954,C22282,PR6326,100,1120,Lithuania,7854
Rep77955,C22282,PR6628,108,1455,Zambia,7855
Rep77956,C22282,PR6326,106,3030,United States of America,7856
Rep77957,C22282,PR6326,71,1015,Cape Verde,7857
Rep77958,C22282,PR6326,71,1015,Singapore,7858
Rep77959,C22282,PR6628,103,1110,Netherlands,7859
Rep77960,C22282,PR6326,71,1005,Gabon,7860
Rep77961,C22282,PR6326,73,1045,Papua New Guinea,7861
Rep77962,C22282,PR6326,101,1270,Macedonia,7862
Rep77963,C22282,PR6628,200,4395,Cyprus,7863
Rep77964,C22282,PR6326,100,1120,Andorra,7864
Rep77965,C22282,PR6326,71,1015,Liberia,7865
Rep77966,C22282,PR6326,106,1695,Gabon,7866
Rep77967,C22282,PR6628,115,1155,Marshall Islands,7867
Rep77968,C22282,PR6326,101,1325,Vatican City,7868
Rep77969,C22282,PR6326,71,1015,Barbados,7869
Rep77970,C22282,PR6326,100,1375,Ukraine,7870
Rep77971,C22282,PR6326,100,1120,Republic of the Congo,7871
Rep77972,C22018,PR6514,127,1380,Togo,7872
Rep77973,C22018,PR6360,205,22725,Cape Verde,7873
Rep77974,C22018,PR6596,101,1045,Singapore,7874
Rep77975,C22018,PR6514,103,1200,Kazakhstan,7875
Rep77976,C22018,PR6327,123,2080,Mali,7876
Rep77977,C22018,PR6514,122,1345,Cuba,7877
Rep77978,C22018,PR6331,169,6305,Kiribati,7878
Rep77979,C22018,PR6514,175,2790,Finland,7879
Rep77980,C22018,PR6364,2502,80235,Angola,7880
Rep77981,C22018,PR6514,133,1320,Saint Kitts and Nevis ,7881
Rep77982,C22018,PR6360,138,3340,Luxembourg,7882
Rep77983,C22018,PR6364,262,9015,Brunei,7883
Rep77984,C22018,PR6360,111,2610,Seychelles ,7884
Rep77985,C22018,PR6364,758,13165,Yemen,7885
Rep77986,C22018,PR6360,315,30375,Kiribati,7886
Rep77987,C22018,PR6360,185,6260,Poland,7887
Rep77988,C22018,PR6514,100,1025,Mauritania,7888
Rep77989,C22018,PR6596,116,1295,Sudan,7889
Rep77990,C22018,PR6514,125,2605,Australia,7890
Rep77991,C22018,PR6364,2179,76220,Myanmar,7891
Rep77992,C22018,PR6360,102,1145,Fiji,7892
Rep77993,C22018,PR6360,243,28705,South Sudan,7893
Rep77994,C22018,PR6364,997,19545,Guinea,7894
Rep77995,C22018,PR6331,113,1625,Bulgaria,7895
Rep77996,C22018,PR6364,1402,39950,Haiti,7896
Rep77997,C22018,PR6596,138,1150,Botswana,7897
Rep77998,C22255,PR6353,109,1130,Sudan,7898
Rep77999,C22255,PR6344,105,1450,Vatican City,7899
Rep78000,C22255,PR6365,101,1085,United Arab Emirates,7900
Rep78001,C22255,PR6404,147,3455,Benin,7901
Rep78002,C22255,PR6404,111,1685,Burkina Faso,7902
Rep78003,C22255,PR6344,166,4810,Vietnam,7903
Rep78004,C22255,PR6344,277,16320,Belgium,7904
Rep78005,C22255,PR6344,182,5335,United Arab Emirates,7905
Rep78006,C22255,PR6343,127,3320,Antigua and Barbuda ,7906
Rep78007,C22255,PR6353,162,4345,Belize,7907
Rep78008,C22255,PR6350,374,4550,Taiwan,7908
Rep78009,C22255,PR6350,141,2510,South Africa,7909
Rep78010,C22255,PR6344,101,1110,Zimbabwe,7910
Rep78011,C22255,PR6351,101,1115,Morocco,7911
Rep78012,C22255,PR6404,102,1320,Thailand,7912
Rep78013,C22255,PR6353,180,3825,Togo,7913
Rep78014,C22255,PR6350,322,4495,Iran,7914
Rep78015,C22255,PR6404,114,1900,San Marino,7915
Rep78016,C22255,PR6353,877,10770,Djibouti,7916
Rep78017,C22255,PR6350,141,2510,Gabon,7917
Rep78018,C22255,PR6353,252,2995,Djibouti,7918
Rep78019,C22255,PR6353,101,1080,Guinea,7919
Rep78020,C22255,PR6350,141,2510,France,7920
Rep78021,C22255,PR6350,666,8745,Niger,7921
Rep78022,C22255,PR6344,138,3925,Vanuatu,7922
Rep78023,C22255,PR6350,395,4630,Slovenia,7923
Rep78024,C22255,PR6353,164,3640,Hungary,7924
Rep78025,C22255,PR6404,113,1705,Antigua and Barbuda ,7925
Rep78026,C22255,PR6353,102,1285,Ireland,7926
Rep78027,C22255,PR6343,181,7260,Kyrgyzstan,7927
Rep78028,C22255,PR6344,183,5835,Libya,7928
Rep78029,C22255,PR6351,252,3105,Croatia,7929
Rep78030,C22255,PR6344,189,5960,Andorra,7930
Rep78031,C22255,PR6350,395,4630,South Africa,7931
Rep78032,C22255,PR6344,189,5960,Yemen,7932
Rep78033,C22255,PR6350,395,4630,Canada,7933
Rep78034,C22255,PR6353,141,2555,Singapore,7934
Rep78035,C22255,PR6404,293,10640,Estonia,7935
Rep78036,C22255,PR6344,212,7180,New Zealand,7936
Rep78037,C22255,PR6404,147,3455,El Salvador,7937
Rep78038,C22255,PR6404,114,1900,United Arab Emirates,7938
Rep78039,C22255,PR6344,227,12380,Seychelles ,7939
Rep78040,C22255,PR6353,877,10770,Cameroon,7940
Rep78041,C22255,PR6404,150,3480,East Timor,7941
Rep78042,C22255,PR6343,127,3320,Azerbaijan,7942
Rep78043,C22255,PR6404,2933,5875,Sao Tome and Principe,7943
Rep78044,C22255,PR6404,111,1685,Senegal,7944
Rep78045,C22255,PR6350,1252,16765,East Timor,7945
Rep78046,C22255,PR6343,168,6005,Lebanon,7946
Rep78047,C22255,PR6353,235,6040,Comoros,7947
Rep78048,C22255,PR6344,101,1125,South Africa,7948
Rep78049,C22255,PR6353,236,5075,Bangladesh,7949
Rep78050,C22255,PR6353,101,1085,Liberia,7950
Rep78051,C22255,PR6404,147,3455,Rwanda,7951
Rep78052,C22255,PR6404,111,1685,Vietnam,7952
Rep78053,C22255,PR6353,236,5075,Antigua and Barbuda ,7953
Rep78054,C22255,PR6353,101,1040,Finland,7954
Rep78055,C22255,PR6343,103,1155,Benin,7955
Rep78056,C22255,PR6353,108,1620,Malaysia,7956
Rep78057,C22255,PR6350,374,4550,Tuvalu,7957
Rep78058,C22255,PR6404,114,1900,Turkey,7958
Rep78059,C22255,PR6353,137,3270,Cuba,7959
Rep78060,C22255,PR6344,164,4515,Malaysia,7960
Rep78061,C22255,PR6350,374,4550,Cote d'Ivoire,7961
Rep78062,C22255,PR6341,228,1245,Kiribati,7962
Rep78063,C22255,PR6350,382,4645,Tonga,7963
Rep78064,C22255,PR6344,314,19115,Mexico,7964
Rep78065,C22255,PR6344,138,4150,Azerbaijan,7965
Rep78066,C22255,PR6344,139,3155,Madagascar,7966
Rep78067,C22255,PR6350,337,4735,Belgium,7967
Rep78068,C22255,PR6343,152,5100,Swaziland,7968
Rep78069,C22255,PR6351,766,10495,Central African Republic,7969
Rep78070,C22255,PR6353,162,4570,Somalia,7970
Rep78071,C22255,PR6404,127,1320,Zimbabwe,7971
Rep78072,C22255,PR6353,137,3270,Vatican City,7972
Rep78073,C22255,PR6344,139,3155,Ethiopia,7973
Rep78074,C22255,PR6353,101,1125,Botswana,7974
Rep78075,C22255,PR6343,127,3320,Tunisia ,7975
Rep78076,C22255,PR6344,314,19115,Sao Tome and Principe,7976
Rep78077,C22255,PR6343,128,3345,Democratic Republic of the Congo,7977
Rep78078,C22255,PR6404,117,2175,Slovenia,7978
Rep78079,C22255,PR6344,104,1260,Chad,7979
Rep78080,C22255,PR6344,166,8015,Andorra,7980
Rep78081,C22255,PR6344,189,5960,Brunei,7981
Rep78082,C22255,PR6353,158,2930,Tajikistan,7982
Rep78083,C22255,PR6344,240,13260,Cameroon,7983
Rep78084,C22255,PR6344,139,3155,Lebanon,7984
Rep78085,C22255,PR6350,671,8810,Japan,7985
Rep78086,C22255,PR6353,126,2505,Nauru,7986
Rep78087,C22255,PR6350,377,4580,Guatemala,7987
Rep78088,C22255,PR6344,314,19115,Kazakhstan,7988
Rep78089,C22255,PR6344,184,6805,Kuwait,7989
Rep78090,C22255,PR6353,180,3825,Liechtenstein,7990
Rep78091,C22255,PR6344,251,13045,Seychelles ,7991
Rep78092,C22255,PR6404,119,1955,Kuwait,7992
Rep78093,C22255,PR6352,222,5775,Uganda,7993
Rep78094,C22255,PR6353,141,2555,Sierra Leone,7994
Rep78095,C22103,PR6367,121,1325,Sierra Leone,7995
Rep78096,C22103,PR6367,768,9385,Maldives,7996
Rep78097,C22103,PR6345,291,4165,The Bahamas,7997
Rep78098,C22103,PR6345,573,9315,The Gambia,7998
Rep78099,C22103,PR6367,733,10735,China,7999
Rep78100,C22103,PR6345,263,4050,Mongolia,8000
Rep78101,C22103,PR6345,536,8320,Barbados,8001
Rep78102,C22103,PR6367,185,3930,Serbia,8002
Rep78103,C22103,PR6367,132,1525,Equatorial Guinea,8003
Rep78104,C22103,PR6367,110,1195,Nicaragua,8004
Rep78105,C22103,PR6367,258,4570,Estonia,8005
Rep78106,C22103,PR6345,497,8180,Netherlands,8006
Rep78107,C22103,PR6350,202,2875,Macedonia,8007
Rep78108,C22103,PR6345,294,5115,Sri Lanka,8008
Rep78109,C22103,PR6345,370,7765,Andorra,8009
Rep78110,C22103,PR6345,202,3455,South Korea,8010
Rep78111,C22103,PR6353,1011,31630,Romania,8011
Rep78112,C22103,PR6367,327,6760,Marshall Islands,8012
Rep78113,C22103,PR6345,613,10685,Liberia,8013
Rep78114,C22103,PR6367,393,12640,Comoros,8014
Rep78115,C22103,PR6345,490,12390,Belgium,8015
Rep78116,C22103,PR6367,313,4530,Canada,8016
Rep78117,C22103,PR6367,348,9330,Austria,8017
Rep78118,C22103,PR6345,435,9090,Namibia,8018
Rep78119,C22103,PR6367,185,3015,Bulgaria,8019
Rep78120,C22103,PR6367,333,8065,Andorra,8020
Rep78121,C22103,PR6367,213,4855,Egypt,8021
Rep78122,C22103,PR6367,213,4810,Mali,8022
Rep78123,C22103,PR6350,196,4160,Zimbabwe,8023
Rep78124,C22103,PR6345,2389,70800,Dominican Republic,8024
Rep78125,C21480,PR6353,161,6595,Rwanda,8025
Rep78126,C21480,PR6353,149,4935,South Korea,8026
Rep78127,C21480,PR6353,160,5355,Ukraine,8027
Rep78128,C21480,PR6353,152,5080,South Sudan,8028
Rep78129,C21480,PR6350,682,8345,Democratic Republic of the Congo,8029
Rep78130,C21480,PR6353,106,1395,Tonga,8030
Rep78131,C21480,PR6367,611,11695,Ukraine,8031
Rep78132,C21480,PR6353,120,3215,United States of America,8032
Rep78133,C21480,PR6353,102,1300,Lebanon,8033
Rep78134,C21480,PR6367,225,2590,Tuvalu,8034
Rep78135,C21480,PR6367,166,2660,Czech Republic,8035
Rep78136,C21480,PR6357,169,3165,Vanuatu,8036
Rep78137,C21480,PR6353,187,8660,Cape Verde,8037
Rep78138,C21480,PR6353,577,26825,Slovakia,8038
Rep78139,C21480,PR6345,147,3270,Georgia,8039
Rep78140,C21480,PR6353,177,6620,Saint Kitts and Nevis ,8040
Rep78141,C21503,PR6353,161,1335,Grenada,8041
Rep78142,C21503,PR6351,3503,86360,South Sudan,8042
Rep78143,C21503,PR6346,6880,40835,Vanuatu,8043
Rep78144,C21503,PR6346,2572,17445,South Sudan,8044
Rep78145,C21503,PR6364,366,7360,Estonia,8045
Rep78146,C21503,PR6353,146,2495,Belize,8046
Rep78147,C21503,PR6364,1100,24330,Botswana,8047
Rep78148,C21503,PR6351,5025,126725,Thailand,8048
Rep78149,C21503,PR6351,232,4705,Bosnia and Herzegovina,8049
Rep78150,C21503,PR6351,565,15825,Papua New Guinea,8050
Rep78151,C21503,PR6353,121,1270,Kenya,8051
Rep78152,C21503,PR6351,5507,126545,Kenya,8052
Rep78153,C21503,PR6351,6520,180905,Uganda,8053
Rep78154,C21503,PR6353,106,1085,Serbia,8054
Rep78155,C21503,PR6351,250,5960,Djibouti,8055
Rep78156,C21474,PR6353,265,7435,Tunisia ,8056
Rep78157,C21474,PR6350,2087,19800,Antigua and Barbuda ,8057
Rep78158,C21474,PR6350,1087,12385,Ukraine,8058
Rep78159,C21474,PR6350,986,13520,East Timor,8059
Rep78160,C21474,PR6350,162,4185,Federated States of Micronesia,8060
Rep78161,C21474,PR6352,207,7105,Saint Lucia,8061
Rep78162,C21474,PR6353,245,11410,Russia,8062
Rep78163,C21474,PR6350,2037,19350,Guinea,8063
Rep78164,C21474,PR6353,464,32020,Albania,8064
Rep78165,C21474,PR6353,578,34790,El Salvador,8065
Rep78166,C21474,PR6364,146,3945,Ghana,8066
Rep78167,C21474,PR6350,924,11635,Burkina Faso,8067
Rep78168,C21474,PR6350,128,1365,Nicaragua,8068
Rep78169,C21474,PR6364,137,3185,Mauritania,8069
Rep78170,C21474,PR6352,485,23985,Madagascar,8070
Rep78171,C21474,PR6353,1108,74385,North Korea,8071
Rep78172,C21474,PR6352,443,16900,Monaco,8072
Rep78173,C21474,PR6353,462,29575,Cape Verde,8073
Rep78174,C21474,PR6352,297,11320,Papua New Guinea,8074
Rep78175,C21474,PR6364,110,1565,Belarus,8075
Rep78176,C21474,PR6353,170,5940,Mongolia,8076
Rep78177,C21474,PR6350,2024,19210,Saint Vincent and the Grenadines,8077
Rep78178,C21474,PR6364,135,3005,Cape Verde,8078
Rep78179,C21474,PR6353,191,4340,Mauritania,8079
Rep78180,C21474,PR6350,1236,14875,Tonga,8080
Rep78181,C21474,PR6353,675,38845,Mongolia,8081
Rep78182,C21474,PR6350,820,9810,Iceland,8082
Rep78183,C21474,PR6352,222,8445,Cambodia,8083
Rep78184,C21479,PR6360,915,15965,United States of America,8084
Rep78185,C21479,PR6360,1002,25575,Lithuania,8085
Rep78186,C21479,PR6353,242,11685,Malta,8086
Rep78187,C21479,PR6350,483,5170,Bulgaria,8087
Rep78188,C21479,PR6350,2158,25350,Iraq,8088
Rep78189,C21479,PR6350,392,4415,China,8089
Rep78190,C21479,PR6350,505,5740,Somalia,8090
Rep78191,C21479,PR6350,335,3685,Philippines,8091
Rep78192,C21479,PR6353,251,6725,Armenia,8092
Rep78193,C21479,PR6350,401,5500,Finland,8093
Rep78194,C21479,PR6360,1068,21700,Qatar,8094
Rep78195,C21479,PR6350,1091,12025,Madagascar,8095
Rep78196,C21479,PR6353,500,28525,United Arab Emirates,8096
Rep78197,C21479,PR6353,130,2495,Ghana,8097
Rep78198,C21479,PR6350,573,8080,Mali,8098
Rep78199,C21479,PR6350,998,10775,Madagascar,8099
Rep78200,C21479,PR6350,1804,20220,Canada,8100
Rep78201,C21482,PR6350,674,9530,Cape Verde,8101
Rep78202,C21482,PR6350,1008,14775,Hungary,8102
Rep78203,C21482,PR6350,526,6415,Ukraine,8103
Rep78204,C21482,PR6350,1561,21590,Slovakia,8104
Rep78205,C21482,PR6350,372,5525,United States of America,8105
Rep78206,C21482,PR6350,1625,24200,Czech Republic,8106
Rep78207,C21482,PR6350,546,6960,Georgia,8107
Rep78208,C21482,PR6350,187,2105,United States of America,8108
Rep78209,C21482,PR6350,887,11825,Cote d'Ivoire,8109
Rep78210,C21482,PR6350,845,9510,Mongolia,8110
Rep78211,C21482,PR6350,2120,29860,Republic of the Congo,8111
Rep78212,C21531,PR6350,113,1785,Sri Lanka,8112
Rep78213,C21531,PR6353,473,22600,Nicaragua,8113
Rep78214,C21531,PR6364,272,5525,North Korea,8114
Rep78215,C21531,PR6353,102,1165,Cambodia,8115
Rep78216,C21531,PR6353,193,9905,Cuba,8116
Rep78217,C21531,PR6353,108,1885,Burkina Faso,8117
Rep78218,C21531,PR6353,140,4355,Nicaragua,8118
Rep78219,C21531,PR6463,102,1155,Trinidad and Tobago,8119
Rep78220,C21531,PR6364,127,1275,Hungary,8120
Rep78221,C21531,PR6350,111,1150,United Arab Emirates,8121
Rep78222,C21531,PR6353,118,1095,Qatar,8122
Rep78223,C21562,PR6353,103,1125,Kazakhstan,8123
Rep78224,C21562,PR6365,115,1365,South Sudan,8124
Rep78225,C21562,PR6351,288,6655,Malawi,8125
Rep78226,C21562,PR6351,436,10470,Tunisia ,8126
Rep78227,C21562,PR6353,132,1885,Cuba,8127
Rep78228,C21562,PR6353,106,1230,United Kingdom,8128
Rep78229,C21562,PR6365,116,1480,Cape Verde,8129
Rep78230,C21562,PR6351,173,2925,Sri Lanka,8130
Rep78231,C21562,PR6365,107,1170,Burkina Faso,8131
Rep78232,C21562,PR6353,172,3450,Cape Verde,8132
Rep78233,C21562,PR6361,101,1145,France,8133
Rep78234,C22009,PR6596,358,11545,Libya,8134
Rep78235,C22009,PR6596,283,19080,Eritrea,8135
Rep78236,C22009,PR6351,23551,1027805,Mauritania,8136
Rep78237,C22009,PR6353,6712,317795,Egypt,8137
Rep78238,C22009,PR6596,234,11435,Federated States of Micronesia,8138
Rep78239,C22009,PR6351,29248,1150810,Iran,8139
Rep78240,C22009,PR6353,10722,371680,Andorra,8140
Rep78241,C22009,PR6592,105,1235,Barbados,8141
Rep78242,C22009,PR6353,5557,269900,Equatorial Guinea,8142
Rep78243,C22009,PR6596,226,7490,Italy,8143
Rep78244,C22009,PR6351,31680,1298690,Spain,8144
Rep78245,C22009,PR6592,106,1065,Marshall Islands,8145
Rep78246,C22009,PR6353,6310,266995,Tonga,8146
Rep78247,C22180,PR6353,168,8105,Lesotho,8147
Rep78248,C22180,PR6353,237,15940,South Sudan,8148
Rep78249,C22180,PR6351,391,14765,Comoros,8149
Rep78250,C22180,PR6353,131,4275,Philippines,8150
Rep78251,C22180,PR6353,173,8760,Guinea,8151
Rep78252,C22180,PR6352,100,1025,Mozambique,8152
Rep78253,C22180,PR6353,111,1730,Yemen,8153
Rep78254,C22180,PR6361,101,1150,Serbia,8154
Rep78255,C22180,PR6351,455,16660,Gabon,8155
Rep78256,C22180,PR6352,101,1070,Eritrea,8156
Rep78257,C22180,PR6352,113,1320,China,8157
Rep78258,C22180,PR6352,106,1355,Mexico,8158
Rep78259,C22180,PR6353,166,8420,Uzbekistan,8159
Rep78260,C22180,PR6353,135,4960,Kazakhstan,8160
Rep78261,C21508,PR6360,7997,156315,Italy,8161
Rep78262,C21508,PR6356,238,6355,Burundi,8162
Rep78263,C21508,PR6359,2427,64220,Denmark,8163
Rep78264,C21508,PR6360,3223,47055,Thailand,8164
Rep78265,C21508,PR6360,4822,109400,Ghana,8165
Rep78266,C21508,PR6360,2766,57180,Bulgaria,8166
Rep78267,C21508,PR6352,2561,75550,Equatorial Guinea,8167
Rep78268,C21508,PR6360,20841,342130,Liechtenstein,8168
Rep78269,C21508,PR6360,10826,241665,Antigua and Barbuda ,8169
Rep78270,C21508,PR6360,20841,342130,Niger,8170
Rep78271,C21508,PR6357,1294,30800,Guinea,8171
Rep78272,C21508,PR6356,322,6455,Andorra,8172
Rep78273,C21508,PR6360,10666,147710,Iran,8173
Rep78274,C21508,PR6360,1618,25095,Angola,8174
Rep78275,C21508,PR6360,8955,210755,Mozambique,8175
Rep78276,C21508,PR6360,4593,72465,Algeria,8176
Rep78277,C21508,PR6357,1317,37765,China,8177
Rep78278,C21508,PR6360,3223,47055,Jordan,8178
Rep78279,C21508,PR6360,4822,109400,Croatia,8179
Rep78280,C21508,PR6360,4298,92435,Netherlands,8180
Rep78281,C21508,PR6357,423,10625,Switzerland,8181
Rep78282,C21508,PR6405,2711,66235,Niger,8182
Rep78283,C21508,PR6360,381,4750,Saint Lucia,8183
Rep78284,C21508,PR6360,5138,104895,United States of America,8184
Rep78285,C21508,PR6360,3299,43755,Indonesia,8185
Rep78286,C21508,PR6356,238,6355,Bangladesh,8186
Rep78287,C21508,PR6360,4530,6105,Pakistan,8187
Rep78288,C21508,PR6357,1317,37765,South Sudan,8188
Rep78289,C21508,PR6357,423,10625,Brunei,8189
Rep78290,C21508,PR6360,3703,53225,Nepal,8190
Rep78291,C21508,PR6360,3722,56615,Poland,8191
Rep78292,C21508,PR6356,183,5255,Niger,8192
Rep78293,C21508,PR6360,7997,156315,Sao Tome and Principe,8193
Rep78294,C21508,PR6360,1702,25460,Ukraine,8194
Rep78295,C21508,PR6360,3352,47690,Eritrea,8195
Rep78296,C21508,PR6360,3299,43755,Mozambique,8196
Rep78297,C21508,PR6360,4298,92435,Marshall Islands,8197
Rep78298,C21508,PR6352,2561,75550,Burkina Faso,8198
Rep78299,C21508,PR6359,2427,64220,Spain,8199
Rep78300,C21508,PR6359,2394,44605,Turkey,8200
Rep78301,C21509,PR6352,3198,123850,Comoros,8201
Rep78302,C21509,PR6352,2711,81815,Tonga,8202
Rep78303,C21509,PR6352,1641,188105,Thailand,8203
Rep78304,C21509,PR6352,1632,99140,Mexico,8204
Rep78305,C21509,PR6357,505,10150,United States of America,8205
Rep78306,C21509,PR6359,200,2700,Rwanda,8206
Rep78307,C21509,PR6352,1041,76175,India,8207
Rep78308,C21509,PR6357,388,6850,Maldives,8208
Rep78309,C21509,PR6352,733,55675,Sierra Leone,8209
Rep78310,C21509,PR6352,3198,123850,Angola,8210
Rep78311,C21509,PR6359,183,2505,Haiti,8211
Rep78312,C21509,PR6359,133,1755,Albania,8212
Rep78313,C21509,PR6360,102,1140,Malaysia,8213
Rep78314,C21509,PR6357,522,9140,Nigeria,8214
Rep78315,C21509,PR6357,538,11475,Austria,8215
Rep78316,C21509,PR6357,416,8060,Greenland,8216
Rep78317,C21509,PR6357,266,4400,Belize,8217
Rep78318,C21509,PR6359,127,1710,Lesotho,8218
Rep78319,C21509,PR6352,787,42885,Romania,8219
Rep78320,C21509,PR6352,1550,152275,Albania,8220
Rep78321,C21509,PR6352,488,81815,Guinea,8221
Rep78322,C21509,PR6357,157,2695,Zambia,8222
Rep78323,C21511,PR6352,102,1270,Mexico,8223
Rep78324,C21511,PR6352,133,3845,Swaziland,8224
Rep78325,C21511,PR6352,111,2085,Maldives,8225
Rep78326,C21511,PR6352,151,6170,Honduras,8226
Rep78327,C21511,PR6352,111,2085,East Timor,8227
Rep78328,C21511,PR6352,153,5835,Lesotho,8228
Rep78329,C21511,PR6352,132,4960,Tanzania,8229
Rep78330,C21511,PR6352,109,1905,Croatia,8230
Rep78331,C21511,PR6352,154,6510,China,8231
Rep78332,C21511,PR6352,112,2260,Ireland,8232
Rep78333,C21511,PR6352,149,5310,Jamaica,8233
Rep78334,C21511,PR6352,101,1175,Lithuania,8234
Rep78335,C21511,PR6357,103,1125,Syria,8235
Rep78336,C21511,PR6352,113,2305,Laos,8236
Rep78337,C21511,PR6352,109,1905,Burundi,8237
Rep78338,C21511,PR6352,108,1595,Belgium,8238
Rep78339,C21511,PR6352,153,5835,Vanuatu,8239
Rep78340,C21511,PR6352,110,4500,United Arab Emirates,8240
Rep78341,C21511,PR6352,105,1505,San Marino,8241
Rep78342,C21511,PR6352,105,1155,Latvia,8242
Rep78343,C21511,PR6352,102,1270,Burkina Faso,8243
Rep78344,C21511,PR6352,102,2795,Hungary,8244
Rep78345,C21511,PR6352,102,1260,Liechtenstein,8245
Rep78346,C21511,PR6352,130,4310,Singapore,8246
Rep78347,C21511,PR6357,103,1125,Central African Republic,8247
Rep78348,C21511,PR6352,104,1410,Liberia,8248
Rep78349,C21511,PR6352,105,1155,South Africa,8249
Rep78350,C21511,PR6352,132,4960,Nigeria,8250
Rep78351,C21511,PR6352,141,5945,Romania,8251
Rep78352,C21511,PR6352,115,2460,Fiji,8252
Rep78353,C21511,PR6352,108,1815,Belarus,8253
Rep78354,C21511,PR6352,112,2290,Vanuatu,8254
Rep78355,C21511,PR6352,102,1220,Kosovo,8255
Rep78356,C21511,PR6352,117,2790,Libya,8256
Rep78357,C21511,PR6352,162,6620,Laos,8257
Rep78358,C21511,PR6352,105,1430,Tonga,8258
Rep78359,C21511,PR6352,119,2895,South Africa,8259
Rep78360,C21511,PR6352,112,2290,Brunei,8260
Rep78361,C21511,PR6352,138,4835,Grenada,8261
Rep78362,C21511,PR6352,102,1220,Oman,8262
Rep78363,C21511,PR6352,138,4835,Croatia,8263
Rep78364,C21511,PR6352,222,13230,Ghana,8264
Rep78365,C21511,PR6352,158,6220,Bulgaria,8265
Rep78366,C21511,PR6352,109,1995,Myanmar,8266
Rep78367,C21511,PR6352,222,13230,Turkmenistan,8267
Rep78368,C21511,PR6352,101,1175,Seychelles ,8268
Rep78369,C21511,PR6352,141,5945,Dominican Republic,8269
Rep78370,C21511,PR6352,151,6170,Brunei,8270
Rep78371,C21511,PR6352,163,5455,Cote d'Ivoire,8271
Rep78372,C21511,PR6352,116,2510,Republic of the Congo,8272
Rep78373,C21511,PR6352,131,5025,Sao Tome and Principe,8273
Rep78374,C21511,PR6352,102,2795,Latvia,8274
Rep78375,C21511,PR6352,102,1220,Sweden,8275
Rep78376,C21511,PR6352,231,2830,Cote d'Ivoire,8276
Rep78377,C21511,PR6352,242,16835,Spain,8277
Rep78378,C21511,PR6352,104,1300,Saint Kitts and Nevis ,8278
Rep78379,C21511,PR6352,110,4500,South Sudan,8279
Rep78380,C21511,PR6352,104,1480,Bulgaria,8280
Rep78381,C21511,PR6352,271,5160,Kiribati,8281
Rep78382,C21511,PR6352,103,1270,Azerbaijan,8282
Rep78383,C21511,PR6352,105,1430,Somalia,8283
Rep78384,C21511,PR6352,102,1100,Seychelles ,8284
Rep78385,C21511,PR6352,242,16835,Cuba,8285
Rep78386,C21511,PR6352,112,2255,France,8286
Rep78387,C21511,PR6352,162,6620,Bhutan,8287
Rep78388,C21527,PR6353,116,1140,Liberia,8288
Rep78389,C21527,PR6353,1258,24580,Mozambique,8289
Rep78390,C22256,PR6353,2235,48410,Honduras,8290
Rep78391,C22256,PR6595,100,3430,Dominica,8291
Rep78392,C22256,PR6595,109,3050,Switzerland,8292
Rep78393,C22256,PR6595,106,1895,Mongolia,8293
Rep78394,C22256,PR6595,105,1120,Ireland,8294
Rep78395,C22256,PR6595,121,1980,Iceland,8295
Rep78396,C22256,PR6595,105,1080,Macedonia,8296
Rep78397,C22256,PR6353,397,7400,The Gambia,8297
Rep78398,C22256,PR6353,2890,70170,Japan,8298
Rep78399,C22256,PR6353,2235,48410,Lesotho,8299
Rep78400,C22256,PR6595,119,6685,East Timor,8300
Rep78401,C22256,PR6595,275,2130,United Arab Emirates,8301
Rep78402,C22256,PR6595,130,1660,Vanuatu,8302
Rep78403,C22256,PR6353,105,1285,Qatar,8303
Rep78404,C22256,PR6353,560,9145,Monaco,8304
Rep78405,C22256,PR6595,275,2130,Tuvalu,8305
Rep78406,C22256,PR6595,113,1535,Angola,8306
Rep78407,C22256,PR6353,118,2500,Philippines,8307
Rep78408,C22256,PR6353,1500,24335,Georgia,8308
Rep78409,C22256,PR6595,101,1040,Germany,8309
Rep78410,C22256,PR6595,105,1080,Montenegro,8310
Rep78411,C22256,PR6353,2881,74365,Mauritius ,8311
Rep78412,C22256,PR6595,100,1250,Nepal,8312
Rep78413,C22256,PR6595,101,1040,Guinea,8313
Rep78414,C22256,PR6595,102,1005,Equatorial Guinea,8314
Rep78415,C22256,PR6595,100,1080,Guinea-Bissau,8315
Rep78416,C22256,PR6353,931,14940,South Korea,8316
Rep78417,C22256,PR6353,2043,57950,Panama,8317
Rep78418,C22256,PR6595,160,1385,Palau,8318
Rep78419,C22256,PR6353,466,6470,Kosovo,8319
Rep78420,C22256,PR6595,217,3890,Saint Lucia,8320
Rep78421,C22256,PR6595,106,5085,France,8321
Rep78422,C22256,PR6595,100,1310,United Kingdom,8322
Rep78423,C22256,PR6595,112,1500,Kyrgyzstan,8323
Rep78424,C22256,PR6353,118,2500,Yemen,8324
Rep78425,C22256,PR6595,100,1250,Czech Republic,8325
Rep78426,C22256,PR6595,147,1955,Mauritania,8326
Rep78427,C22256,PR6353,405,6975,Kuwait,8327
Rep78428,C21537,PR6353,310,9185,Estonia,8328
Rep78429,C21537,PR6353,722,19020,Samoa ,8329
Rep78430,C21537,PR6353,229,3740,Turkey,8330
Rep78431,C21537,PR6353,888,22250,Libya,8331
Rep78432,C21537,PR6364,105,1130,Tunisia ,8332
Rep78433,C21540,PR6353,120,2720,Cape Verde,8333
Rep78434,C21540,PR6353,107,1755,Syria,8334
Rep78435,C21540,PR6353,101,1065,Slovenia,8335
Rep78436,C21540,PR6353,125,2950,Macedonia,8336
Rep78437,C21540,PR6353,108,1760,Togo,8337
Rep78438,C21540,PR6353,111,1670,Jordan,8338
Rep78439,C21540,PR6353,125,3045,Portugal,8339
Rep78440,C21540,PR6357,101,1045,Syria,8340
Rep78441,C22107,PR6353,101,1060,Tonga,8341
Rep78442,C22107,PR6353,127,2205,Sweden,8342
Rep78443,C22110,PR6377,113,1405,United Kingdom,8343
Rep78444,C22110,PR6378,157,5055,Vietnam,8344
Rep78445,C22110,PR6378,104,1310,Hungary,8345
Rep78446,C22110,PR6378,125,5100,Dominica,8346
Rep78447,C22110,PR6377,131,2125,Maldives,8347
Rep78448,C22110,PR6381,101,1020,Switzerland,8348
Rep78449,C22110,PR6383,100,3115,Norway,8349
Rep78450,C22110,PR6370,106,1440,Rwanda,8350
Rep78451,C22110,PR6386,110,1390,Greenland,8351
Rep78452,C22110,PR6378,108,2140,The Gambia,8352
Rep78453,C22110,PR6388,157,1575,Saint Kitts and Nevis ,8353
Rep78454,C22110,PR6386,102,1050,Burundi,8354
Rep78455,C22110,PR6386,103,1135,Bosnia and Herzegovina,8355
Rep78456,C22110,PR6381,100,1010,Belarus,8356
Rep78457,C22110,PR6400,147,5960,Estonia,8357
Rep78458,C22110,PR6399,102,1130,Switzerland,8358
Rep78459,C22110,PR6377,175,4890,Lesotho,8359
Rep78460,C22110,PR6378,208,9735,United Kingdom,8360
Rep78461,C22110,PR6381,102,1095,Nauru,8361
Rep78462,C22110,PR6400,147,4860,Equatorial Guinea,8362
Rep78463,C22110,PR6388,130,1910,Kosovo,8363
Rep78464,C22110,PR6378,168,6665,Nigeria,8364
Rep78465,C22110,PR6378,145,4885,Togo,8365
Rep78466,C22110,PR6388,100,1015,The Gambia,8366
Rep78467,C22110,PR6387,118,2070,United Kingdom,8367
Rep78468,C22110,PR6377,110,2890,Benin,8368
Rep78469,C22110,PR6378,166,8260,Belize,8369
Rep78470,C22110,PR6377,115,2080,Tuvalu,8370
Rep78471,C22110,PR6381,107,2265,Dominica,8371
Rep78472,C22110,PR6400,104,1660,Lithuania,8372
Rep78473,C22110,PR6387,107,1265,Ireland,8373
Rep78474,C22110,PR6399,106,1190,Niger,8374
Rep78475,C22110,PR6386,102,1240,Tuvalu,8375
Rep78476,C22110,PR6370,112,1275,Portugal,8376
Rep78477,C22110,PR6387,101,1345,Djibouti,8377
Rep78478,C22110,PR6370,101,1225,Central African Republic,8378
Rep78479,C22110,PR6378,103,2225,Afghanistan,8379
Rep78480,C22110,PR6378,151,8165,Saudi Arabia,8380
Rep78481,C22110,PR6387,102,1145,Indonesia,8381
Rep78482,C22110,PR6370,106,1485,Tuvalu,8382
Rep78483,C22110,PR6387,108,1385,Norway,8383
Rep78484,C22110,PR6388,152,2355,Vietnam,8384
Rep78485,C22110,PR6383,104,1080,Cape Verde,8385
Rep78486,C21607,PR6376,101,1355,Taiwan,8386
Rep78487,C21607,PR6632,84,1005,Croatia,8387
Rep78488,C21607,PR6395,125,14070,Dominica,8388
Rep78489,C21607,PR6395,111,10205,Sri Lanka,8389
Rep78490,C21607,PR6395,100,1460,San Marino,8390
Rep78491,C21607,PR6395,101,2510,Vietnam,8391
Rep78492,C21607,PR6376,100,1190,Papua New Guinea,8392
Rep78493,C21607,PR6399,100,1100,Central African Republic,8393
Rep78494,C21607,PR6399,101,1360,Serbia,8394
Rep78495,C21607,PR6395,122,12580,Finland,8395
Rep78496,C21607,PR6399,100,1075,Central African Republic,8396
Rep78497,C21607,PR6399,101,1415,Seychelles ,8397
Rep78498,C21607,PR6395,101,1900,Greenland,8398
Rep78499,C21607,PR6393,86,1055,Cyprus,8399
Rep78500,C21607,PR6399,102,1375,Israel,8400
Rep78501,C21607,PR6399,73,1065,Bhutan,8401
Rep78502,C21607,PR6399,100,1245,South Korea,8402
Rep78503,C21607,PR6407,102,1140,San Marino,8403
Rep78504,C21607,PR6399,100,1135,Namibia,8404
Rep78505,C21607,PR6395,101,1520,Greenland,8405
Rep78506,C21607,PR6399,100,1210,Monaco,8406
Rep78507,C21607,PR6395,104,2670,Qatar,8407
Rep78508,C21607,PR6383,64,1060,Japan,8408
Rep78509,C21607,PR6399,100,1310,Seychelles ,8409
Rep78510,C21607,PR6371,103,1285,Maldives,8410
Rep78511,C21607,PR6399,101,2025,Solomon Islands,8411
Rep78512,C21572,PR6377,110,1680,Pakistan,8412
Rep78513,C21572,PR6385,100,1085,Italy,8413
Rep78514,C21572,PR6399,103,1365,Liechtenstein,8414
Rep78515,C21572,PR6383,101,3085,Thailand,8415
Rep78516,C21572,PR6383,122,5895,Liberia,8416
Rep78517,C21572,PR6383,102,1460,Ukraine,8417
Rep78518,C21572,PR6395,377,52235,Mauritania,8418
Rep78519,C21572,PR6399,245,18635,Myanmar,8419
Rep78520,C21572,PR6385,101,1785,Vietnam,8420
Rep78521,C21572,PR6395,128,4950,Trinidad and Tobago,8421
Rep78522,C21572,PR6399,102,1205,Chad,8422
Rep78523,C21572,PR6385,128,1460,United Arab Emirates,8423
Rep78524,C21572,PR6399,113,2630,Burundi,8424
Rep78525,C21572,PR6385,101,1430,Morocco,8425
Rep78526,C21572,PR6395,185,17500,Slovenia,8426
Rep78527,C21572,PR6392,102,1175,South Korea,8427
Rep78528,C21572,PR6383,102,1505,Mauritius ,8428
Rep78529,C21572,PR6398,94,1015,El Salvador,8429
Rep78530,C21572,PR6395,219,25380,Dominica,8430
Rep78531,C21572,PR6587,100,1025,South Sudan,8431
Rep78532,C21572,PR6587,100,1030,Palau,8432
Rep78533,C21572,PR6399,108,2125,Morocco,8433
Rep78534,C21572,PR6377,104,1250,Ireland,8434
Rep78535,C21572,PR6392,114,2185,Uzbekistan,8435
Rep78536,C21572,PR6378,101,1240,Ukraine,8436
Rep78537,C21572,PR6378,101,1145,Portugal,8437
Rep78538,C21576,PR6395,100,1650,Belarus,8438
Rep78539,C21576,PR6395,101,2520,Saudi Arabia,8439
Rep78540,C21576,PR6399,100,1420,Swaziland,8440
Rep78541,C21576,PR6395,101,1895,Gabon,8441
Rep78542,C21576,PR6378,101,1410,Cote d'Ivoire,8442
Rep78543,C21576,PR6378,101,1365,Costa Rica,8443
Rep78544,C21576,PR6399,100,1175,Serbia,8444
Rep78545,C21576,PR6395,101,2340,Spain,8445
Rep78546,C21576,PR6395,100,1905,Mongolia,8446
Rep78547,C21576,PR6381,101,1105,Costa Rica,8447
Rep78548,C21576,PR6395,100,1665,Chad,8448
Rep78549,C21576,PR6395,100,1465,Philippines,8449
Rep78550,C21576,PR6395,101,2660,Guinea,8450
Rep78551,C21576,PR6378,100,1140,Nicaragua,8451
Rep78552,C21576,PR6399,76,1105,Palau,8452
Rep78553,C21576,PR6395,101,1155,New Zealand,8453
Rep78554,C21576,PR6378,102,2055,Lebanon,8454
Rep78555,C21576,PR6395,68,1405,Afghanistan,8455
Rep78556,C21576,PR6399,77,1125,Angola,8456
Rep78557,C21576,PR6395,101,1085,Slovakia,8457
Rep78558,C21576,PR6381,102,1605,Guinea-Bissau,8458
Rep78559,C21576,PR6381,100,1135,Greenland,8459
Rep78560,C21576,PR6378,101,1225,Libya,8460
Rep78561,C21576,PR6395,62,1290,Nepal,8461
Rep78562,C21576,PR6395,101,3580,Tanzania,8462
Rep78563,C21576,PR6378,100,1150,Libya,8463
Rep78564,C21576,PR6378,100,1150,Brunei,8464
Rep78565,C21576,PR6378,100,1185,Iraq,8465
Rep78566,C21576,PR6407,101,2705,Samoa ,8466
Rep78567,C21576,PR6381,101,1140,The Bahamas,8467
Rep78568,C21576,PR6399,75,1095,Russia,8468
Rep78569,C21576,PR6395,70,1450,Algeria,8469
Rep78570,C21576,PR6395,100,1505,Malta,8470
Rep78571,C21576,PR6381,100,1135,Bangladesh,8471
Rep78572,C21576,PR6399,77,1120,Bangladesh,8472
Rep78573,C21576,PR6378,100,1140,Macedonia,8473
Rep78574,C21576,PR6399,77,1120,Panama,8474
Rep78575,C21576,PR6399,100,1185,Marshall Islands,8475
Rep78576,C21582,PR6395,106,1655,Bangladesh,8476
Rep78577,C21582,PR6378,118,2980,Ireland,8477
Rep78578,C21582,PR6378,110,2570,India,8478
Rep78579,C21582,PR6395,102,1680,Lesotho,8479
Rep78580,C21582,PR6378,103,1805,Sudan,8480
Rep78581,C21582,PR6378,110,2570,Norway,8481
Rep78582,C21582,PR6378,100,1180,Vanuatu,8482
Rep78583,C21582,PR6378,118,3585,Fiji,8483
Rep78584,C21582,PR6378,101,1320,North Korea,8484
Rep78585,C21582,PR6378,100,1210,Indonesia,8485
Rep78586,C21582,PR6395,103,1695,New Zealand,8486
Rep78587,C21582,PR6378,120,2695,Madagascar,8487
Rep78588,C21582,PR6378,118,2980,Uganda,8488
Rep78589,C21582,PR6395,102,1680,Canada,8489
Rep78590,C21582,PR6378,105,1950,Croatia,8490
Rep78591,C21582,PR6378,105,1950,Lesotho,8491
Rep78592,C21582,PR6395,102,1680,Seychelles ,8492
Rep78593,C21582,PR6378,118,3585,Germany,8493
Rep78594,C21582,PR6378,118,3585,Russia,8494
Rep78595,C21582,PR6378,110,2570,Belgium,8495
Rep78596,C21582,PR6378,118,3585,Cyprus,8496
Rep78597,C21582,PR6378,120,2695,Zimbabwe,8497
Rep78598,C21582,PR6378,101,1320,Nigeria,8498
Rep78599,C21582,PR6378,101,1295,Ethiopia,8499
Rep78600,C21582,PR6378,110,2570,Cape Verde,8500
Rep78601,C21582,PR6378,101,1320,Guatemala,8501
Rep78602,C21582,PR6378,110,2405,Mauritania,8502
Rep78603,C21582,PR6378,120,2695,Greenland,8503
Rep78604,C21582,PR6378,118,2980,Ireland,8504
Rep78605,C21582,PR6378,110,2570,Nigeria,8505
Rep78606,C21582,PR6395,102,1680,Mauritania,8506
Rep78607,C21582,PR6378,120,2695,Malaysia,8507
Rep78608,C21833,PR6381,108,1310,Liberia,8508
Rep78609,C21833,PR6383,113,1635,India,8509
Rep78610,C21833,PR6381,104,1155,Saudi Arabia,8510
Rep78611,C21833,PR6628,211,4245,The Gambia,8511
Rep78612,C21833,PR6378,394,11270,Czech Republic,8512
Rep78613,C21833,PR6392,608,24205,Belize,8513
Rep78614,C21833,PR6392,4266,3540,Slovenia,8514
Rep78615,C21595,PR6399,102,1190,Bhutan,8515
Rep78616,C21595,PR6399,117,2130,Liechtenstein,8516
Rep78617,C21595,PR6399,102,1185,South Africa,8517
Rep78618,C21595,PR6399,103,1225,Tonga,8518
Rep78619,C21595,PR6378,121,2605,Oman,8519
Rep78620,C21595,PR6399,118,1590,Macedonia,8520
Rep78621,C21595,PR6395,105,2630,Finland,8521
Rep78622,C21595,PR6382,122,2365,Thailand,8522
Rep78623,C21595,PR6395,106,4630,Madagascar,8523
Rep78624,C21595,PR6395,125,8815,Kenya,8524
Rep78625,C21595,PR6382,108,1825,Italy,8525
Rep78626,C21595,PR6395,108,2255,Croatia,8526
Rep78627,C21595,PR6399,70,1020,Azerbaijan,8527
Rep78628,C21591,PR6381,111,2530,Togo,8528
Rep78629,C21591,PR6395,120,6125,Luxembourg,8529
Rep78630,C21591,PR6399,112,3705,Palau,8530
Rep78631,C21591,PR6381,114,2845,Chad,8531
Rep78632,C21593,PR6381,138,3310,Iraq,8532
Rep78633,C21593,PR6407,117,3635,Namibia,8533
Rep78634,C21593,PR6381,135,2415,Russia,8534
Rep78635,C21593,PR6381,120,1955,Niger,8535
Rep78636,C21593,PR6399,102,1210,China,8536
Rep78637,C21593,PR6407,122,3075,Indonesia,8537
Rep78638,C21593,PR6381,138,2850,Turkey,8538
Rep78639,C21593,PR6407,104,1795,Papua New Guinea,8539
Rep78640,C21593,PR6399,102,1300,Nigeria,8540
Rep78641,C21593,PR6381,156,3585,Montenegro,8541
Rep78642,C21593,PR6407,106,2060,Comoros,8542
Rep78643,C21593,PR6381,124,2260,Spain,8543
Rep78644,C21593,PR6407,116,3335,Japan,8544
Rep78645,C21593,PR6381,131,2525,Norway,8545
Rep78646,C21593,PR6407,118,2850,Tunisia ,8546
Rep78647,C21593,PR6381,144,3015,Nigeria,8547
Rep78648,C21712,PR6596,833,2140,China,8548
Rep78649,C21712,PR6399,135,2560,Russia,8549
Rep78650,C21712,PR6625,101,1835,Andorra,8550
Rep78651,C21712,PR6625,100,1450,Latvia,8551
Rep78652,C21712,PR6596,108,1050,Kuwait,8552
Rep78653,C21712,PR6596,118,1395,Zimbabwe,8553
Rep78654,C21712,PR6596,100,1030,Lebanon,8554
Rep78655,C21712,PR6400,238,14800,Costa Rica,8555
Rep78656,C21712,PR6596,133,2090,Papua New Guinea,8556
Rep78657,C21712,PR6596,113,1190,Iraq,8557
Rep78658,C21712,PR6596,101,3325,Malta,8558
Rep78659,C21712,PR6596,101,1145,Kenya,8559
Rep78660,C21619,PR6596,141,9080,Eritrea,8560
Rep78661,C21619,PR6404,117,6570,Burkina Faso,8561
Rep78662,C21619,PR6404,197,11420,Georgia,8562
Rep78663,C21619,PR6404,108,6420,Malta,8563
Rep78664,C21619,PR6404,122,7310,Fiji,8564
Rep78665,C21739,PR6678,154,4660,Mauritania,8565
Rep78666,C21739,PR6646,66,1135,Latvia,8566
Rep78667,C21739,PR6629,116,1625,Uganda,8567
Rep78668,C21739,PR6686,101,1510,Fiji,8568
Rep78669,C21739,PR6670,103,1190,Tuvalu,8569
Rep78670,C21739,PR6643,102,2110,Palau,8570
Rep78671,C21739,PR6688,105,2080,Nicaragua,8571
Rep78672,C21739,PR6669,101,1125,Azerbaijan,8572
Rep78673,C21739,PR6646,106,2560,Honduras,8573
Rep78674,C21739,PR6671,180,3210,Norway,8574
Rep78675,C21739,PR6660,100,1075,Bhutan,8575
Rep78676,C21739,PR6667,246,6775,Brunei,8576
Rep78677,C21739,PR6645,107,2075,Philippines,8577
Rep78678,C21739,PR6643,101,1555,Albania,8578
Rep78679,C21739,PR6628,101,1120,Netherlands,8579
Rep78680,C21739,PR6675,157,3750,Uganda,8580
Rep78681,C21739,PR6645,69,1050,Rwanda,8581
Rep78682,C21739,PR6644,44,1145,Niger,8582
Rep78683,C21739,PR6669,101,1185,France,8583
Rep78684,C21739,PR6686,211,5830,Somalia,8584
Rep78685,C21739,PR6645,71,1085,Turkey,8585
Rep78686,C21739,PR6639,101,1230,Mexico,8586
Rep78687,C21739,PR6677,37,1055,Tajikistan,8587
Rep78688,C21739,PR6678,565,16495,Macedonia,8588
Rep78689,C21739,PR6666,100,1170,Eritrea,8589
Rep78690,C21739,PR6678,104,1360,Madagascar,8590
Rep78691,C21739,PR6661,105,1525,Iran,8591
Rep78692,C21739,PR6628,108,1625,Sao Tome and Principe,8592
Rep78693,C21739,PR6684,110,1450,Comoros,8593
Rep78694,C21739,PR6679,105,1340,Brunei,8594
Rep78695,C21739,PR6645,73,1110,Zambia,8595
Rep78696,C21739,PR6639,102,1385,Federated States of Micronesia,8596
Rep78697,C21739,PR6684,269,10200,Barbados,8597
Rep78698,C21739,PR6675,36,1055,Dominica,8598
Rep78699,C21739,PR6684,113,1670,Djibouti,8599
Rep78700,C21739,PR6409,111,1470,Sri Lanka,8600
Rep78701,C21739,PR6671,206,4165,Republic of the Congo,8601
Rep78702,C21739,PR6667,101,1055,Kiribati,8602
Rep78703,C21739,PR6670,133,3010,South Korea,8603
Rep78704,C21739,PR6669,100,1125,Eritrea,8604
Rep78705,C21739,PR6678,101,1135,The Bahamas,8605
Rep78706,C21739,PR6659,125,2550,Poland,8606
Rep78707,C21739,PR6667,100,1105,Andorra,8607
Rep78708,C21739,PR6679,106,1215,Turkey,8608
Rep78709,C21739,PR6641,102,1425,Ukraine,8609
Rep78710,C21739,PR6646,69,1195,Barbados,8610
Rep78711,C21739,PR6645,76,1155,Mauritania,8611
Rep78712,C21739,PR6685,872,24195,South Korea,8612
Rep78713,C21624,PR6439,27988,52180,Solomon Islands,8613
Rep78714,C21624,PR6439,31677,65940,Trinidad and Tobago,8614
Rep78715,C21624,PR6439,20044,34210,Kyrgyzstan,8615
Rep78716,C21624,PR6439,22950,48600,United States of America,8616
Rep78717,C21624,PR6414,24078,9200,Greece,8617
Rep78718,C21624,PR6414,26869,8375,Afghanistan,8618
Rep78719,C21624,PR6414,56711,17600,Moldova ,8619
Rep78720,C21624,PR6414,48816,17685,Uzbekistan,8620
Rep78721,C21624,PR6439,6488,16290,Laos,8621
Rep78722,C21624,PR6427,13155,14480,Monaco,8622
Rep78723,C21624,PR6439,12488,27325,Czech Republic,8623
Rep78724,C21624,PR6414,61387,21730,Qatar,8624
Rep78725,C21624,PR6439,561,1745,Switzerland,8625
Rep78726,C21624,PR6415,3261,1655,Fiji,8626
Rep78727,C21624,PR6439,24988,45505,Azerbaijan,8627
Rep78728,C21624,PR6418,80993,33330,Qatar,8628
Rep78729,C21624,PR6427,27845,21405,Mongolia,8629
Rep78730,C21624,PR6418,13600,4860,Kazakhstan,8630
Rep78731,C21626,PR6417,122170,41910,Denmark,8631
Rep78732,C21626,PR6418,74377,23505,United States of America,8632
Rep78733,C21626,PR6417,87491,27865,Lebanon,8633
Rep78734,C21626,PR6417,249132,61985,Iran,8634
Rep78735,C21626,PR6418,64830,18840,Syria,8635
Rep78736,C21626,PR6415,8998,3325,Dominican Republic,8636
Rep78737,C21626,PR6415,12988,5060,Yemen,8637
Rep78738,C21626,PR6418,55338,14695,Djibouti,8638
Rep78739,C21626,PR6417,82122,26195,Croatia,8639
Rep78740,C21626,PR6418,61971,14955,Ghana,8640
Rep78741,C21626,PR6418,26521,6480,Cape Verde,8641
Rep78742,C21626,PR6417,26943,9415,Tajikistan,8642
Rep78743,C21626,PR6418,178390,27165,Federated States of Micronesia,8643
Rep78744,C21626,PR6417,168485,56415,Russia,8644
Rep78745,C21626,PR6418,6823,2975,South Sudan,8645
Rep78746,C21628,PR6417,33405,21745,Ethiopia,8646
Rep78747,C21628,PR6417,12143,8495,Mexico,8647
Rep78748,C21628,PR6415,2573,2635,Tajikistan,8648
Rep78749,C21628,PR6417,25071,17200,Saudi Arabia,8649
Rep78750,C21628,PR6417,22628,15370,Cambodia,8650
Rep78751,C21628,PR6417,38172,25640,Sweden,8651
Rep78752,C21628,PR6415,12829,3455,Taiwan,8652
Rep78753,C21628,PR6417,47047,18145,Azerbaijan,8653
Rep78754,C21628,PR6416,7044,2460,Finland,8654
Rep78755,C21628,PR6417,25447,17740,Tunisia ,8655
Rep78756,C21628,PR6415,15447,3435,Sierra Leone,8656
Rep78757,C21635,PR6447,108890,82070,Malaysia,8657
Rep78758,C21635,PR6444,443006,208830,Tajikistan,8658
Rep78759,C21635,PR6452,7147,17155,Iran,8659
Rep78760,C21635,PR6442,6958,7390,Kenya,8660
Rep78761,C21635,PR6440,112816,36980,Greece,8661
Rep78762,C21635,PR6442,2100,2715,Ghana,8662
Rep78763,C21635,PR6440,31501,12345,Cape Verde,8663
Rep78764,C21635,PR6452,16842,39700,Turkey,8664
Rep78765,C21635,PR6442,45532,34105,Poland,8665
Rep78766,C21635,PR6440,23103,8390,Burkina Faso,8666
Rep78767,C21635,PR6442,26965,20735,Libya,8667
Rep78768,C21635,PR6444,536369,263755,Chad,8668
Rep78769,C21635,PR6447,121561,86415,Eritrea,8669
Rep78770,C21635,PR6452,5171,12910,Yemen,8670
Rep78771,C21635,PR6444,257947,117215,Tajikistan,8671
Rep78772,C21635,PR6440,37409,12555,Greenland,8672
Rep78773,C21635,PR6449,12967,12030,Saint Kitts and Nevis ,8673
Rep78774,C21635,PR6447,201563,144045,Marshall Islands,8674
Rep78775,C21635,PR6447,103895,85550,Rwanda,8675
Rep78776,C21635,PR6452,4006,9805,Algeria,8676
Rep78777,C21635,PR6447,99417,78395,Mexico,8677
Rep78778,C21635,PR6449,16808,15430,Philippines,8678
Rep78779,C21635,PR6440,73041,27615,Lesotho,8679
Rep78780,C21635,PR6449,23854,20585,New Zealand,8680
Rep78781,C21635,PR6444,247619,124305,South Africa,8681
Rep78782,C21635,PR6442,36187,25595,Algeria,8682
Rep78783,C21635,PR6440,59870,21550,France,8683
Rep78784,C21635,PR6452,3532,9280,Greece,8684
Rep78785,C21635,PR6447,84910,66855,Cambodia,8685
Rep78786,C21635,PR6447,2783,2880,Switzerland,8686
Rep78787,C21635,PR6444,463914,231960,Kiribati,8687
Rep78788,C21635,PR6444,803481,392505,Guinea-Bissau,8688
Rep78789,C21635,PR6444,318176,156780,Latvia,8689
Rep78790,C21635,PR6440,208986,64335,Costa Rica,8690
Rep78791,C21635,PR6447,102042,73400,New Zealand,8691
Rep78792,C21635,PR6442,11766,14685,Dominican Republic,8692
Rep78793,C21635,PR6452,9309,20925,Luxembourg,8693
Rep78794,C21635,PR6444,393806,191765,Gabon,8694
Rep78795,C21635,PR6449,10987,10310,Mauritius ,8695
Rep78796,C21635,PR6449,12331,11380,Qatar,8696
Rep78797,C21888,PR6474,12046,27490,San Marino,8697
Rep78798,C21888,PR6474,4516,11000,Norway,8698
Rep78799,C21888,PR6474,2438,6300,Fiji,8699
Rep78800,C21648,PR6475,10211,11330,Myanmar,8700
Rep78801,C21648,PR6475,42400,45525,Tonga,8701
Rep78802,C21648,PR6478,577,2160,Malaysia,8702
Rep78803,C21648,PR6476,96243,199955,Cameroon,8703
Rep78804,C21648,PR6475,126288,353370,Costa Rica,8704
Rep78805,C22115,PR6475,42197,135730,France,8705
Rep78806,C22115,PR6475,25204,115400,India,8706
Rep78807,C22115,PR6475,67983,302570,Switzerland,8707
Rep78808,C22115,PR6475,100935,527080,Philippines,8708
Rep78809,C21653,PR6478,3794,20200,Samoa ,8709
Rep78810,C21653,PR6478,7648,28725,Democratic Republic of the Congo,8710
Rep78811,C21653,PR6478,6182,31015,Madagascar,8711
Rep78812,C21653,PR6478,107,39925,Laos,8712
Rep78813,C21653,PR6478,2775,13770,Albania,8713
Rep78814,C22265,PR6618,137,5805,The Bahamas,8714
Rep78815,C22265,PR6618,112,2275,Nauru,8715
Rep78816,C22265,PR6618,105,1390,South Sudan,8716
Rep78817,C22265,PR6534,3045,6555,Saint Kitts and Nevis ,8717
Rep78818,C22265,PR6618,129,3935,Federated States of Micronesia,8718
Rep78819,C22265,PR6618,103,1155,Italy,8719
Rep78820,C22265,PR6618,108,1580,Marshall Islands,8720
Rep78821,C22265,PR6618,111,1990,Slovenia,8721
Rep78822,C22265,PR6534,1804,3560,Belarus,8722
Rep78823,C22265,PR6618,113,2270,Sweden,8723
Rep78824,C22265,PR6618,113,2245,Botswana,8724
Rep78825,C22265,PR6529,233,3585,Qatar,8725
Rep78826,C22265,PR6618,103,1225,Bangladesh,8726
Rep78827,C22265,PR6618,133,5050,Republic of the Congo,8727
Rep78828,C22265,PR6534,8208,14865,Romania,8728
Rep78829,C22265,PR6618,103,1395,United Arab Emirates,8729
Rep78830,C22265,PR6534,3541,5865,Serbia,8730
Rep78831,C22265,PR6618,4966,27055,Macedonia,8731
Rep78832,C22265,PR6618,103,1455,Djibouti,8732
Rep78833,C22265,PR6618,106,1645,Tuvalu,8733
Rep78834,C22265,PR6618,101,1125,Vietnam,8734
Rep78835,C22265,PR6618,113,2160,China,8735
Rep78836,C22265,PR6618,102,1365,South Sudan,8736
Rep78837,C22265,PR6618,102,1255,Mozambique,8737
Rep78838,C22265,PR6618,103,1145,Ireland,8738
Rep78839,C22265,PR6534,1813,3425,Marshall Islands,8739
Rep78840,C22265,PR6526,12881,10485,Bulgaria,8740
Rep78841,C22265,PR6618,2495,13650,Iran,8741
Rep78842,C22265,PR6534,2183,4130,Guatemala,8742
Rep78843,C22265,PR6618,118,2295,Costa Rica,8743
Rep78844,C22265,PR6526,38807,29725,Monaco,8744
Rep78845,C22265,PR6618,103,1315,Montenegro,8745
Rep78846,C22265,PR6618,110,1860,Qatar,8746
Rep78847,C22265,PR6533,3279,5440,Czech Republic,8747
Rep78848,C22265,PR6632,103,1205,Trinidad and Tobago,8748
Rep78849,C22265,PR6534,2387,5185,India,8749
Rep78850,C22265,PR6618,113,1745,Saint Vincent and the Grenadines,8750
Rep78851,C22265,PR6618,103,1290,Guatemala,8751
Rep78852,C22265,PR6529,188,1565,Ireland,8752
Rep78853,C22265,PR6618,110,1980,Georgia,8753
Rep78854,C22265,PR6618,103,1405,Andorra,8754
Rep78855,C22265,PR6618,104,1420,Mauritius ,8755
Rep78856,C22265,PR6618,121,2380,Cambodia,8756
Rep78857,C22265,PR6618,116,2620,Mali,8757
Rep78858,C22265,PR6618,152,6350,United Kingdom,8758
Rep78859,C22265,PR6522,109,1205,Iceland,8759
Rep78860,C22265,PR6526,12886,10205,Papua New Guinea,8760
Rep78861,C22265,PR6618,101,1090,Mauritania,8761
Rep78862,C22265,PR6618,101,1165,Lesotho,8762
Rep78863,C22265,PR6618,105,1475,Botswana,8763
Rep78864,C22265,PR6618,108,1505,Saint Lucia,8764
Rep78865,C22265,PR6618,174,9250,Ghana,8765
Rep78866,C21952,PR6544,12877,12530,Russia,8766
Rep78867,C21952,PR6534,2040,4555,Thailand,8767
Rep78868,C21952,PR6544,2956,5240,Norway,8768
Rep78869,C21952,PR6534,12857,24910,Laos,8769
Rep78870,C21952,PR6544,112,12530,Vanuatu,8770
Rep78871,C21952,PR6534,10672,20400,Uzbekistan,8771
Rep78872,C21952,PR6544,5865,9555,Liberia,8772
Rep78873,C21952,PR6544,12877,12530,Uzbekistan,8773
Rep78874,C21952,PR6544,12877,12530,The Gambia,8774
Rep78875,C21950,PR6542,31116,27750,Taiwan,8775
Rep78876,C21950,PR6542,13458,13065,Malaysia,8776
Rep78877,C21950,PR6542,5720,2545,Iceland,8777
Rep78878,C21950,PR6542,32671,30215,Azerbaijan,8778
Rep78879,C21950,PR6542,14002,19015,Portugal,8779
Rep78880,C21950,PR6542,13567,13620,Central African Republic,8780
Rep78881,C21950,PR6542,22462,20500,Israel,8781
Rep78882,C21950,PR6542,1433,1965,Honduras,8782
Rep78883,C21950,PR6542,21558,20175,Dominican Republic,8783
Rep78884,C21950,PR6542,9702,9660,Mongolia,8784
Rep78885,C21950,PR6542,38115,33750,Samoa ,8785
Rep78886,C21950,PR6542,15811,11920,Canada,8786
Rep78887,C21663,PR6544,91640,85610,Togo,8787
Rep78888,C21663,PR6544,118868,110840,Nicaragua,8788
Rep78889,C21663,PR6544,135105,79950,Algeria,8789
Rep78890,C21663,PR6544,71575,67005,Bosnia and Herzegovina,8790
Rep78891,C21663,PR6544,53410,57825,Madagascar,8791
Rep78892,C21663,PR6544,122036,131160,Equatorial Guinea,8792
Rep78893,C21663,PR6544,65246,70845,Thailand,8793
Rep78894,C21663,PR6544,94360,88175,Georgia,8794
Rep78895,C21668,PR6552,11280,26220,Cape Verde,8795
Rep78896,C21668,PR6552,12255,25455,Mozambique,8796
Rep78897,C21668,PR6552,2366,4560,Belgium,8797
Rep78898,C21668,PR6552,1800,3670,Maldives,8798
Rep78899,C21668,PR6552,11766,14475,Tuvalu,8799
Rep78900,C21668,PR6552,47100,56440,Armenia,8800
Rep78901,C21668,PR6552,7325,16640,Maldives,8801
Rep78902,C21668,PR6552,7419,16445,South Sudan,8802
Rep78903,C21668,PR6552,23433,26950,Philippines,8803
Rep78904,C21668,PR6552,11766,14060,Canada,8804
Rep78905,C21668,PR6552,1783,4830,Sierra Leone,8805
Rep78906,C21668,PR6552,12177,26100,Iran,8806
Rep78907,C21668,PR6552,18060,35590,Malta,8807
Rep78908,C21668,PR6552,16675,39475,Samoa ,8808
Rep78909,C21668,PR6552,4348,11645,Malaysia,8809
Rep78910,C21668,PR6552,11766,13565,Germany,8810
Rep78911,C21668,PR6552,13133,16310,Greece,8811
Rep78912,C21668,PR6552,24288,52260,Brunei,8812
Rep78913,C21668,PR6552,5402,12480,Singapore,8813
Rep78914,C21668,PR6552,8728,20555,Sao Tome and Principe,8814
Rep78915,C21668,PR6552,35100,40370,Estonia,8815
Rep78916,C21668,PR6552,157,1180,North Korea,8816
Rep78917,C21668,PR6552,12616,20885,Hungary,8817
Rep78918,C21668,PR6552,7711,17235,Kazakhstan,8818
Rep78919,C21668,PR6552,24355,51350,Eritrea,8819
Rep78920,C21668,PR6552,655,1875,Sweden,8820
Rep78921,C21752,PR6702,381,5540,Yemen,8821
Rep78922,C21752,PR6701,663,6785,Georgia,8822
Rep78923,C21752,PR6701,4811,29965,Tuvalu,8823
Rep78924,C21752,PR6702,4779,30415,Guinea-Bissau,8824
Rep78925,C21752,PR6625,107,1310,Libya,8825
Rep78926,C21752,PR6696,838,3890,Israel,8826
Rep78927,C21752,PR6697,377,2550,Serbia,8827
Rep78928,C21752,PR6702,263,3575,Yemen,8828
Rep78929,C21752,PR6704,186,3500,Grenada,8829
Rep78930,C21752,PR6702,381,5540,Marshall Islands,8830
Rep78931,C21752,PR6701,350,3100,Jamaica,8831
Rep78932,C21752,PR6696,7805,41475,Italy,8832
Rep78933,C21752,PR6702,152,1490,Sao Tome and Principe,8833
Rep78934,C21752,PR6702,402,2860,India,8834
Rep78935,C21752,PR6563,113,1145,Namibia,8835
Rep78936,C21752,PR6696,156,1705,Mexico,8836
Rep78937,C21752,PR6702,458,4310,Germany,8837
Rep78938,C21752,PR6652,105,1190,Senegal,8838
Rep78939,C21752,PR6696,251,1925,Slovenia,8839
Rep78940,C21752,PR6702,458,4310,Vietnam,8840
Rep78941,C21752,PR6701,663,6785,Greenland,8841
Rep78942,C21752,PR6702,4576,47430,Mozambique,8842
Rep78943,C21752,PR6704,152,2510,Indonesia,8843
Rep78944,C21752,PR6702,748,7640,Dominica,8844
Rep78945,C21752,PR6702,522,7960,Liberia,8845
Rep78946,C22119,PR6564,59311,108775,France,8846
Rep78947,C22119,PR6564,12623,25870,Sao Tome and Principe,8847
Rep78948,C22119,PR6570,3111,8835,Austria,8848
Rep78949,C22119,PR6564,2177,5115,Vatican City,8849
Rep78950,C22119,PR6564,24072,47060,Namibia,8850
Rep78951,C22119,PR6564,33952,62810,Georgia,8851
Rep78952,C22119,PR6570,2827,8030,Saint Lucia,8852
Rep78953,C22119,PR6570,8636,17875,Vietnam,8853
Rep78954,C22119,PR6568,6016,12945,Botswana,8854
Rep78955,C22119,PR6570,2291,5370,Marshall Islands,8855
Rep78956,C22119,PR6570,547,8800,Malaysia,8856
Rep78957,C22119,PR6564,32502,66320,South Korea,8857
Rep78958,C22119,PR6568,9468,19090,Armenia,8858
Rep78959,C22119,PR6567,1033,2970,Indonesia,8859
Rep78960,C22119,PR6570,2853,7875,Samoa ,8860
Rep78961,C22119,PR6567,255,1330,Botswana,8861
Rep78962,C22119,PR6564,4741,8430,Malaysia,8862
Rep78963,C22119,PR6570,9105,19195,China,8863
Rep78964,C21817,PR6579,1905,19270,Gabon,8864
Rep78965,C21678,PR6582,2477,30700,Kosovo,8865
Rep78966,C21678,PR6582,140,2370,Netherlands,8866
Rep78967,C21678,PR6582,6268,60005,Cyprus,8867
Rep78968,C21678,PR6582,4505,40280,Mauritius ,8868
Rep78969,C21678,PR6582,1822,28410,Honduras,8869
Rep78970,C21678,PR6582,1066,21865,Malawi,8870
Rep78971,C21678,PR6582,743,9330,Estonia,8871
Rep78972,C21678,PR6582,6188,58365,Costa Rica,8872
Rep78973,C21678,PR6582,377,3560,Guinea,8873
Rep78974,C21678,PR6582,2877,20545,The Bahamas,8874
Rep78975,C21956,PR6595,177,1670,Russia,8875
Rep78976,C21956,PR6595,116,2150,Moldova ,8876
Rep78977,C21956,PR6595,146,5680,Somalia,8877
Rep78978,C21956,PR6595,177,1670,Sri Lanka,8878
Rep78979,C21956,PR6595,102,1035,Turkmenistan,8879
Rep78980,C21956,PR6595,102,1080,Lesotho,8880
Rep78981,C21956,PR6595,177,1670,Netherlands,8881
Rep78982,C21956,PR6595,177,210785,South Sudan,8882
Rep78983,C21956,PR6595,109,1555,Djibouti,8883
Rep78984,C21956,PR6595,154,10150,South Korea,8884
Rep78985,C21956,PR6595,101,1035,Lesotho,8885
Rep78986,C21759,PR6596,101,1055,Tunisia ,8886
Rep78987,C21759,PR6678,122,2100,Benin,8887
Rep78988,C21759,PR6675,1044,37895,Saint Kitts and Nevis ,8888
Rep78989,C21759,PR6659,771,33175,Botswana,8889
Rep78990,C21759,PR6675,238,3035,Saint Lucia,8890
Rep78991,C21759,PR6675,1161,62005,France,8891
Rep78992,C21759,PR6596,100,1100,Federated States of Micronesia,8892
Rep78993,C21759,PR6659,1647,68560,Sweden,8893
Rep78994,C21759,PR6675,35,1020,Romania,8894
Rep78995,C21759,PR6683,663,31545,Israel,8895
Rep78996,C21759,PR6595,101,1045,Italy,8896
Rep78997,C21759,PR6678,270,7740,Cape Verde,8897
Rep78998,C21759,PR6675,266,8815,Thailand,8898
Rep78999,C21759,PR6595,101,1040,Cuba,8899
Rep79000,C21759,PR6670,674,29680,Germany,8900
Rep79001,C21759,PR6684,130,2780,Saint Lucia,8901
Rep79002,C21759,PR6659,1552,90590,Cambodia,8902
Rep79003,C21759,PR6686,100,1030,Kiribati,8903
Rep79004,C21759,PR6596,102,1115,Albania,8904
Rep79005,C21697,PR6596,144,2825,Ghana,8905
Rep79006,C21697,PR6595,138,2605,Antigua and Barbuda ,8906
Rep79007,C21697,PR6596,140,2795,Botswana,8907
Rep79008,C21697,PR6595,173,4310,Greenland,8908
Rep79009,C21697,PR6596,122,1905,Poland,8909
Rep79010,C21697,PR6595,112,1550,Vietnam,8910
Rep79011,C21697,PR6596,152,5035,Iraq,8911
Rep79012,C21697,PR6596,110,1825,Antigua and Barbuda ,8912
Rep79013,C21694,PR6596,103,1130,Turkmenistan,8913
Rep79014,C21694,PR6616,101,1055,Israel,8914
Rep79015,C21694,PR6596,103,1130,South Africa,8915
Rep79016,C21694,PR6596,103,1130,Cote d'Ivoire,8916
Rep79017,C21694,PR6596,87,1025,Kuwait,8917
Rep79018,C21694,PR6596,105,1320,Philippines,8918
Rep79019,C21694,PR6596,103,1130,Algeria,8919
Rep79020,C21694,PR6671,735,22180,Russia,8920
Rep79021,C21694,PR6678,302,9555,North Korea,8921
Rep79022,C21694,PR6596,100,1005,Andorra,8922
Rep79023,C21694,PR6596,100,1188,Monaco,8923
Rep79024,C21698,PR6596,105,1440,Israel,8924
Rep79025,C21698,PR6596,103,1440,Singapore,8925
Rep79026,C21698,PR6596,111,1965,Turkmenistan,8926
Rep79027,C21698,PR6696,696,8515,Taiwan,8927
Rep79028,C21698,PR6696,112,1205,Armenia,8928
Rep79029,C21698,PR6650,313,3735,Ghana,8929
Rep79030,C21713,PR6596,155,5825,Laos,8930
Rep79031,C21713,PR6618,100,1385,Grenada,8931
Rep79032,C21713,PR6596,256,5605,Bahrain,8932
Rep79033,C21713,PR6596,174,10010,Monaco,8933
Rep79034,C21713,PR6596,130,6070,Slovenia,8934
Rep79035,C21713,PR6596,142,3790,Bulgaria,8935
Rep79036,C21713,PR6596,247,23265,Somalia,8936
Rep79037,C21713,PR6596,145,4945,Vatican City,8937
Rep79038,C21713,PR6596,155,4625,Mauritius ,8938
Rep79039,C21718,PR6656,102,1055,Panama,8939
Rep79040,C21718,PR6648,253,4750,Zambia,8940
Rep79041,C21718,PR6650,2233,35880,Montenegro,8941
Rep79042,C21718,PR6656,106,1160,Montenegro,8942
Rep79043,C21718,PR6656,106,1210,Tuvalu,8943
Rep79044,C21718,PR6650,2162,33095,Cuba,8944
Rep79045,C21718,PR6650,729,12210,Dominica,8945
Rep79046,C21718,PR6650,1206,19230,Guinea,8946
Rep79047,C21718,PR6650,896,13760,Kenya,8947
Rep79048,C21718,PR6596,105,1060,Benin,8948
Rep79049,C21718,PR6656,100,1025,Hungary,8949
Rep79050,C22193,PR6628,123,2335,Libya,8950
Rep79051,C22193,PR6628,118,7055,Lithuania,8951
Rep79052,C22193,PR6628,386,17265,Belize,8952
Rep79053,C22193,PR6628,141,3205,Kuwait,8953
Rep79054,C22193,PR6628,336,19405,Egypt,8954
Rep79055,C22193,PR6628,263,10560,Armenia,8955
Rep79056,C22193,PR6616,211,3865,Cape Verde,8956
Rep79057,C21775,PR6703,6170,59185,Romania,8957
Rep79058,C21775,PR6696,2130,11825,Kyrgyzstan,8958
Rep79059,C21775,PR6696,5252,26835,Mali,8959
Rep79060,C21775,PR6696,848,7085,Netherlands,8960
Rep79061,C21775,PR6696,5252,26835,Grenada,8961
Rep79062,C21775,PR6703,1644,15800,Armenia,8962
Rep79063,C21775,PR6696,1978,16330,Latvia,8963
Rep79064,C21775,PR6703,3356,32220,Saudi Arabia,8964
Rep79065,C21775,PR6703,1827,2725,Tuvalu,8965
Rep79066,C21775,PR6703,2816,27040,Somalia,8966
Rep79067,C21775,PR6703,1827,2725,Netherlands,8967
Rep79068,C21775,PR6695,1741,5725,Romania,8968
Rep79069,C21775,PR6703,1532,14730,South Korea,8969
Rep79070,C21775,PR6703,150,1370,Finland,8970
Rep79071,C21775,PR6696,690,6915,Hungary,8971
Rep79072,C21775,PR6703,1756,16870,United States of America,8972
Rep79073,C21775,PR6696,2536,13290,Jordan,8973
Rep79074,C21775,PR6697,437,3545,Vanuatu,8974
Rep79075,C21775,PR6703,3419,30155,Belize,8975
Rep79076,C21775,PR6704,5184,49050,South Sudan,8976
Rep79077,C21775,PR6696,1478,7735,Mali,8977
Rep79078,C21775,PR6620,105,2015,Haiti,8978
Rep79079,C21775,PR6696,3744,20185,Norway,8979
Rep79080,C21775,PR6696,1197,6595,South Africa,8980
Rep79081,C21775,PR6696,6280,60815,Bulgaria,8981
Rep79082,C21775,PR6696,855,5865,Dominica,8982
Rep79083,C21775,PR6696,201,2005,Malta,8983
Rep79084,C21775,PR6704,452,5260,Fiji,8984
Rep79085,C21736,PR6625,223,5295,Singapore,8985
Rep79086,C21736,PR6625,166,3695,Denmark,8986
Rep79087,C21736,PR6625,131,2105,Tanzania,8987
Rep79088,C21736,PR6625,447,12150,Romania,8988
Rep79089,C21736,PR6625,100,1005,Grenada,8989
Rep79090,C21736,PR6625,201,4620,Turkey,8990
Rep79091,C21736,PR6625,151,2905,Yemen,8991
Rep79092,C21736,PR6625,491,15170,South Sudan,8992
Rep79093,C21736,PR6625,201,4610,Lebanon,8993
Rep79094,C21736,PR6625,193,4710,The Gambia,8994
Rep79095,C21736,PR6625,235,6450,Federated States of Micronesia,8995
Rep79096,C21736,PR6625,332,10245,Costa Rica,8996
Rep79097,C21736,PR6625,429,11485,Croatia,8997
Rep79098,C21736,PR6625,610,9615,Tunisia ,8998
Rep79099,C21736,PR6625,106,1225,France,8999
Rep79100,C21736,PR6625,532,15785,Palau,9000
Rep79101,C21736,PR6625,362,7895,France,9001
Rep79102,C21736,PR6625,111,1480,Uzbekistan,9002
Rep79103,C21736,PR6625,140,2605,Sierra Leone,9003
Rep79104,C22124,PR6696,1482,10335,Norway,9004
Rep79105,C22124,PR6625,100,1085,Chad,9005
Rep79106,C22124,PR6696,1482,10335,Mozambique,9006
Rep79107,C22124,PR6696,6144,29930,Zambia,9007
Rep79108,C22124,PR6696,1482,10335,Montenegro,9008
Rep79109,C22124,PR6702,115,1270,Liberia,9009
Rep79110,C21749,PR6650,3766,51160,Democratic Republic of the Congo,9010
Rep79111,C21749,PR6650,116,1280,Swaziland,9011
Rep79112,C21749,PR6650,108,1140,Finland,9012
Rep79113,C21749,PR6650,103,51160,Brunei,9013
Rep79114,C21749,PR6650,3766,51160,Qatar,9014
Rep79115,C21749,PR6650,816,10950,Libya,9015
Rep79116,C21749,PR6650,598,7815,The Bahamas,9016
Rep79117,C21749,PR6650,2446,34945,Kenya,9017
Rep79118,C21749,PR6650,997,13545,The Gambia,9018
Rep79119,C21749,PR6650,3766,51160,Andorra,9019
Rep79120,C21764,PR6690,48777,138945,Spain,9020
Rep79121,C21764,PR6690,25105,71925,Spain,9021
Rep79122,C21768,PR6695,2738,12695,Republic of the Congo,9022
Rep79123,C21768,PR6695,2786,9850,Slovenia,9023
Rep79124,C21768,PR6695,2592,10445,Belize,9024
Rep79125,C21768,PR6695,2379,8510,Belize,9025
Rep79126,C21768,PR6695,2252,8265,Spain,9026
Rep79127,C21768,PR6695,3277,16700,Albania,9027
Rep79128,C21768,PR6695,3336,11305,Iran,9028
Rep79129,C21768,PR6695,1496,5845,Liechtenstein,9029
Rep79130,C21768,PR6695,792,3965,Vatican City,9030
Rep79131,C21768,PR6695,985,5370,Brunei,9031
Rep79132,C21768,PR6695,1787,7065,Cote d'Ivoire,9032
Rep79133,C21768,PR6695,3220,12305,Lithuania,9033
Rep79134,C21768,PR6695,1949,8465,Kuwait,9034
Rep79135,C21768,PR6695,1910,8750,Thailand,9035
Rep79136,C21768,PR6695,2257,10540,Honduras,9036
Rep79137,C21768,PR6695,1151,4580,Solomon Islands,9037
Rep79138,C21768,PR6695,3117,12730,Australia,9038
Rep79139,C21768,PR6695,2763,10135,Cambodia,9039
Rep79140,C21768,PR6695,1251,5235,Yemen,9040
Rep79141,C21768,PR6695,1523,6720,Mexico,9041
Rep79142,C21768,PR6695,1850,7975,Philippines,9042
Rep79143,C21768,PR6695,1272,5980,Nepal,9043
Rep79144,C21768,PR6695,1802,7120,Maldives,9044
Rep79145,C21768,PR6695,921,3860,Serbia,9045
Rep79146,C21768,PR6695,507,2500,Uzbekistan,9046
Rep79147,C21768,PR6695,1878,7940,The Gambia,9047
Rep79148,C21768,PR6695,2068,8130,Poland,9048
Rep79149,C21768,PR6695,1966,10220,Pakistan,9049
Rep79150,C21768,PR6695,1833,6665,Norway,9050
Rep79151,C21768,PR6695,1791,7130,Malta,9051
Rep79152,C21768,PR6695,2032,10470,Malawi,9052
Rep79153,C21768,PR6695,1821,7000,Azerbaijan,9053
Rep79154,C21768,PR6695,2128,11020,Montenegro,9054
Rep79155,C21768,PR6695,1651,6790,Serbia,9055
Rep79156,C21768,PR6695,2081,8600,Canada,9056
Rep79157,C21781,PR6702,8416,56760,Chad,9057
Rep79158,C21781,PR6701,1656,10360,Switzerland,9058
Rep79159,C21781,PR6701,13253,76765,Germany,9059
Rep79160,C21781,PR6697,1496,20015,Kazakhstan,9060
Rep79161,C21781,PR6702,4787,29685,Turkey,9061
Rep79162,C21781,PR6701,8433,50500,Laos,9062
Rep79163,C21781,PR6702,8416,56760,Netherlands,9063
Rep79164,C21781,PR6701,8433,49750,Gabon,9064
Rep79165,C21781,PR6697,338,3685,Qatar,9065
Rep79166,C21781,PR6697,1496,20015,United Kingdom,9066
Rep79167,C21781,PR6701,8433,50500,Azerbaijan,9067
Rep79168,C21781,PR6696,4636,24270,South Korea,9068
Rep79169,C21781,PR6702,1845,22365,India,9069
Rep79170,C21781,PR6697,178,1885,Andorra,9070
Rep79171,C21781,PR6702,8416,56760,Tanzania,9071
Rep79172,C21781,PR6702,8416,54890,Greece,9072
Rep79173,C21781,PR6695,1455,16295,South Korea,9073
Rep79174,C21781,PR6697,312,3480,Equatorial Guinea,9074
Rep79175,C21781,PR6697,4283,54155,Laos,9075
Rep79176,C21781,PR6697,1496,20015,Maldives,9076
Rep79177,C21781,PR6701,108,50500,Democratic Republic of the Congo,9077
Rep79178,C21781,PR6702,8416,56760,Croatia,9078
Rep79179,C21781,PR6702,9423,63515,Maldives,9079
Rep79180,C21771,PR6703,1236,8135,Haiti,9080
Rep79181,C21771,PR6696,1483,8025,Moldova ,9081
Rep79182,C21771,PR6696,2786,16425,Lithuania,9082
Rep79183,C21771,PR6703,2886,34605,Denmark,9083
Rep79184,C21771,PR6703,741,8795,Hungary,9084
Rep79185,C21771,PR6696,3610,24220,Dominica,9085
Rep79186,C21771,PR6696,2857,15005,Moldova ,9086
Rep79187,C21771,PR6696,2253,15350,Syria,9087
Rep79188,C21771,PR6696,1483,8025,The Gambia,9088
Rep79189,C21771,PR6696,592,2995,Grenada,9089
Rep79190,C21771,PR6696,3838,15470,Lesotho,9090
Rep79191,C21771,PR6703,6709,82490,Morocco,9091
Rep79192,C21771,PR6696,2253,15350,Iraq,9092
Rep79193,C21771,PR6696,4591,18380,South Sudan,9093
Rep79194,C21771,PR6696,2324,12295,South Sudan,9094
Rep79195,C21771,PR6697,2504,10305,Saint Lucia,9095
Rep79196,C21771,PR6703,7561,90445,Kazakhstan,9096
Rep79197,C21771,PR6696,3448,42290,Mauritius ,9097
Rep79198,C21771,PR6696,2253,15350,Sri Lanka,9098
Rep79199,C21771,PR6696,3843,47165,Federated States of Micronesia,9099
Rep79200,C21771,PR6703,1455,9810,Gabon,9100
Rep79201,C21771,PR6696,1482,8025,Nigeria,9101
Rep79202,C21771,PR6696,2476,12645,Togo,9102
Rep79203,C21771,PR6696,1256,6865,Canada,9103
Rep79204,C21771,PR6696,3838,15470,Democratic Republic of the Congo,9104
Rep79205,C21771,PR6703,6300,76940,Estonia,9105
Rep79206,C21771,PR6696,1483,8025,Saint Lucia,9106
Rep79207,C21771,PR6696,3838,15470,Malawi,9107
Rep79208,C21771,PR6703,1543,15880,France,9108
Rep79209,C21771,PR6696,1312,5910,Democratic Republic of the Congo,9109
Rep79210,C21771,PR6703,6709,82490,Gabon,9110
Rep79211,C21771,PR6703,6709,82490,Azerbaijan,9111
Rep79212,C21771,PR6696,3521,23595,Japan,9112
Rep79213,C21782,PR6697,4613,26795,Liechtenstein,9113
Rep79214,C21782,PR6702,7433,48560,Panama,9114
Rep79215,C21782,PR6701,290,5725,Bhutan,9115
Rep79216,C21782,PR6702,4007,18405,Libya,9116
Rep79217,C21782,PR6697,4613,26795,Kenya,9117
Rep79218,C21782,PR6697,8319,45755,Cameroon,9118
Rep79219,C21782,PR6703,3323,23780,Ghana,9119
Rep79220,C21782,PR6701,4019,25965,Tunisia ,9120
Rep79221,C21782,PR6697,9146,52700,Yemen,9121
Rep79222,C21782,PR6702,5683,37075,Cyprus,9122
Rep79223,C21782,PR6697,8253,46195,Namibia,9123
Rep79224,C21787,PR6699,5867,35475,Cuba,9124
Rep79225,C21787,PR6702,7485,50375,United Arab Emirates,9125
Rep79226,C21787,PR6702,1418,9775,Federated States of Micronesia,9126
Rep79227,C21787,PR6701,2383,16220,Guatemala,9127
Rep79228,C21787,PR6702,3335,23225,Grenada,9128
Rep79229,C21787,PR6702,7779,48580,Iran,9129
Rep79230,C21787,PR6702,6208,39240,Papua New Guinea,9130
Rep79231,C21787,PR6697,530,3225,Switzerland,9131
Rep79232,C22036,PR6703,6776,112425,Democratic Republic of the Congo,9132
Rep79233,C22036,PR6703,8548,144470,Luxembourg,9133
Rep79234,C22036,PR6703,500,7195,Liberia,9134
Rep79235,C22036,PR6704,138,1665,Kiribati,9135
,,,,,,9136
,,,,,,9137
,,,,,,9138
,,,,,,9139
,,,,,,9140
,,,,,,9141
,,,,,,9142
,,,,,,9143
,,,,,,9144
,,,,,,9145
,,,,,,9146
,,,,,,9147
,,,,,,9148
,,,,,,9149
,,,,,,9150
,,,,,,9151
,,,,,,9152
,,,,,,9153
,,,,,,9154
,,,,,,9155
,,,,,,9156
,,,,,,9157
,,,,,,9158
,,,,,,9159
,,,,,,9160
,,,,,,9161
,,,,,,9162
,,,,,,9163
,,,,,,9164
,,,,,,9165
,,,,,,9166
,,,,,,9167
,,,,,,9168
,,,,,,9169
,,,,,,9170
,,,,,,9171
,,,,,,9172
,,,,,,9173
,,,,,,9174
,,,,,,9175
,,,,,,9176
,,,,,,9177
,,,,,,9178
,,,,,,9179
,,,,,,9180
,,,,,,9181
,,,,,,9182
,,,,,,9183
,,,,,,9184
,,,,,,9185
,,,,,,9186
,,,,,,9187
,,,,,,9188
,,,,,,9189
,,,,,,9190
,,,,,,9191
,,,,,,9192
,,,,,,9193
,,,,,,9194
,,,,,,9195
,,,,,,9196
,,,,,,9197
,,,,,,9198
,,,,,,9199
,,,,,,9200
,,,,,,9201
,,,,,,9202
,,,,,,9203
,,,,,,9204
,,,,,,9205
,,,,,,9206
,,,,,,9207
,,,,,,9208
,,,,,,9209
,,,,,,9210
,,,,,,9211
,,,,,,9212
,,,,,,9213
,,,,,,9214
,,,,,,9215
,,,,,,9216
,,,,,,9217
,,,,,,9218
,,,,,,9219
,,,,,,9220
,,,,,,9221
,,,,,,9222
,,,,,,9223
,,,,,,9224
,,,,,,9225
,,,,,,9226
,,,,,,9227
,,,,,,9228
,,,,,,9229
,,,,,,9230
,,,,,,9231
,,,,,,9232
,,,,,,9233
,,,,,,9234
,,,,,,9235
,,,,,,9236
,,,,,,9237
,,,,,,9238
,,,,,,9239
,,,,,,9240
,,,,,,9241
,,,,,,9242
,,,,,,9243
,,,,,,9244
,,,,,,9245
,,,,,,9246
,,,,,,9247
,,,,,,9248
,,,,,,9249
,,,,,,9250
,,,,,,9251
,,,,,,9252
,,,,,,9253
,,,,,,9254
,,,,,,9255
,,,,,,9256
,,,,,,9257
,,,,,,9258
,,,,,,9259
,,,,,,9260
,,,,,,9261
,,,,,,9262
,,,,,,9263
,,,,,,9264
,,,,,,9265
,,,,,,9266
,,,,,,9267
,,,,,,9268
,,,,,,9269
,,,,,,9270
,,,,,,9271
,,,,,,9272
,,,,,,9273
,,,,,,9274
,,,,,,9275
,,,,,,9276
,,,,,,9277
,,,,,,9278
,,,,,,9279
,,,,,,9280
,,,,,,9281
,,,,,,9282
,,,,,,9283
,,,,,,9284
,,,,,,9285
,,,,,,9286
,,,,,,9287
,,,,,,9288
,,,,,,9289
,,,,,,9290
,,,,,,9291
,,,,,,9292
,,,,,,9293
,,,,,,9294
,,,,,,9295
,,,,,,9296
,,,,,,9297
,,,,,,9298
,,,,,,9299
,,,,,,9300
,,,,,,9301
,,,,,,9302
,,,,,,9303
,,,,,,9304
,,,,,,9305
,,,,,,9306
,,,,,,9307
,,,,,,9308
,,,,,,9309
,,,,,,9310
,,,,,,9311
,,,,,,9312
,,,,,,9313
,,,,,,9314
,,,,,,9315
,,,,,,9316
,,,,,,9317
,,,,,,9318
,,,,,,9319
,,,,,,9320
,,,,,,9321
,,,,,,9322
,,,,,,9323
,,,,,,9324
,,,,,,9325
,,,,,,9326
,,,,,,9327
,,,,,,9328
,,,,,,9329
,,,,,,9330
,,,,,,9331
,,,,,,9332
,,,,,,9333
,,,,,,9334
,,,,,,9335
,,,,,,9336
,,,,,,9337
,,,,,,9338
,,,,,,9339
,,,,,,9340
,,,,,,9341
,,,,,,9342
,,,,,,9343
,,,,,,9344
,,,,,,9345
,,,,,,9346
,,,,,,9347
,,,,,,9348
,,,,,,9349
,,,,,,9350
,,,,,,9351
,,,,,,9352
,,,,,,9353
,,,,,,9354
,,,,,,9355
,,,,,,9356
,,,,,,9357
,,,,,,9358
,,,,,,9359
,,,,,,9360
,,,,,,9361
,,,,,,9362
,,,,,,9363
,,,,,,9364
,,,,,,9365
,,,,,,9366
,,,,,,9367
,,,,,,9368
,,,,,,9369
,,,,,,9370
,,,,,,9371
,,,,,,9372
,,,,,,9373
,,,,,,9374
,,,,,,9375
,,,,,,9376
,,,,,,9377
,,,,,,9378
,,,,,,9379
,,,,,,9380
,,,,,,9381
,,,,,,9382
,,,,,,9383
,,,,,,9384
,,,,,,9385
,,,,,,9386
,,,,,,9387
,,,,,,9388
,,,,,,9389
,,,,,,9390
,,,,,,9391
,,,,,,9392
,,,,,,9393
,,,,,,9394
,,,,,,9395
,,,,,,9396
,,,,,,9397
,,,,,,9398
,,,,,,9399
,,,,,,9400
,,,,,,9401
,,,,,,9402
,,,,,,9403
,,,,,,9404
,,,,,,9405
,,,,,,9406
,,,,,,9407
,,,,,,9408
,,,,,,9409
,,,,,,9410
,,,,,,9411
,,,,,,9412
,,,,,,9413
,,,,,,9414
,,,,,,9415
,,,,,,9416
,,,,,,9417
,,,,,,9418
,,,,,,9419
,,,,,,9420
,,,,,,9421
,,,,,,9422
,,,,,,9423
,,,,,,9424
,,,,,,9425
,,,,,,9426
,,,,,,9427
,,,,,,9428
,,,,,,9429
,,,,,,9430
,,,,,,9431
,,,,,,9432
,,,,,,9433
,,,,,,9434
,,,,,,9435
,,,,,,9436
,,,,,,9437
,,,,,,9438
,,,,,,9439
,,,,,,9440
,,,,,,9441
,,,,,,9442
,,,,,,9443
